id	seg	age	sex	occupation	province	district	tags	summary
A0001	A	33	여자	경리 사무원	인천	인천-연수구	#고디지털 #직장인	황혜란 씨는 인천 연수구의 가구 제조 기업 경리로 근무하며, 성실한 실무 능력과 정갈한 취향으로 안정적인 일상을 가꾸어 나가는…
A0002	A	31	남자	강구조물 가공원	경상북	경상북-영주시	#직장인	김준수 씨는 경북 영주에서 정밀한 철강 가공 일을 하며 성시경의 노래와 홈메이드 파스타, 그리고 가족과의 맛집 탐방으로 소박하…
A0003	A	27	남자	무직	경기	경기-파주시	#비경제활동 #테크회의론	이태훈 씨는 파주에서 3세대가 함께 사는 집의 막내로, 정해진 규칙이 있는 안정적인 삶을 갈망하며 e스포츠 분석과 피부 관리에…
A0004	A	26	남자	무직	서울	서울-마포구	#비경제활동	박현식 씨는 마포구에 거주하는 26세 무직자로, 보수적인 가족 환경 속에서 자신만의 디지털 취향과 실용적인 가치관을 지키며 안…
A0005	A	22	남자	무직	서울	서울-송파구	#고디지털 #비경제활동	김재성 씨는 실용적인 영상 편집 기술을 가진 송파구 거주 취준생으로, LCK 시청과 맛집 탐방을 즐기지만 건강 관리가 시급한 …
A0006	A	38	여자	그 외 화학제품 생산기 조작원	울산	울산-동구	#직장인 #테크회의론	김수진 씨는 울산의 의약품 공장에서 원칙을 준수하며 성실하게 근무하고, 정적인 휴식과 소소한 혼자만의 시간을 소중히 여기는 3…
A0007	A	23	남자	무직	경기	경기-부천시 소사구	#비경제활동	최도성 씨는 부천에 거주하며 실무 기술을 통한 자립을 꿈꾸는, 꼼꼼한 성격의 23세 식도락가입니다.
A0008	A	22	남자	전직 양식 조리사, 현재 구직중	서울	서울-송파구	#비경제활동	김찬민 씨는 정교한 양식 조리 기술을 가진 22세 구직자로, 송파구에서 홀로 지내며 정적인 휴식과 요리에 대한 자신만의 기준을…
A0009	A	38	여자	무직	경기	경기-안양시 만안구	#가격깐깐 #고디지털 #비경제활동	원상희 씨는 꼼꼼한 업무 처리 능력과 강한 독립심을 가졌으며, 현재는 소박한 취미 생활과 외식을 즐기며 재취업을 준비하는 30…
A0010	A	33	남자	일반 경찰관 및 수사관	세종	세종-세종시	#직장인	최동현 씨는 공학적 식견을 갖춘 세종시의 경찰관으로, 안정적인 주거 기반 위에서 전자기기와 카페 탐방이라는 소소한 취미를 통해…
A0011	A	35	여자	해외 영업원	부산	부산-기장군	#직장인	김은정 씨는 인문학적 소양을 해외 영업에 접목한 전문성과 미식에 대한 집착, 그리고 홀로 지내는 고요한 삶이 공존하는 30대 …
A0012	A	24	남자	무직	대전	대전-유성구	#비경제활동	정재윤 씨는 정밀한 설계 능력을 갖췄지만 취업 준비의 불안함과 건강 관리라는 숙제를 안고 살아가는 대전 유성구의 24세 공학도…
A0013	A	21	여자	전직 일반 비서, 현재 구직중	서울	서울-동대문구	#비경제활동	최수민 씨는 동대문구에 거주하며 정교한 업무 능력과 느긋한 생활 태도가 공존하는, 예술적 감수성을 지닌 21세 구직자입니다.
A0014	A	24	남자	치과위생사	경기	경기-부천시 오정구	#직장인	길태환 씨는 부천에서 근무하는 유능한 치과위생사로, 맛집 탐방과 게임을 즐기며 독립을 꿈꾸는 현실적인 20대 청년입니다.
A0015	A	33	여자	육군 부사관	대전	대전-유성구	#직장인	김소희 씨는 유성구의 자가 아파트에서 친구들과 거주하며, 군의 절도 있는 책임감과 30대의 트렌디한 여유 사이에서 균형을 잡고…
A0016	A	24	남자	상·하수 배관공	서울	서울-중랑구	#직장인	조세현 씨는 공학적 지식과 현장의 거친 실무를 결합해 누수 지점을 정확히 짚어내는, 자유로운 영혼의 20대 배관 전문가입니다.
A0017	A	20	남자	전기 관련 관리자	충청남	충청남-천안시 동남구	#직장인	김정록 씨는 전기 관리자로서의 냉철한 전문성과 소품 수집가의 예술적 감성을 동시에 지닌, 건강 관리가 시급한 20세 청년입니다…
A0018	A	33	여자	음식 서비스 종사원	제주	제주-제주시	#직장인	이다연 씨는 제주시에서 식당 일을 하며 당뇨 관리와 평온한 일상 사이의 균형을 찾아가려 노력하는 33세 여성입니다.
A0019	A	20	남자	경영 기획 사무원	경기	경기-의정부시	#고디지털 #직장인	유주현 씨는 의정부 인쇄소에서 근무하는 20세 사무원으로, 실용적인 삶의 태도와 Z세대 특유의 디지털 소통 방식을 가진 성실하…
A0020	A	28	여자	철도운송 관련 종사원	전북	전북-전주시 완산구	#직장인	최은재 씨는 전주에서 철도 운송 실무자로 일하며 꼼꼼한 성격과 디저트 취향, 건강 관리에 대한 고민을 동시에 가진 20대 후반…
A0021	A	22	여자	마케팅 전문가	경기	경기-군포시	#고디지털 #직장인	이지현 씨는 교육 마케팅 분야에서 탁월한 성과를 내며 고소득을 올리는 22세 사회초년생으로, 화려한 사회적 모습 뒤에 예민함과…
A0022	A	32	남자	경영 기획 사무원	광주	광주-광산구	#고디지털 #직장인 #테크회의론	조동준 씨는 광주 금속가공업계의 효율적인 기획자이자, 가족과 동료 사이의 조화를 중시하며 시티팝과 휴양지에서의 쉼을 통해 내면…
A0023	A	23	남자	하역 및 적재 관련 단순 종사원	서울	서울-강서구	#직장인	김지민 씨는 강서구 물류 현장에서 성실하게 일하며 부모님과 함께 안정을 꿈꾸는, 배려심 깊고 소박한 23세 청년입니다.
A0024	A	33	남자	산업 안전원	서울	서울-강남구	#약관정독 #직장인	라지훈 씨는 높은 학력과 전문성을 갖췄음에도 불구하고 불안정한 수입과 계약직이라는 현실의 벽 앞에서 고군분투하는 30대 산업 …
A0025	A	20	여자	일반 간호사	경기	경기-안산시 상록구	#직장인	김고원 씨는 안산에서 어머니와 함께 살며 환자들에게 다정한 미소를 건네는 신입 간호사이자, 소금빵과 산책을 사랑하는 20대 청…
A0026	A	32	남자	철도운송 관련 종사원	서울	서울-노원구	#직장인	최형록 씨는 노원구에 거주하며 철도 운송 분야에서 성실하게 근무하는 32세 남성으로, 유연한 성격과 가족 중심적인 가치관을 가…
A0027	A	33	남자	그 외 법률 관련 사무원	대구	대구-남구	#고디지털 #직장인	이정기 씨는 기술적 전문성을 갖춘 법률 사무원으로, 대구 남구에서 자가를 보유한 채 건강 관리와 개인적 고독 사이에서 균형을 …
A0028	A	28	여자	국가행정 사무원	경기	경기-안양시 만안구	#고디지털 #직장인 #테크회의론	박정아 씨는 공학적 논리로 행정 업무를 효율화하는 공무원이자, 안양천의 활기와 내 방의 아늑함 사이에서 균형을 잡으며 나만의 …
A0029	A	29	남자	전자계측 제어 기술자 및 연구원	경기	경기-화성시	#직장인	최성윤 씨는 인문학적 감성과 정밀 기술력을 동시에 갖춘 화성시의 20대 연구원으로, 대가족의 온기와 예술적 취향 속에서 살아가…
A0030	A	25	남자	영업 관리 사무원	경기	경기-남양주시	#고디지털 #직장인	변예찬 씨는 수학적 논리력과 세심한 감수성을 동시에 지닌 20대 영업 관리자로, 배우자와의 소박한 행복과 전문 MD라는 커리어…
A0031	A	21	남자	통신장비 기사	경기	경기-수원시 장안구	#직장인	조종현 씨는 수원에서 활동하는 실무 중심의 통신장비 기사로, 운동과 게임을 즐기며 현실적인 성장을 꿈꾸는 21세 청년입니다.
A0032	A	20	여자	사무 보조원	부산	부산-금정구	#고디지털 #직장인	최지영 씨는 부산 금정구에서 사무 보조로 일하며 독립을 꿈꾸는 20세 청년으로, 정서적 예민함과 유연한 성격을 동시에 지닌 채…
A0033	A	24	남자	일식 조리사	경기	경기-파주시	#직장인	박혜창 씨는 건강 관리라는 숙제를 안고 있지만, 섬세한 손끝 기술과 뚜렷한 주관으로 자신만의 오마카세 제국을 꿈꾸는 24세의 …
A0034	A	31	여자	텔레마케터	서울	서울-서대문구	#직장인	권윤주 씨는 타인의 감정을 세심하게 보살피는 금융업 종사자이자, 식물과 사진을 통해 고독한 휴식을 즐기며 심리 상담사의 꿈을 …
A0035	A	29	여자	보육 관련 시설 서비스 종사원	충청남	충청남-금산군	#직장인 #테크회의론	이예지 씨는 꼼꼼한 보육 전문가이자 식도락을 즐기는 20대 후반의 여성으로, 철저한 자기관리와 충동적인 생활 습관이 공존하는 …
A0036	A	23	여자	전직 보육교사, 현재 구직중	인천	인천-부평구	#비경제활동 #저디지털	한가은 씨는 부평의 활기찬 시장통 분위기 속에서 자라난 사교적인 전직 보육교사로, 이른 결혼 생활의 안정감과 소소한 취향을 쫓…
A0037	A	37	남자	그 외 정보 통신기기 설치 및 수리원	경상남	경상남-창원시 의창구	#고디지털 #직장인	백현준 씨는 창원에서 네트워크 수리공으로 일하며 가족을 부양하는 성실한 가장이자, 소박한 자연과 소주 한 잔의 여유를 아는 3…
A0038	A	31	여자	환경 검사원	서울	서울-광진구	#직장인	문지안 씨는 서울 광진구에서 부모님과 거주하며 환경 검사원으로 성실하게 근무하는 31세 여성으로, 안정적인 일상과 소소한 취향…
A0039	A	20	여자	치과위생사	서울	서울-노원구	#직장인	박유겸 씨는 노원구에 거주하며 안정적인 직장 생활과 트렌디한 취향 사이에서 균형을 찾는 20대 초반의 치과위생사입니다.
A0040	A	31	남자	그 외 일반 영업원	서울	서울-서초구	#저디지털 #직장인	고민형 씨는 서초구에서 활동하는 실전 경험 중심의 금융 영업인으로, 사람을 끄는 유연함과 건강 관리의 소홀함이 공존하는 31세…
A0041	A	34	남자	기업 고위 임원	서울	서울-영등포구	#직장인 #테크회의론	강수산 씨는 영등포구 오피스텔에 거주하며 전문직 임원으로 일하는 30대 남성으로, 논리적인 업무 능력과 섬세한 감수성 사이에서…
A0042	A	33	남자	총무 사무원	세종	세종-세종시	#고디지털 #직장인	조동원 씨는 세종시 보험사에서 일하며 꼼꼼한 업무 처리와 유연한 대인 관계 능력을 갖췄지만, 내면에는 무기력함과 미래에 대한 …
A0043	A	35	여자	화장품 판매원	부산	부산-북구	#고디지털 #직장인	서경미 씨는 부산에서 화장품을 판매하며 예술적 갈증을 독립 영화와 원예로 달래는, 다정함과 예민함을 동시에 지닌 30대 여성입…
A0044	A	28	남자	자재 관리 사무원	전라남	전라남-나주시	#고디지털 #직장인 #테크회의론	서영규 씨는 나주 농업 현장의 효율화를 꿈꾸는 공학도 출신의 자재 관리원으로, 식도락과 최신 기기에 진심인 20대 청년입니다.
A0045	A	29	남자	네트워크 시스템 개발자	인천	인천-부평구	#고디지털 #직장인	정준규 씨는 부평에서 성장해 실무 역량을 쌓은 네트워크 개발자로, 노포 맛집 탐방과 스포츠 영상 시청을 즐기며 건강 관리보다는…
A0046	A	30	여자	변리사	서울	서울-영등포구	#고디지털 #직장인 #테크회의론	이경민 씨는 ICT 전문성을 갖춘 변리사로서 치열한 서울의 삶을 살아가면서도, 배드민턴과 캠핑이라는 동적인 취미로 삶의 활력을…
A0047	A	27	남자	관세행정 사무원	경기	경기-오산시	#직장인	현현세 씨는 실용적인 가치를 쫓아 관세 행정 분야에서 커리어를 쌓으며, 예술적 감성과 인간관계의 즐거움을 동시에 추구하는 27…
A0048	A	23	여자	사무 보조원	경기	경기-시흥시	#가격깐깐 #고디지털 #직장인	정영주 씨는 시흥에서 홀로서기를 하며 금융권 사무직으로 성실하게 커리어를 쌓아가는, 절제된 생활 습관과 확고한 취향을 가진 2…
A0049	A	30	여자	행사 및 홍보 도우미	제주	제주-제주시	#직장인 #테크회의론	김유안 씨는 제주 구제주의 자가 주택에서 홀로 거주하며 행사 보조 업무와 비즈 공예, 유적지 여행을 통해 정적인 안정감을 추구…
A0050	A	31	여자	총무 및 인사 관리자	서울	서울-동대문구	#고디지털 #직장인	최수인 씨는 동대문구에 거주하며 소매업 인사 관리를 담당하는 31세 직장인으로, 인문학적 취향과 효율적인 업무 처리 사이에서 …
A0051	A	20	여자	상담 전문가	부산	부산-동래구	#직장인	김민지 씨는 타인의 아픔을 깊이 공감하는 따뜻한 상담가이자, 유행과 휴식 사이에서 자신만의 정서적 균형을 찾아가는 스무 살의 …
A0052	A	30	남자	국가행정 사무원	경기	경기-시흥시	#직장인 #테크회의론	이준서 씨는 공학적 효율성을 갖춘 시흥시의 국가행정 사무원으로, 정돈된 일상 속에서 반려견과의 산책과 미식, 해외여행으로 삶의…
A0053	A	24	남자	양식 조리사	경기	경기-용인시 기흥구	#고디지털 #직장인	박태겸 씨는 법학의 논리성과 조리사의 예술성을 동시에 갖춘 24세 청년으로, 기흥에서 자신의 작은 비스트로를 꿈꾸며 묵묵히 실…
A0054	A	39	여자	건물 청소원	서울	서울-관악구	#직장인	신의교 씨는 관악구에서 건물 청소 전문가로 일하며 자가 주택을 보유한, 소탈하고 정이 많은 30대 후반의 여성입니다.
A0055	A	20	여자	공공행정 전문가	서울	서울-관악구	#직장인	박세린 씨는 관악구 신림동의 정서와 성수동의 트렌드를 동시에 품은 채, 공공행정의 효율성을 추구하며 알찬 삶을 꿈꾸는 20세 …
A0056	A	22	남자	전직 금속 열처리로 조작원, 현재 구직중	경상북	경상북-구미시	#비경제활동 #저디지털	안동혁 씨는 금속 열처리 분야의 숙련도를 갖춘 구미의 22세 청년으로, 다정한 성격과 꼼꼼한 일 처리 능력을 갖췄으나 현재는 …
A0057	A	23	여자	전직 국가행정 사무원, 현재 구직중	경기	경기-가평군	#고디지털 #비경제활동	오채원 씨는 수학적 분석력과 행정 실무 능력을 겸비한 구직자로, 가평의 자연 속에서 3세대 가족과 함께하며 소소한 취미와 사회…
A0058	A	38	남자	생산관리 사무원	인천	인천-계양구	#고디지털 #직장인	최정규 씨는 안정적인 직장과 가정 환경 속에서 정적인 취미와 내밀한 불안을 동시에 안고 살아가는 30대 후반의 생산관리직 남성…
A0059	A	31	남자	상품 기획자	경기	경기-안산시 상록구	#저디지털 #직장인	박민진 씨는 안산에 거주하며 교육 콘텐츠를 기획하는 31세 남성으로, 실용적인 삶의 태도와 개인적인 취향 사이의 균형을 찾는 …
A0060	A	30	남자	운송장비 청소원	서울	서울-서대문구	#직장인 #테크회의론	강동주 씨는 서대문구에서 수입차 디테일링 전문가로 일하며, 정교한 기술적 성취와 소박한 개인적 취향 사이에서 균형을 찾아가는 …
A0061	A	36	남자	경리 사무원	경기	경기-수원시 장안구	#고디지털 #직장인	박범진 씨는 꼼꼼한 경리 업무 능력과 섬세한 예술적 감수성을 동시에 지녔으며, 이혼 후 자신만의 공간을 가꾸며 내면의 안정을 …
A0062	A	35	남자	마케팅 전문가	경기	경기-성남시 수정구	#고디지털 #직장인 #테크회의론	한진주 씨는 인문학적 통찰을 마케팅에 녹여내는 능력 있는 전문가이자, 아버지와의 정적인 일상과 건강 관리를 통해 삶의 균형을 …
A0063	A	30	여자	특수 경비원	제주	제주-제주시	#고디지털 #보안민감 #직장인	우상영 씨는 철저한 자기관리와 현실적인 감각을 갖춘 특수 경비원이자, 3세대 가구의 중심을 잡는 사려 깊은 살림꾼입니다.
A0064	A	36	남자	전직 출납 창구 사무원, 현재 구직중	충청남	충청남-천안시 서북구	#비경제활동 #테크회의론	이나우엘 씨는 금융권의 정중함을 몸에 익힌 전직 사무원이었으나, 현재는 별거와 실직이라는 상실감 속에서 스포츠 배팅과 게임, …
A0065	A	30	남자	상품 기획자	서울	서울-은평구	#직장인	이도영 씨는 은평구 자가 주택에 거주하며 세밀한 감각으로 가죽 제품을 기획하는, 외유내강형의 30대 직장인입니다.
A0066	A	27	여자	그 외 교육 전문가	강원	강원-춘천시	#고디지털 #직장인	박미경 씨는 춘천에서 디지털 콘텐츠를 가르치며 심미적 취향과 경제적 안정을 동시에 추구하는, 여유로우면서도 야심 있는 20대 …
A0067	A	30	남자	전직 단말기 및 통신 서비스 판매원, 현재 구직중	경기	경기-남양주시	#비경제활동	김동근 씨는 남양주에서 나고 자란 사교성 만렙의 전직 통신 판매원으로, 고혈압과 복부 비만이라는 건강 숙제를 안고 식도락 여행…
A0068	A	23	여자	음료 서비스 종사원	제주	제주-제주시	#고디지털 #직장인 #창업준비	고지유 씨는 경영학적 역량과 도시적 감각을 갖춘 23세 서비스직 종사자로, 제주에서의 독립 생활 속에서 자신만의 취향을 기록하…
A0069	A	37	남자	교육 및 훈련 사무원	서울	서울-노원구	#직장인	신하민 씨는 인문학적 감성과 사교성을 갖춘 교육 행정 전문가로, 고중량 운동과 역사 여행을 통해 일상의 균형을 찾는 30대 미…
A0070	A	24	남자	그 외 기능 관련 종사원	대전	대전-중구	#직장인	유동균 씨는 대전의 담배 공장에서 일하는 꼼꼼한 기술자이자, 예술적 감수성과 깊은 가족애를 동시에 지닌 20대 청년입니다.
A0071	A	19	남자	사무 보조원	경기	경기-고양시 덕양구	#고디지털 #직장인	최영우 씨는 기계 제조업체의 사무 보조원으로 일하며 현실의 단조로움과 예술적 이상 사이에서 균형을 찾아가는 열아홉 살 청년입니…
A0072	A	31	남자	지게차 운전원	경기	경기-수원시 권선구	#직장인	유영우 씨는 수원 공단에서 숙련된 지게차 운전원으로 일하며, 사람 좋은 성격과 실용적인 태도로 살아가는 31세 남성입니다.
A0073	A	27	여자	지방행정 사무원	충청남	충청남-서천군	#고디지털 #직장인 #테크회의론	김송이 씨는 서천군청의 유능한 행정 사무원이자, 식물 가꾸기와 역사 탐방을 즐기며 가족과 조화롭게 살아가는 20대 후반의 실용…
A0074	A	24	여자	경리 사무원	경기	경기-수원시 팔달구	#고디지털 #직장인	최수현 씨는 꼼꼼한 업무 능력과 예민한 감수성을 동시에 지닌 채, 더 나은 처우의 중견기업 재무팀 이직을 꿈꾸며 전산세무회계 …
A0075	A	34	남자	정보 시스템 운영자	서울	서울-양천구	#직장인	강윤형 씨는 서울 양천구에 거주하며 교육 플랫폼 서버를 운영하는 30대 중반의 기술자로, 부모님과의 안정적인 동거 생활과 함께…
A0076	A	32	여자	한식 조리사	서울	서울-서초구	#직장인	용혜인 씨는 서초구의 한식 조리사로, 성실한 직장 생활과 소박한 일상 사이에서 균형을 잡으며 자신만의 작은 디저트 가게라는 꿈…
A0077	A	27	여자	일반 비서	경기	경기-의정부시	#고디지털 #직장인	김정민 씨는 의정부에서 근무하는 꼼꼼한 비서이자 인문학적 감성을 지닌 아내로, 체계적인 자기관리와 타인에 대한 배려 사이에서 …
A0078	A	31	남자	경영 기획 사무원	광주	광주-서구	#고디지털 #직장인	김용 씨는 광주의 안정적인 직장 생활과 자가 마련이라는 성취를 이뤘으며, 소박한 식도락과 정적인 휴식을 통해 일상의 조화를 찾…
A0079	A	29	여자	일반 비서	서울	서울-영등포구	#고디지털 #약관정독 #직장인 #테크회의론	김한아름 씨는 여의도에서 비서로 일하며 도시적인 세련됨과 소박한 취향 사이의 균형을 찾아가는 29세 직장인입니다.
A0080	A	29	남자	전기 용접원	전북	전북-익산시	#고디지털 #직장인 #테크회의론	김성훈 씨는 익산의 공단에서 용접공으로 일하며 건담 조립과 웹툰으로 소소한 행복을 찾는, 무던하면서도 내면의 정체감에 고민이 …
A0081	A	21	남자	전직 일반 비서, 현재 구직중	경상북	경상북-구미시	#고디지털 #비경제활동 #테크회의론	임경인 씨는 구미에서 비서 실무를 익힌 후 안정적인 사무직을 꿈꾸는 21세 청년으로, 볼링과 K리그 시청, 블로그 기록을 통해…
A0082	A	38	남자	전기 용접원	경기	경기-수원시 영통구	#직장인	박진욱 씨는 수원 영통에서 성실하게 일하며 내 집 마련의 꿈을 키우는, 실용적인 기술과 가족에 대한 애착이 강한 30대 후반의…
A0083	A	24	남자	소방시설 공사 기술자 및 연구원	경기	경기-양평군	#직장인	임민 씨는 양평의 단독주택에서 동료들과 지내며 소방시설 기술자로 성장해가는, 건강한 신체와 디지털 감성을 동시에 지닌 24세 …
A0084	A	25	남자	전직 철도운송 관련 종사원, 현재 구직중	부산	부산-해운대구	#비경제활동	박규환 씨는 부산 해운대에 거주하며 철도 분야 재취업을 준비하는 25세 청년으로, 롯데 자이언츠와 로컬 맛집을 사랑하며 조부모…
A0085	A	35	여자	경리 사무원	서울	서울-영등포구	#저디지털 #직장인	이아라 씨는 서울 영등포구에서 경리 사무원으로 일하며 경제적 안정과 정서적 평온함을 동시에 추구하는 현실적이고 다정한 35세 …
A0086	A	39	여자	그 외 특수교육 교사	부산	부산-남구	#직장인	정아람 씨는 부산에서 특수교육 교사로 일하며, 철저한 업무 수행과 고독한 휴식 사이의 균형을 찾아가는 30대 후반의 전문직 여…
A0087	A	22	여자	일반 간호사	경상남	경상남-창원시 의창구	#직장인	김채연 씨는 교육학적 감각을 갖춘 다정한 간호사로, 정적인 휴식과 타인에 대한 깊은 공감을 통해 삶의 균형을 찾아가는 22세 …
A0088	A	38	남자	금속절곡기 조작원	인천	인천-서구	#직장인	강희상 씨는 인천 서구 공단의 숙련된 금속 절곡 전문가이자, 만화와 수제 버거를 사랑하며 단독주택에서 평온한 솔로 라이프를 즐…
A0089	A	36	남자	하역 및 적재 관련 단순 종사원	충청북	충청북-청주시 흥덕구	#직장인	최형준 씨는 충북 청주에서 성실하게 하역 일을 하며 반려견과 식도락, 소박한 일상의 평화를 추구하는 30대 중반의 남성입니다.
A0090	A	24	여자	사무 보조원	광주	광주-북구	#고디지털 #직장인 #테크회의론	송고은 씨는 광주 북구의 자가 아파트에 거주하며 안정적인 삶을 추구하는 24세 사무 보조원으로, 웹툰과 배드민턴, 잦은 외식을…
A0091	A	24	남자	음료 서비스 종사원	대구	대구-동구	#저디지털 #직장인 #테크회의론	정양호 씨는 농업 전공 지식과 서비스업 실무를 결합해 자신만의 시그니처 펍을 꿈꾸는, 현실적이면서도 야심 있는 대구의 20대 …
A0092	A	31	여자	한식 조리사	서울	서울-은평구	#직장인	이다인 씨는 인문학적 감수성을 정갈한 한식에 담아내는 31세 조리사로, 체계적인 자기관리와 조용한 휴식을 통해 삶의 균형을 잡…
A0093	A	24	남자	식품 영업원	대전	대전-서구	#고디지털 #직장인	신태환 씨는 대전의 식자재 영업 전문가를 꿈꾸며 인문학적 감성과 다정한 성품으로 사람의 마음을 움직이는 24세 청년입니다.
A0094	A	21	남자	회계 사무원	강원	강원-강릉시	#고디지털 #직장인 #테크회의론	남윤혁 씨는 강릉에서 농업 회계 업무를 수행하며 사회적 유대감과 개인적 휴식 사이의 균형을 찾는, 건강 관리가 시급한 21세 …
A0095	A	20	남자	사회복지사	충청북	충청북-청주시 서원구	#직장인	곽치훈 씨는 스무 살의 이른 나이에 사회복지사가 되어 현장의 유연함과 디지털 감각을 갖췄으며, 맛집 탐방과 볼링으로 스트레스를…
A0096	A	32	남자	산불 감시원	경상북	경상북-안동시	#직장인 #테크회의론	공태우 씨는 안동의 산불을 감시하는 꼼꼼한 직업 정신과 빵에 대한 순수한 열정을 동시에 가진, 안정적인 정년퇴직을 꿈꾸는 30…
A0097	A	20	여자	그 외 일반 영업원	서울	서울-광진구	#직장인	정서영 씨는 도매업계의 영리한 영업원이자 동생들을 부양하는 책임감 넘치는 가장으로, 빵지순례와 휴식으로 삶의 균형을 잡는 20…
A0098	A	22	남자	시설 경비원	광주	광주-북구	#고디지털 #보안민감 #직장인	김재민 씨는 광주 북구에서 시설 경비원으로 일하며 꼼꼼한 업무 처리와 야구에 대한 열정, 그리고 시설 관리 전문가라는 목표를 …
A0099	A	29	남자	단말기 및 통신 서비스 판매원	경기	경기-고양시 일산동구	#고디지털 #약관정독 #직장인	박도윤 씨는 일산에서 통신 영업직으로 일하며 능숙한 처세술과 다정한 효심을 가졌지만, 건강 관리와 충동구매라는 숙제를 안고 사…
A0100	A	38	남자	비행기 정비원	인천	인천-중구	#직장인 #테크회의론	오요한 씨는 인천에서 항공정비사로 근무하며 정밀한 기술력과 안정적인 삶을 추구하지만, 건강 관리와 개인적 공간 확보라는 숙제를…
A0101	A	30	여자	자동 재봉설비 조작원	대구	대구-북구	#직장인	배보경 씨는 대구에서 자동 재봉설비 기술자로 일하며, 소박한 취향과 경제적 자립이라는 현실적인 목표 사이의 균형을 찾아가는 3…
A0102	A	20	남자	사무 보조원	대전	대전-대덕구	#가격깐깐 #고디지털 #직장인 #창업준비	길지용 씨는 자동차 부품 업계에서 넉살 좋게 일하며 일식 맛집 탐방과 농구를 즐기는, 독립심 강하고 외향적인 스무 살 청년입니…
A0103	A	30	남자	전동차 기관사	서울	서울-강동구	#직장인	이승호 씨는 인문학적 소양을 갖춘 세심한 전동차 기관사로, 규칙적인 직장 생활과 배드민턴, 요리라는 취미 사이에서 균형을 잡으…
A0104	A	32	여자	전직 산업 안전원, 현재 구직중	경기	경기-용인시 기흥구	#비경제활동	이다희 씨는 산업 안전 전문가로서의 꼼꼼함과 예술적 감수성을 동시에 지닌 인물로, 용인 기흥에서 재취업을 준비하며 시티팝과 일…
A0105	A	36	남자	공작기계 설치 및 정비원	경기	경기-화성시	#저디지털 #직장인	박종주 씨는 정밀한 기계 정비 기술과 섬세한 예술적 감성을 동시에 지녔으며, 건강에 대한 불안을 삼림욕과 독서로 다스리는 성실…
A0106	A	25	여자	그 외 판매 및 고객 서비스 관리자	광주	광주-서구	#저디지털 #직장인 #테크회의론	김재희 씨는 광주에서 교육 서비스 관리자로 근무하며, 유연한 대인 관계 능력과 안정적인 주거 환경을 바탕으로 일과 삶의 균형을…
A0107	A	25	남자	경리 사무원	경기	경기-광주시	#고디지털 #직장인	박상훈 씨는 공학 전공 후 연구소 경리로 근무하며, 익숙한 동네의 편안함과 소소한 일상의 즐거움 속에서 안정을 찾는 25세 청…
A0108	A	28	남자	일반 간호사	인천	인천-서구	#직장인	문찬희 씨는 뛰어난 업무 능력과 공감력을 갖춘 20대 후반의 간호사로, 불규칙한 삶 속에서도 보드게임과 예술, 반려견을 통해 …
A0109	A	22	남자	금형원	경기	경기-남양주시	#직장인	최준영 씨는 정밀 금형 기술을 가진 성실한 청년 노동자이지만, 내면에는 학위 없는 미래에 대한 불안과 건강에 대한 고민을 품고…
A0110	A	38	남자	조사 전문가	충청남	충청남-천안시 서북구	#고디지털 #직장인 #테크회의론	윤혁수 씨는 천안에서 유통 데이터를 다루는 꼼꼼한 조사 전문가이자, 가족과 함께하는 식도락과 정적인 휴식을 사랑하는 신중한 성…
A0111	A	24	남자	택시 운전원	대구	대구-달서구	#직장인	김영하 씨는 대구의 지리를 꿰뚫는 젊은 택시 운전사로, 전기차 교체라는 목표를 향해 정진하며 식도락 여행과 반려견과의 삶을 사…
A0112	A	26	남자	정육가공원	경상남	경상남-사천시	#직장인	조승재 씨는 사천에서 정교한 칼질로 승부하는 정육가공원으로, 실용적인 삶의 태도와 확고한 취향을 가진 20대 청년입니다.
A0113	A	29	남자	가스 점검원	서울	서울-강북구	#직장인	박지상 씨는 강북구에서 가스 점검원으로 일하며 가족을 부양하는, 책임감 강하고 소박한 일상을 소중히 여기는 20대 청년입니다.
A0114	A	20	남자	가스 점검원	인천	인천-남동구	#직장인	정솔민 씨는 인천 남동구에서 가스 안전을 책임지며 전문성을 키우고자 하는 20세 청년으로, 실용적인 가치관과 인간관계의 유연함…
A0115	A	38	여자	그 외 교육 전문가	경상남	경상남-창원시 마산합포구	#직장인	신나래 씨는 마산에서 교육 전문가로 일하며 안정적인 수입과 소소한 빵집 투어, 그리고 완벽한 게으름을 통해 삶의 균형을 찾는 …
A0116	A	37	여자	기업 고위 임원	서울	서울-송파구	#직장인	장아영 씨는 인문학적 감성과 숙박 경영의 실무 능력을 겸비한 임원으로, 실용적인 삶의 태도와 약간의 무질서함이 공존하는 37세…
A0117	A	27	남자	전기 용접원	충청북	충청북-충주시	#직장인	황석규 씨는 충주에서 정교한 용접 기술로 인정받는 27세 기술자로, 사람들과 어울리는 것을 좋아하는 소탈하고 실용적인 성격의 …
A0118	A	25	남자	전직 항공기 배관공, 현재 구직중	경상남	경상남-창원시 성산구	#비경제활동	김예성 씨는 정밀한 항공 배관 기술을 가진 25세 청년으로, 창원 성산구에서 식도락과 소소한 취미를 즐기며 안정적인 재취업을 …
A0119	A	31	남자	원예작물 판매원	울산	울산-중구	#고디지털 #직장인	허진수 씨는 수학적 정밀함으로 식물을 가꾸는 울산의 젊은 사업가이자, 가족을 사랑하면서도 지독한 고독을 즐기는 30대 남성입니…
A0120	A	31	여자	관리 비서	경기	경기-성남시 중원구	#직장인	박선경 씨는 성남 중원구에 거주하며 도매업체 비서로 근무하는 31세 여성으로, 안정적인 일상 루틴과 정서적 평온함을 최우선으로…
A0121	A	21	남자	마케팅 전문가	강원	강원-강릉시	#직장인	고정민 씨는 강릉에서 소매업 마케팅을 담당하며, 자가 아파트에서 홀로 생활하며 게임과 맛있는 배달 음식을 즐기는 20대 초반의…
A0122	A	27	남자	그 외 일반 영업원	경기	경기-과천시	#직장인	유수현 씨는 타인의 기분을 빠르게 읽어내는 섬세한 영업 사원이자, 퇴근 후에는 카메라와 햄버거, 그리고 소파 위에서의 휴식에 …
A0123	A	21	남자	국가행정 사무원	전북	전북-전주시 완산구	#고디지털 #직장인	김기상 씨는 전주에서 성실하게 근무하며 가족과의 화목함과 일상의 안정감을 최우선으로 여기는 21세 청년 행정 사무원입니다.
A0124	A	26	여자	매장 계산원	대구	대구-서구	#직장인	이정은 씨는 삶의 굴곡을 겪으며 일찍 철이 든 현실적인 성격으로, 소박하지만 깨끗한 내 집 마련의 꿈을 꾸며 성실하게 하루를 …
A0125	A	20	여자	육아 도우미	서울	서울-관악구	#가격깐깐 #직장인	장다연 씨는 일찍 사회생활을 시작해 경제 관념이 뚜렷하고 책임감 있는 육아 도우미이며, 실용적인 소비와 활동적인 취미로 삶의 …
A0126	A	31	여자	그 외 인사 및 노사 관련 전문가	광주	광주-광산구	#약관정독 #직장인 #테크회의론	신희수 씨는 광주의 기계 제조 기업에서 일하는 인사 전문가로, 인문학적 감성과 현실적인 업무 능력을 겸비한 채 어머니와 함께 …
A0127	A	22	남자	조명기사	경기	경기-남양주시	#저디지털 #직장인	박동현 씨는 효율적인 현장 감각을 가진 조명기사로, 남양주에서 3세대 가족과 함께 살며 실용적인 삶과 소소한 여가를 즐기는 2…
A0128	A	23	남자	관리 비서	경기	경기-파주시	#직장인 #창업준비	서제우 씨는 파주에서 비서로 근무하며 실용적인 가치와 즉흥적인 즐거움을 동시에 추구하는, 넉살 좋고 현실적인 20대 청년입니다…
A0129	A	33	남자	정보 보안 전문가	경기	경기-김포시	#고디지털 #보안민감 #직장인	김성훈 씨는 김포에 거주하며 출판 보안 전문가로 안정적인 삶을 꾸리는, 정적인 취미와 사회적 관계의 균형을 찾는 33세 남성입…
A0130	A	33	여자	그 외 법률 전문가	경기	경기-이천시	#약관정독 #직장인	박현지 씨는 이천에 거주하며 금융권 법률 실무자로 일하는 33세 여성으로, 인문학적 감성과 냉철한 전문성을 동시에 갖춘 채 부…
A0131	A	34	여자	컴퓨터 설치 및 수리원	경기	경기-수원시 영통구	#고디지털 #직장인 #테크회의론	강민지 씨는 뛰어난 기술력으로 고소득을 올리는 컴퓨터 수리 전문가이자, 블로그 기록과 산책으로 일상의 균형을 잡는 내향적인 실…
A0132	A	31	여자	일반 비서	충청북	충청북-청주시 흥덕구	#직장인 #테크회의론	강지윤 씨는 사별의 아픔을 간직한 채 소박한 일상의 평온함과 다정한 관계 속에서 천천히 스스로를 회복해 나가는 비서입니다.
A0133	A	23	남자	그 외 상점 판매원	경기	경기-화성시	#직장인 #테크회의론	이정수 씨는 화성에서 자동차 부품을 판매하며 낚시와 웹소설로 스트레스를 푸는, 신중하면서도 즉흥적인 20대 청년입니다.
A0134	A	34	남자	회계 사무원	경기	경기-김포시	#고디지털 #직장인	박민용 씨는 김포에서 운송업체 회계 사무원으로 일하며 세무사라는 목표를 향해 달리는, 체계적이지만 내면의 불안을 안고 사는 사…
A0135	A	37	여자	비상 발전기 설치 및 정비원	부산	부산-사상구	#저디지털 #직장인	김승미 씨는 부산 사상구에서 비상 발전기를 정비하는 기술자이자, 역사 여행과 인디 음악을 사랑하며 사람 사이의 온기를 소중히 …
A0136	A	28	남자	전화 상담원	경기	경기-화성시	#직장인	김예성 씨는 동탄의 안정적인 일상 속에서 숙련된 상담원으로 성장하며, 친구들과의 유대와 정적인 휴식을 통해 삶의 균형을 찾아가…
A0137	A	34	남자	경영 기획 사무원	경상남	경상남-창원시 마산회원구	#고디지털 #직장인	김대로 씨는 마산의 정과 보건복지 전공의 이타심을 갖춘 소매업 경영 기획자로, 꼼꼼한 일 처리와 식물 가꾸기를 즐기며 건강 관…
A0138	A	29	여자	일반 비서	전북	전북-군산시	#고디지털 #직장인	김수원 씨는 군산의 식료품 제조 기업에서 일하며 안정과 조화를 추구하는, 꼼꼼하고 다정한 성격의 20대 후반 직장인입니다.
A0139	A	20	남자	관세행정 사무원	경상남	경상남-창녕군	#직장인	박민규 씨는 창녕에서 관세행정 사무원으로 일하며 꼼꼼한 업무 처리 능력을 갖춘 20세 청년으로, UFC 관람과 대구 식도락 여…
A0140	A	39	남자	정보 시스템 운영자	서울	서울-관악구	#저디지털 #직장인	장창호 씨는 실무 능력으로 인정받는 숙련된 시스템 운영자이자, 소박한 일상의 휴식과 역동적인 레포츠를 동시에 즐기는 30대 후…
A0141	A	26	여자	공공행정 전문가	인천	인천-남동구	#직장인	최지은 씨는 꼼꼼한 행정 처리 능력과 철학적 사유를 가진 20대 직장인으로, 완벽을 추구하는 책임감과 정적인 휴식 사이에서 균…
A0142	A	35	남자	마케팅 전문가	경상북	경상북-포항시 북구	#고디지털 #직장인	이주한 씨는 포항에서 공학 지식을 접목한 기술 마케팅 전문가로 활동하며, 어머니와 함께 자가 주택에 거주하며 온천욕과 팟캐스트…
A0143	A	30	여자	한식 조리사	경기	경기-구리시	#직장인	김지현 씨는 구리에서 나고 자란 실무 중심의 한식 조리사로, 건강한 채식 레시피를 기록하며 미래의 브런치 카페 사장님을 꿈꾸는…
A0144	A	22	여자	판매 관련 관리자	서울	서울-은평구	#직장인	오지우 씨는 교육 서비스업 관리자로서의 유능함과 20대 초반의 섬세한 감성을 동시에 지녔으며, 수공예 취미와 분식 사랑, 그리…
A0145	A	30	남자	산업 안전원	경상북	경상북-경산시	#직장인	황윤철 씨는 경산의 전기장비 제조 현장을 지키는 꼼꼼한 안전원이자, 주말이면 카메라 하나로 자연의 평온함을 찾는 서른 살의 청…
A0146	A	35	여자	병무행정 사무원	서울	서울-은평구	#고디지털 #직장인	황희주 씨는 공학적 논리로 병무 행정의 효율을 높이는 30대 사무원이자, 북한산의 자연과 자극적인 배달 음식을 동시에 사랑하는…
A0147	A	24	남자	일반 비서	대전	대전-중구	#직장인	성민호 씨는 인문학적 소양을 갖춘 현실적인 직장인으로, 안정적인 커리어 성장과 경제적 독립을 꿈꾸며 일상의 소소한 즐거움을 찾…
A0148	A	23	여자	경리 사무원	서울	서울-서대문구	#가격깐깐 #고디지털 #직장인	정지원 씨는 서대문구에 거주하며 자동차 부품사 경리로 근무하는 23세 여성으로, 성실한 업무 태도와 체계적인 자기관리, 그리고…
A0149	A	33	남자	그 외 하역 및 적재 단순 종사원	경기	경기-광주시	#직장인	하창희 씨는 경기 광주에서 물류 적재원으로 일하며 실용적인 삶을 지향하고, 퇴근 후 게임과 영상 시청으로 스트레스를 푸는 33…
A0150	A	32	남자	생산관리 사무원	경기	경기-성남시 중원구	#직장인	김경완 씨는 교육학 석사 학위를 가진 생산관리 사무원으로, 성남에서 아내와 함께 살며 내면의 불안함을 다정한 배려와 식도락의 …
A0151	A	34	여자	복지시설 생활 지도원	서울	서울-구로구	#가격깐깐 #직장인	민영미 씨는 구로구에서 어머니를 모시며 복지시설 지도원으로 성실히 근무하는, 책임감 강하고 현실적인 30대 장녀입니다.
A0152	A	24	여자	예약 및 접수 사무원	충청남	충청남-아산시	#고디지털 #직장인	박승연 씨는 정보통신기술 전공을 살려 효율적인 업무 처리를 추구하는 20대 직장인으로, 철저한 자산 관리와 미식 여행을 통해 …
A0153	A	30	여자	반도체공학 기술자 및 연구원	경기	경기-군포시	#고디지털 #직장인	박지영 씨는 인문학적 감성과 반도체 공정의 정밀함을 동시에 갖춘 기술자로, 철저한 자기관리와 안정적인 삶의 궤적 속에서 소소한…
A0154	A	30	남자	인사 및 노무 사무원	서울	서울-노원구	#고디지털 #약관정독 #직장인	문재호 씨는 공학적 치밀함으로 예술계의 인사 행정을 정립하려는 야심과 미식과 휴식을 사랑하는 게으른 완벽주의가 공존하는 서른 …
A0155	A	39	여자	그 외 일반 영업원	경상남	경상남-창원시 성산구	#저디지털 #직장인	전명하 씨는 창원에서 활동하는 유능한 영업원이자, 라디오와 식도락 여행으로 내면의 불안을 달래며 내 집 마련을 꿈꾸는 30대 …
A0156	A	35	남자	식품 영업원	경기	경기-시흥시	#고디지털 #직장인	김석준 씨는 시흥에서 활동하는 유능한 식품 영업원이자, 인문학적 소양을 바탕으로 사람을 대하며 가족과 함께 소박하고 안정적인 …
A0157	A	32	남자	단말기 및 통신 서비스 판매원	대구	대구-서구	#직장인	박도현 씨는 대구 서구에서 통신 판매원으로 일하며 능숙한 영업력과 소박한 가정생활 사이에서 균형을 잡고 살아가는, 뱃살 좀 있…
A0158	A	32	여자	유치원 교사	강원	강원-속초시	#직장인	정현선 씨는 속초의 바다와 레포츠를 사랑하며, 유치원 교사의 유연함과 경영학도의 치밀함을 동시에 갖춘 30대 가장입니다.
A0159	A	31	남자	중형 화물차 운전원	충청북	충청북-청주시 상당구	#저디지털 #직장인	이재용 씨는 청주에서 중형 화물차를 몰며 가족을 극진히 챙기는 성실한 청년이지만, 건강 관리와 정리정돈에는 조금 서툰 소탈한 …
A0160	A	27	남자	병무행정 사무원	서울	서울-동대문구	#직장인	김정후 씨는 꼼꼼한 행정가의 면모와 예술적 감수성을 동시에 지닌 채, 건강 관리라는 숙제를 뒤로 미루며 자신만의 내면 세계를 …
A0161	A	27	남자	전직 기계 제도사, 현재 구직중	울산	울산-북구	#비경제활동	황도영 씨는 정밀한 설계 능력과 예술적 감수성을 동시에 갖춘 채, 울산의 보수적인 가정환경과 현대적인 디자인 꿈 사이에서 균형…
A0162	A	31	남자	마케팅 전문가	서울	서울-영등포구	#고디지털 #직장인	이혁진 씨는 공학적 논리로 무장한 데이터 마케터이자, 영등포의 익숙한 일상과 레고 수집, 삼겹살에 소주 한 잔의 소박한 행복을…
A0163	A	28	여자	유치원 교사	서울	서울-관악구	#직장인	김설희 씨는 유치원 교사로서의 책임감과 개인의 휴식 사이에서 아슬아슬한 균형을 잡으며, 자극적인 배달 음식과 정적인 집순이 생…
A0164	A	29	여자	119 구조대원	서울	서울-동대문구	#직장인	최지혜 씨는 동대문구에 거주하며 현장의 안녕과 동료의 신뢰를 최우선으로 생각하는 침착하고 다정한 29세 여성 119 구조대원입…
A0165	A	21	남자	총무 및 인사 관리자	부산	부산-부산진구	#고디지털 #직장인	고동현 씨는 부산 서면의 트렌디함을 입은 21세의 총무 관리자로, 꼼꼼한 일 처리와 외모 가꾸기에 진심이며 롯데 자이언츠를 사…
A0166	A	37	여자	일반 비서	경기	경기-수원시 팔달구	#직장인	한진아 씨는 수원 팔달구에서 부동산 실무를 익히며 독립적인 중개업자라는 꿈을 향해 나아가는, 털털하면서도 현실적인 30대 후반…
A0167	A	22	여자	음식 서비스 종사원	서울	서울-영등포구	#가격깐깐 #직장인	백민서 씨는 영등포의 익숙한 동네에서 성실하게 일하며, 소소한 뷰티 취미와 반려견과의 산책으로 삶의 균형을 잡으려는 22세의 …
A0168	A	23	여자	품질 인증 심사 전문가	충청북	충청북-청주시 청원구	#직장인	정정아 씨는 꼼꼼한 업무 능력과 사교적인 성격을 겸비한 품질 인증 심사원으로, 퇴근 후의 소소한 먹거리와 디지털 콘텐츠를 통해…
A0169	A	28	남자	식품 영업원	경기	경기-수원시 팔달구	#고디지털 #직장인	장재흥 씨는 공학적 논리와 영업적 유연함을 겸비한 20대 후반의 식품 영업원으로, 역사 여행과 사우나를 즐기며 경제적 자립을 …
A0170	A	39	남자	토목안전 기술자	인천	인천-부평구	#약관정독 #저디지털 #직장인	김동준 씨는 부평에 뿌리를 둔 30대 후반의 토목안전 기술자로, 전문성을 향한 뜨거운 야심과 소박한 일상의 즐거움을 동시에 쫓…
A0171	A	29	남자	데이터 분석가	경기	경기-수원시 권선구	#고디지털 #직장인	마승민 씨는 수원에 거주하며 데이터 분석가로 일하는 29세 청년으로, 사교적인 성격과 즉흥적인 면모를 가진 전략가 지망생입니다…
A0172	A	25	남자	산업 안전원	경기	경기-화성시	#직장인	황기한 씨는 화성시 공단에서 근무하는 꼼꼼한 산업 안전원이자, 인문학적 감성으로 자신만의 아늑한 방을 꾸미는 것을 좋아하는 2…
A0173	A	37	여자	국가행정 사무원	인천	인천-남동구	#직장인	김지민 씨는 인천 구월동에서 근무하는 37세 국가행정 사무원으로, 안정적인 직장 생활과 홀로 즐기는 정적인 휴식 사이에서 균형…
A0174	A	34	남자	철도운송 관련 종사원	세종	세종-세종시	#직장인 #테크회의론	고주원 씨는 세종시에서 철도 신호 제어 업무를 담당하며 전문성과 안정을 추구하지만, 내면의 예민함과 불안을 나홀로 여행과 게임…
A0175	A	29	남자	경영 기획 사무원	대전	대전-서구	#고디지털 #약관정독 #직장인 #테크회의론	심종훈 씨는 대전에서 소매업 경영 기획자로 일하며 법학 지식과 데이터 분석 능력을 갖춘 29세 청년이지만, 고혈압과 복부 비만…
A0176	A	22	남자	금형원	대구	대구-달성군	#직장인 #테크회의론	김규진 씨는 투박한 공단 현장에서 정밀한 금형을 깎으며 내면에는 섬세한 예술가적 감성을 품고 살아가는 20대 청년입니다.
A0177	A	33	남자	관세행정 사무원	경기	경기-화성시	#고디지털 #직장인	이기홍 씨는 동탄에서 자가를 보유한 채 안정적인 관세행정직으로 근무하며, 사회적 관계와 미식의 즐거움을 쫓지만 건강 관리에는 …
A0178	A	26	여자	전화 상담원	경기	경기-평택시	#직장인	주소미 씨는 평택에서 사회복지 상담원으로 일하며 경제적 자립과 정서적 안정을 동시에 잡은 실속 있는 20대 청년입니다.
A0179	A	32	남자	시스템 소프트웨어 설계 및 분석가	경기	경기-성남시 분당구	#고디지털 #직장인	강정식 씨는 분당에서 출판 시스템 설계자로 일하며, 퇴근 후 어머니와의 소박한 일상과 주말의 고요한 낚시를 통해 삶의 균형을 …
A0180	A	38	남자	경리 사무원	서울	서울-구로구	#고디지털 #직장인	유정윤 씨는 구로구 의류 제조업체 경리원으로 일하며 가족의 생계를 책임지는 성실하고 현실적인 38세 가장입니다.
A0181	A	26	여자	유리 관련 기능 종사원	강원	강원-원주시	#직장인	정유민 씨는 원주에서 유리 가공 기술자로 일하며 경제적 자립을 이룬, 소탈하면서도 야무진 20대 중반의 여성입니다.
A0182	A	29	남자	사무 보조원	경기	경기-고양시 일산동구	#고디지털 #직장인 #테크회의론	이선호 씨는 일산의 안정감 속에서 성장해 타인에 대한 배려와 실무적 정교함을 갖춘, 독립을 꿈꾸는 20대 후반의 사무 행정 전…
A0183	A	29	여자	마케팅 전문가	경기	경기-수원시 영통구	#직장인	최서현 씨는 서양미술사 전공의 감각을 식료품 마케팅에 녹여내며, 나홀로 온천 여행과 소극장 연극으로 스트레스를 해소하는 수원 …
A0184	A	26	여자	시설 경비원	경상북	경상북-상주시	#저디지털 #직장인	박예원 씨는 상주의 문화시설에서 성실하게 근무하며 안정적인 삶의 울타리를 쌓아가고, 빵과 유튜브 쇼츠, 그리고 고요한 휴식으로…
A0185	A	28	여자	한식 조리사	전북	전북-전주시 완산구	#저디지털 #직장인	송민경 씨는 전주의 전통적인 정취와 현대적인 감각을 동시에 품은 28세 한식 조리사로, 독립적인 생활 속에서 소소한 미식과 뷰…
A0186	A	22	남자	요업·세라믹공학 기술자 및 연구원	경기	경기-구리시	#직장인	오민웅 씨는 구리시에 거주하며 세라믹 공정 설계 분야에서 실질적인 성과를 내고 있는, 트렌디한 감각과 야심을 가진 22세 엔지…
A0187	A	24	남자	고무·플라스틱 기술자 및 연구원	인천	인천-미추홀구	#저디지털 #직장인	장성목 씨는 인천 미추홀구의 정겨운 분위기 속에서 성장한 고분자 소재 연구원으로, 성실한 직장 생활과 소소한 개인적 취향 사이…
A0188	A	22	남자	전화 상담원	경기	경기-남양주시	#직장인	손세준 씨는 공학적 논리와 서비스 정신을 겸비한 물류 전문가 지망생으로, 도시의 편리함과 자연의 평온함 사이에서 심리적 균형을…
A0189	A	21	남자	정육가공원	충청남	충청남-논산시	#저디지털 #직장인 #테크회의론	유은혁 씨는 논산에서 정육 가공 기술을 닦으며 자신만의 특수 부위 전문점을 꿈꾸는, 섬세한 예술가적 기질을 가진 21세 청년입…
A0190	A	19	남자	전화 상담원	경기	경기-수원시 권선구	#직장인	정선용 씨는 수원 권선구에서 나고 자란 19세 사회초년생으로, 꼼꼼한 성격의 전자부품 상담원이자 가족과 이웃을 아끼는 속 깊은…
A0191	A	28	남자	환경 관련 관리자	경기	경기-평택시	#직장인 #테크회의론	박예준 씨는 평택의 환경 관리자로 일하며 정적인 휴식과 가족의 안정감을 소중히 여기는 신중하고 섬세한 성격의 청년입니다.
A0192	A	31	남자	토목 제도사	인천	인천-서구	#직장인	정민석 씨는 인천 서구에서 성실하게 근무하는 토목 제도사로, 소박한 가정의 행복과 정교한 설계 업무, 그리고 정적인 취미 생활…
A0193	A	20	남자	철도운송 관련 종사원	경기	경기-파주시	#직장인	김민찬 씨는 파주 철도 현장에서 성실하게 근무하며 외적인 깔끔함과 내적인 책임감을 동시에 추구하는, 실용적이고 사교적인 20세…
A0194	A	38	남자	연삭기 및 연마기 조작원	충청북	충청북-청주시 흥덕구	#직장인	류성호 씨는 정밀한 기술력과 책임감을 갖춘 숙련공이자, 가족의 울타리 안에서 소박한 휴식과 안정을 찾는 서른여덟 살의 충청도 …
A0195	A	29	남자	광고 전문가	경기	경기-성남시 분당구	#고디지털 #직장인	고지우 씨는 공학적 논리와 광고적 감성을 동시에 갖춘 20대 후반의 전문가로, 사람들과 어울리는 것을 좋아하며 외모 가꾸기와 …
A0196	A	22	남자	시설 경비원	경기	경기-시흥시	#고디지털 #보안민감 #직장인	이재엽 씨는 보건복지 전공 지식을 갖춘 시흥의 유능한 보안 요원으로, 높은 소득을 바탕으로 미래의 사업가 꿈을 키우며 활동적인…
A0197	A	27	남자	음료 서비스 종사원	경기	경기-포천시	#고디지털 #직장인 #창업준비	윤윤호 씨는 포천의 평온한 일상과 서비스직의 치열함 사이에서, 꼼꼼한 기록과 정교한 취향을 바탕으로 자신만의 작은 하이볼 바를…
A0198	A	26	여자	음식 서비스 종사원	경기	경기-수원시 권선구	#직장인	김연수 씨는 공공기관 식당에서 성실하게 일하며 안정적인 삶을 살아가지만, 가슴 한구석엔 자신만의 감성이 담긴 작은 빵집을 차리…
A0199	A	21	남자	생산관리 사무원	경기	경기-연천군	#고디지털 #직장인	차종서 씨는 연천의 농촌 현장에서 정밀한 데이터 관리를 수행하며 스마트 팜의 꿈을 키우는, 서브컬처와 예술적 감성을 간직한 2…
A0200	A	37	여자	정보 시스템 운영자	서울	서울-송파구	#직장인	김민지 씨는 송파구 자가 아파트에 거주하며 전문성을 갖춘 시스템 운영자로 일하고, 정적인 휴식과 인테리어, 필라테스로 삶의 균…
A0201	A	21	여자	전화 상담원	부산	부산-남구	#직장인	이미림 씨는 부산 남구에서 어머니와 살며 고된 상담원 생활을 견뎌내는, 내면의 단단함과 섬세한 기록 습관을 가진 21세 청년입…
A0202	A	38	남자	택배원	부산	부산-기장군	#직장인	박승연 씨는 인문학적 감수성을 가진 기장군의 베테랑 택배원으로, 어머니와의 소박한 일상과 롯데 자이언츠를 향한 애정 사이에서 …
A0203	A	27	여자	일반 간호사	서울	서울-관악구	#직장인	민현희 씨는 관악구에서 홀로 거주하며 꼼꼼한 업무 처리와 정적인 휴식 사이에서 삶의 균형을 찾는 27세 간호사입니다.
A0204	A	36	남자	철도운송 관련 종사원	전라남	전라남-장흥군	#저디지털 #직장인	최민수 씨는 전남 장흥에서 철도 운송직으로 성실하게 근무하며, 건강 관리라는 숙제와 소소한 일상의 행복 사이에서 균형을 찾아가…
A0205	A	31	남자	공공행정 사무원	울산	울산-동구	#약관정독 #직장인 #테크회의론	류수용 씨는 울산 동구에서 안정적인 공공행정직으로 근무하며, 체계적인 삶의 궤적과 소소한 일탈 사이에서 균형을 찾는 30대 가…
A0206	A	21	남자	그 외 음식 서비스 종사원	서울	서울-양천구	#직장인 #테크회의론	송재민 씨는 목동 고깃집에서 실무를 익히며 자신만의 외식 브랜드를 꿈꾸는, 책임감 강하고 성실한 21세 청년입니다.
A0207	A	39	여자	직업상담사	울산	울산-북구	#직장인	김하연 씨는 울산 북구에서 안정적인 삶을 일구는 직업상담사로, 정적인 휴식과 소소한 예술적 취향을 통해 삶의 균형을 잡는 30…
A0208	A	36	여자	금형원	충청남	충청남-당진시	#직장인	정선정 씨는 철저한 직업 정신을 가진 금형원이자, 소박한 일상 속에서 예술적 갈망과 건강 고민을 동시에 안고 살아가는 30대 …
A0209	A	36	남자	그 외 철도 및 전동차 기관사	경기	경기-화성시	#직장인	윤현우 씨는 화성시에 거주하며 매끄러운 운전 실력을 갖춘 36세 전동차 기관사로, 야구 관람과 사이클링으로 삶의 활력을 찾는 …
A0210	A	26	남자	외국어 교사	부산	부산-금정구	#저디지털 #직장인	한태형 씨는 부산 금정구에서 고소득 외국어 강사로 일하며 롯데 자이언츠와 삼겹살에 소주를 사랑하는, 안정과 휴식을 중시하는 2…
A0211	A	35	남자	가죽 및 모피 가공원	서울	서울-관악구	#직장인	이대승 씨는 신림동에서 가죽 수선공으로 일하며 안정적인 미래를 꿈꾸는, 현실적이면서도 섬세한 감각을 가진 35세 남성입니다.
A0212	A	36	남자	통신망 운영 기술자 및 연구원	경기	경기-성남시 수정구	#고디지털 #직장인	김무영 씨는 판교의 유능한 네트워크 기술자로 일하며 고가 캠핑과 미식에 몰두하지만, 내면에는 별거로 인한 외로움과 건강에 대한…
A0213	A	34	남자	일반 비서	경상북	경상북-영주시	#고디지털 #직장인	김문기 씨는 공학적 식견으로 농업 법인의 효율을 높이려는 30대 중반의 행정 전문가이자, 고택 사진과 온라인 게임으로 일상의 …
A0214	A	21	남자	플랜트공학 기술자 및 연구원	대전	대전-서구	#직장인	손관형 씨는 둔산동의 화려한 밤문화와 플랜트 현장의 정교한 기술 세계, 그리고 부모님의 따뜻한 집밥 사이에서 자신만의 균형을 …
A0215	A	33	여자	그 외 전기공학 기술자 및 연구원	부산	부산-해운대구	#직장인	곽영선 씨는 해운대에서 가전 수리 기술자로 일하며 정밀한 기술력과 유연한 소통 능력을 갖췄지만, 내면에는 고독과 정적인 휴식을…
A0216	A	32	남자	금형원	경기	경기-화성시	#직장인	김현성 씨는 정밀 금형 기술과 타인에 대한 깊은 배려심을 갖춘 30대 기술자로, 화성시 공단 생활 속에서 소박한 가드닝과 나홀…
A0217	A	33	남자	중식 조리사	경기	경기-양주시	#고디지털 #직장인 #창업준비	김근호 씨는 양주에서 활동하는 유능하지만 불안함이 많은 30대 중식 조리사로, 화려한 웍질 실력과 세심한 창업 준비 사이에서 …
A0218	A	21	여자	그 외 미용 관련 서비스 종사원	서울	서울-금천구	#직장인	김현빈 씨는 화려한 네일 아트와 달콤한 디저트에 진심인, 감성적인 Z세대 사회초년생입니다.
A0219	A	39	여자	지방행정 사무원	서울	서울-마포구	#고디지털 #직장인	이지아 씨는 꼼꼼한 행정직 공무원의 삶과 예술적 감수성을 지닌 기획자의 꿈 사이에서 균형을 잡으며 마포구에서 살아가는 30대 …
A0220	A	24	남자	건물 경비원	서울	서울-성북구	#고디지털 #보안민감 #직장인	박동겸 씨는 성북구 출판사 건물 경비원으로 근무하며, 현실적인 생존 본능과 예술적 감수성을 동시에 지닌 24세 청년입니다.
A0221	A	33	여자	범용 소프트웨어 프로그래머	경기	경기-군포시	#고디지털 #직장인 #테크회의론	이은별 씨는 군포시에서 부모님과 함께 거주하며 안정적인 소프트웨어 개발 업무와 소소한 취미 생활 사이에서 조화로운 삶을 꾸려가…
A0222	A	25	여자	경리 사무원	경기	경기-의정부시	#직장인	이동주 씨는 의정부의 조경 회사에서 근무하며 마른 비만과 혈당 고민을 안고 살아가지만, 반려견과의 산책과 배달 음식, 그리고 …
A0223	A	22	남자	인사 및 노무 사무원	경기	경기-성남시 분당구	#약관정독 #직장인	오인서 씨는 분당의 정돈된 환경에서 자라 꼼꼼한 행정 처리 능력을 갖춘 22세 인사 사무원이자, 실용적인 삶과 소소한 개인적 …
A0224	A	21	남자	그 외 용접원	전라남	전라남-영암군	#직장인	박원희 씨는 영암에서 특수 용접 기술을 익히며 자신만의 작업실을 꿈꾸는, 소박한 시골의 삶과 도시의 활기를 동시에 품은 21세…
A0225	A	29	여자	보육 관련 시설 서비스 종사원	경기	경기-수원시 영통구	#직장인	김슬아 씨는 꼼꼼한 업무 처리와 사교적인 성격을 가진 29세 보육교사이며, 애니메이션 시청과 디저트 빵 투어로 일상의 스트레스…
A0226	A	39	남자	섬유 공정 개발 기술자 및 연구원	서울	서울-성동구	#직장인 #테크회의론	이다운 씨는 성수동의 변화를 지켜보며 성장한 섬유 공정 전문가로, 자가 주택의 안정감 속에서 자연과 가족, 그리고 재생 소재라…
A0227	A	25	여자	관리 비서	서울	서울-동대문구	#고디지털 #직장인 #테크회의론	이소진 씨는 꼼꼼한 업무 처리 능력과 예민한 감수성을 동시에 지닌, 독립적인 삶을 꾸려가는 20대 중반의 관리 비서입니다.
A0228	A	20	남자	승용차 및 승합차 운전원	서울	서울-강북구	#직장인	조윤호 씨는 성실한 운전 업무와 철저한 저축으로 자신만의 사업을 꿈꾸며, 당뇨 관리와 효심 사이에서 균형을 잡고 살아가는 스무…
A0229	A	34	남자	철도운송 관련 종사원	부산	부산-해운대구	#저디지털 #직장인	조도건 씨는 예의 바른 태도로 철도 현장을 지키는 성실한 직장인이지만, 집에서는 혈당 수치와 타협하며 게임과 치킨에 몰두하는 …
A0230	A	26	여자	통신기기 기술자 및 연구원	경기	경기-화성시	#직장인	김윤선 씨는 동탄 신도시에서 자가를 보유하고 통신 기술자로 일하며, 꼼꼼한 직업 정신과 사교적인 성격, 그리고 식물 가꾸기와 …
A0231	A	22	여자	관리 비서	경기	경기-양주시	#고디지털 #직장인	이슬기 씨는 양주에서 비서로 일하며 현실적인 경제적 자립을 준비하는, 내면의 사색적 성향과 20대 특유의 디지털 감성이 공존하…
A0232	A	30	남자	그 외 화학제품 생산기 조작원	대구	대구-달성군	#고디지털 #직장인	이상현 씨는 대구 달성군에서 제약 공정 조작원으로 일하며 식물 키우기와 요리, 게임으로 마음을 달래는, 섬세하고 책임감 강하지…
A0233	A	33	여자	관리 비서	서울	서울-마포구	#고디지털 #보안민감 #직장인	남선영 씨는 마포구에 거주하며 금융권 비서로 근무하는 33세 여성으로, 예술적 감성과 철저한 직업 정신을 동시에 지닌 채 가족…
A0234	A	30	여자	경리 사무원	충청남	충청남-당진시	#직장인	전민주 씨는 당진에서 농업 경리로 일하며 3세대 가족의 갈등을 유연하게 조율하지만, 혼자만의 휴식과 맛있는 음식 여행으로 삶의…
A0235	A	39	여자	음식 배달원	경상남	경상남-김해시	#직장인	권예리 씨는 김해의 지리를 꿰고 있는 성실한 배달원이자, 어머니와의 안온한 노후를 꿈꾸며 소소한 일상의 행복과 건강을 가꾸는 …
A0236	A	30	남자	경리 사무원	경기	경기-평택시	#가격깐깐 #직장인	안원국 씨는 평택 고덕신도시에서 꼼꼼한 가계 관리와 성실한 회계 업무로 내실 있는 삶을 일궈가는 30대 직장인입니다.
A0237	A	37	남자	소방시설 공사 기술자 및 연구원	서울	서울-은평구	#직장인	황주일 씨는 은평구의 익숙한 풍경 속에서 소방 기술자의 전문성을 쌓아가며, 느긋한 일상과 실용적인 가치를 추구하는 현실적인 3…
A0238	A	34	남자	전직 판매 사무원, 현재 구직중	서울	서울-영등포구	#비경제활동	김선욱 씨는 교육학적 소양과 꼼꼼한 관리 능력을 갖춘 전직 판매직으로, 현재 영등포에서 역사 탐방과 게임을 즐기며 기업 교육 …
A0239	A	31	남자	컴퓨터 시스템 설계 및 분석가	대전	대전-서구	#고디지털 #직장인 #테크회의론	윤병수 씨는 대전 둔산동에서 어머니와 거주하며 고소득 시스템 분석가로 일하는 31세 남성으로, 예민한 감수성과 논리적인 전문성…
A0240	A	34	여자	그 외 상점 판매원	경기	경기-안성시	#가격깐깐 #고디지털 #직장인	김여진 씨는 안성에서 꼼꼼하게 매장을 관리하며 내 가게를 꿈꾸는, 실용적인 가치관과 소소한 미식의 즐거움을 아는 30대 여성입…
A0241	A	27	여자	상품 기획자	서울	서울-마포구	#직장인	신원희 씨는 보건복지 전공을 살려 1인 가구를 위한 기능성 가구를 만드는 상품 기획자로, 새벽 수영과 독립 서점 탐방을 즐기는…
A0242	A	26	남자	위성방송 안테나 설치 및 수리원	강원	강원-동해시	#직장인	김준민 씨는 동해시에서 위성 안테나 설치원으로 일하며 친구들과 함께 사는, 건강 관리의 필요성과 식도락의 즐거움 사이에서 갈등…
A0243	A	25	남자	그 외 전기공학 기술자 및 연구원	전북	전북-전주시 완산구	#직장인 #테크회의론	장동호 씨는 전주에서 가전 수리 기술자로 일하며 일찍 가정을 꾸린, 건강 관리가 시급한 20대 가장입니다.
A0244	A	31	남자	특허 사무원	광주	광주-북구	#직장인	고우람 씨는 광주에서 근무하는 꼼꼼한 성격의 특허 사무원으로, 가족과의 유대를 중시하며 소소한 인테리어와 조깅으로 일상을 가꾸…
A0245	A	38	남자	그 외 금융 사무원	경기	경기-오산시	#고디지털 #직장인	고학서 씨는 건설 금융의 정밀함과 미식 및 자기 관리에 대한 섬세한 취향을 동시에 가진, 신도시 내 집 마련을 꿈꾸는 30대 …
A0246	A	33	여자	무대의상 관리원	서울	서울-강서구	#저디지털 #직장인	한지혜 씨는 무대 뒤의 긴박한 수선 현장과 마곡나루의 정적인 일상 사이에서 균형을 잡고 살아가는, 실용적이면서도 섬세한 감각을…
A0247	A	30	남자	산업 안전원	부산	부산-동구	#약관정독 #직장인	정동희 씨는 부산 동구의 거친 현장과 대학원의 학문적 배경을 모두 섭렵한, 실용주의적 사고를 가진 30대 산업 안전 전문가입니…
A0248	A	33	여자	조세행정 사무원	경상남	경상남-창원시 진해구	#고디지털 #약관정독 #직장인	안진솔 씨는 진해에서 조세행정 사무원으로 일하며 가족과의 유대와 소소한 일상의 평온함을 최우선으로 여기는 30대 여성입니다.
A0249	A	20	여자	전직 일반 비서, 현재 구직중	경기	경기-파주시	#비경제활동	김한나 씨는 비서로서의 꼼꼼함과 20대의 트렌디한 감각을 동시에 갖춘, 파주 운정신도시의 스마트한 구직자입니다.
A0250	A	20	남자	정보 보안 전문가	경기	경기-성남시 분당구	#고디지털 #보안민감 #직장인	전재원 씨는 분당에서 아버지와 함께 살며 전자책 보안 실무를 담당하는 20세 청년으로, 배드민턴과 분식을 사랑하며 독립을 꿈꾸…
A0251	A	33	남자	음식 서비스 종사원	경상북	경상북-구미시	#직장인	황강지 씨는 구미의 식당 종사자로, 성실한 업무 태도와 정적인 취향을 가졌으며 아내와 함께할 미래의 작은 가게를 꿈꾸는 30대…
A0252	A	23	남자	특허 사무원	서울	서울-노원구	#직장인 #테크회의론	송준형 씨는 꼼꼼한 업무 처리 능력과 트렌디한 취향을 동시에 가진, 성실함과 여유 사이에서 균형을 잡고 살아가는 20대 초반의…
A0253	A	29	남자	네트워크 프로그래머	서울	서울-노원구	#고디지털 #직장인	권유상 씨는 노원구에 거주하며 전자책 전송 시스템을 설계하는 29세 네트워크 프로그래머로, 베이커리 탐방과 전략 보드게임을 즐…
A0254	A	23	여자	바텐더	경기	경기-화성시	#직장인	최윤진 씨는 술을 마시지 않는 바텐더로서 타인의 감정을 섬세하게 읽어내며, 필라테스와 필름 사진으로 내면의 균형을 찾는 20대…
A0255	A	27	여자	수의사	대구	대구-달서구	#직장인 #테크회의론	이지은 씨는 인문학적 감성과 수의학적 전문성을 동시에 갖춘, 섬세하고 예민한 완벽주의 성향의 대동물 수의사입니다.
A0256	A	20	남자	승용차 및 승합차 운전원	대전	대전-유성구	#직장인	박정윤 씨는 대전의 길을 훤히 꿰고 있는 20세 운전원으로, 부모님과 함께 살며 소소한 배달 음식과 드라이브로 스트레스를 푸는…
A0257	A	24	여자	그 외 경영 지원 관리자	인천	인천-남동구	#고디지털 #직장인	안현수 씨는 정보통신기술 전공 지식을 외식업 관리에 접목해 효율을 찾는 사회초년생이자, 사진과 필라테스로 내면의 균형을 잡으려…
A0258	A	38	여자	경리 사무원	전북	전북-남원시	#고디지털 #직장인	서은선 씨는 남원 기계 수리업체의 핵심 경리로 일하며 지리산의 자연과 웹툰, 이웃 간의 정을 통해 삶의 균형을 잡는 30대 여…
A0259	A	28	남자	중식 조리사	서울	서울-동대문구	#직장인	홍재현 씨는 동대문구에서 실무 능력을 인정받는 28세 중식 조리사로, 현실적인 감각과 즉흥적인 성격을 가진 채 동네 맛집 사장…
A0260	A	29	여자	전직 경리 사무원, 현재 구직중	서울	서울-송파구	#고디지털 #비경제활동	윤지수 씨는 실용적인 전공 지식과 꼼꼼한 행정 능력을 갖췄으나, 정서적 안정과 평범한 일상을 최우선으로 여기며 조용히 재취업을…
A0261	A	25	남자	이용사	대구	대구-북구	#직장인	임태웅 씨는 대구 북구에서 섬세한 가위질로 꿈을 키워가는 25세 이용사로, 소박한 일상의 질서와 사람 사이의 온기를 소중히 여…
A0262	A	32	남자	보안 관제원	강원	강원-삼척시	#고디지털 #보안민감 #직장인 #테크회의론	윤명근 씨는 삼척에서 보안 관제원으로 근무하며 원칙과 안정을 중시하는 신중한 성격의 32세 미혼 남성입니다.
A0263	A	38	남자	산불 감시원	경기	경기-안양시 동안구	#직장인	송영문 씨는 산불 감시원으로서의 전문성과 아버지에 대한 책임감을 지닌 채, 경제적 안정과 개인적 자유를 꿈꾸는 30대 후반의 …
A0264	A	23	남자	총무 사무원	대전	대전-서구	#고디지털 #직장인	용건희 씨는 대전의 섬유 공장에서 일하며 꼼꼼한 업무 처리와 소박한 예술적 취향, 가족에 대한 애정을 가진 20대 청년입니다.
A0265	A	20	여자	전직 중식 조리사, 현재 구직중	서울	서울-노원구	#비경제활동	문다빈 씨는 정교한 중식 조리 실력을 갖춘 20세 청년으로, 현재 노원구에서 홀로 지내며 안정적인 직장과 소박한 일상의 행복을…
A0266	A	38	남자	시설 경비원	경기	경기-안양시 동안구	#직장인	조성빈 씨는 안양에서 근무하는 사교성 좋은 시설 경비원으로, 내 집 마련의 꿈을 꾸며 사람들과 어울리는 삶에서 행복을 찾는 3…
A0267	A	27	여자	제책 및 재단용 기계 조작원	경기	경기-수원시 장안구	#저디지털 #직장인	정민주 씨는 수원에서 제책 기계를 조작하는 숙련된 기술자로, 실용적인 가치관과 강한 책임감을 바탕으로 고소득을 올리며 대가족과…
A0268	A	33	남자	그 외 전기공학 기술자 및 연구원	서울	서울-송파구	#직장인	백정현 씨는 농학 전공 후 전기 기술자로 전향해 빈티지 기기 수리에 정통하며, 송파구에서 어머니와 함께 살며 소박한 기술자의 …
A0269	A	38	남자	금속공학 시험원	광주	광주-서구	#직장인	문승연 씨는 꼼꼼한 금속공학 전문가의 냉철함과 전남 노포를 사랑하는 미식가의 다정함, 그리고 내면의 불안을 게임과 사우나로 달…
A0270	A	35	남자	보육교사	인천	인천-미추홀구	#저디지털 #직장인	한세웅 씨는 인천 미추홀구에서 아이들을 돌보는 보육교사로 일하며, 소박한 일상과 가족과의 고요한 휴식에서 행복을 찾는 35세 …
A0271	A	23	남자	품질 관리 사무원	경기	경기-의왕시	#고디지털 #직장인	최민철 씨는 의왕시에 거주하는 23세 전자부품 품질 관리 사무원으로, 원만한 대인관계와 미식에 대한 열정을 가졌지만 고도비만과…
A0272	A	32	남자	그 외 전자공학 기술자 및 연구원	경기	경기-광주시	#고디지털 #직장인	주성준 씨는 의료기기 분야의 유능한 엔지니어이자, 가족과의 식도락과 운동을 통해 삶의 활력을 찾는 다정한 남편입니다.
A0273	A	30	남자	전화 상담원	대전	대전-서구	#직장인	황선욱 씨는 대전 서구에서 부동산 상담원으로 일하며 내 집 마련과 공인중개사 자격 취득을 꿈꾸는, 예술적 감성과 현실적 책임감…
A0274	A	22	여자	예약 및 접수 사무원	충청남	충청남-천안시 동남구	#가격깐깐 #고디지털 #직장인	최규리 씨는 천안의 보건업 사무원으로 일하며 어린 나이에 가정을 꾸려 책임감 있게 살아가는, 꼼꼼하고 성실하지만 내면의 불안을…
A0275	A	31	남자	화학물 증류기 및 반응기 조작원	경기	경기-용인시 처인구	#직장인	위동원 씨는 용인 처인구의 화학 공정 전문가로서 안정적인 직장 생활과 배드민턴, 식물 가꾸기라는 소박한 취미를 병행하며 부모님…
A0276	A	38	여자	음식 서비스 종사원	부산	부산-부산진구	#직장인 #창업준비	안혜영 씨는 부산의 식당에서 성실히 일하며 시부모님을 모시고 사는, 안정과 조화를 중시하는 30대 후반의 여성입니다.
A0277	A	20	여자	지게차 운전원	경기	경기-평택시	#직장인	오예닮 씨는 평택의 산업 현장에서 지게차를 운전하며 독립을 꿈꾸는, 정적인 휴식과 역사 여행을 사랑하는 스무 살 청년입니다.
A0278	A	33	남자	여객차 및 화차 정비원	경기	경기-이천시	#저디지털 #직장인	이종민 씨는 이천에서 철도차량 정비를 하며 성실하게 살아가지만, 혼자만의 고요한 휴식과 치킨 한 마리의 소소한 행복을 쫓는 3…
A0279	A	35	남자	농업 단순 종사원	충청남	충청남-부여군	#저디지털 #직장인	한재민 씨는 부여의 유적지와 흙냄새 속에 살아가는 성실한 농업 종사자로, 기계 정비 능력과 역사에 대한 애정을 가진 조용한 3…
A0280	A	36	남자	광고 전문가	서울	서울-강서구	#고디지털 #직장인	정창효 씨는 공학적 사고와 광고적 감각을 동시에 지닌 채, 부모님과 함께 거주하며 미식과 스포츠 관람으로 일상의 여백을 채우는…
A0281	A	22	여자	그 외 전기공학 기술자 및 연구원	경상남	경상남-김해시	#고디지털 #직장인 #테크회의론	강수연 씨는 보건복지 전공 후 전기공학 기술자로 전향한 22세 청년으로, 높은 소득과 전문성을 갖췄으나 고도비만과 혈압 관리라…
A0282	A	36	여자	한식 조리사	경기	경기-수원시 팔달구	#직장인	황정은 씨는 수원 행궁동의 작은 1인 식당을 꿈꾸며 성실하게 일하는 조리사이자, 자연의 질감과 예술적 공간에 매료된 섬세한 감…
A0283	A	22	여자	조세행정 사무원	전북	전북-군산시	#고디지털 #직장인	이미연 씨는 군산에서 조세행정 사무원으로 근무하며 안정적인 삶을 살고 있지만, 내면에는 독립 서점을 꿈꾸는 예술적 갈망과 자유…
A0284	A	20	남자	국가행정 사무원	경기	경기-용인시 기흥구	#직장인	차수혁 씨는 용인의 공무원으로서 안정적인 삶을 추구하며, 고도비만과 흡연이라는 건강 위험을 안고 있지만 친구들과의 당구와 맛집…
A0285	A	34	남자	일식 조리사	경상남	경상남-진주시	#직장인	박도엽 씨는 진주에서 성실하게 일식집을 운영하며, 건강 문제는 안고 있지만 가족과 함께하는 정적인 삶에서 행복을 찾는 34세 …
A0286	A	27	남자	육군 병사	서울	서울-양천구	#직장인	이진건 씨는 목동의 성실한 모범생이자 군대의 유능한 행정병이며, 미래의 회계사를 꿈꾸며 스스로를 엄격하게 통제하는 현실주의자입…
A0287	A	28	남자	어패류가공 기계 조작원	광주	광주-서구	#직장인	이성빈 씨는 성실한 기계 조작원이자 효심 깊은 아들로, 정갈한 일식 취향과 보드게임을 즐기는 반전 매력을 가진 광주의 20대 …
A0288	A	24	남자	생산관리 사무원	강원	강원-춘천시	#고디지털 #보안민감 #직장인	김유겸 씨는 춘천에서 근무하는 유능한 건설 생산관리 사무원으로, 높은 소득과 실무 능력을 갖췄지만 내면의 불안감을 완벽주의로 …
A0289	A	21	남자	자재 관리 사무원	경기	경기-화성시	#고디지털 #직장인	김상혁 씨는 화성시에서 근무하는 21세의 자재 관리 사무원으로, 일찍 사회생활을 시작한 실속 있는 감각과 조용하고 균형 잡힌 …
A0290	A	26	남자	농약·비료 기술자 및 연구원	충청남	충청남-당진시	#저디지털 #직장인 #테크회의론	임준형 씨는 당진의 농촌 현장과 대학원의 학구적 배경을 모두 갖춘 비료 연구원으로, 미식 탐방과 블로그 기록을 즐기며 건강 관…
A0291	A	35	남자	인사 및 노무 사무원	서울	서울-관악구	#고디지털 #약관정독 #직장인	김명국 씨는 공학적 이성과 인사 실무의 유연함을 겸비한 30대 직장인으로, 건강상의 취약점에도 불구하고 게임과 술, 그리고 자…
A0292	A	26	남자	그 외 금속 및 재료 공학 시험원	부산	부산-동구	#직장인 #테크회의론	김영진 씨는 정밀한 금속 시험 업무를 수행하는 꼼꼼한 기술자이면서도, 일상의 산책과 역사 여행을 통해 정서적 안정을 찾는 부산…
A0293	A	20	여자	컴퓨터 소프트웨어 개발 관리자	경상북	경상북-구미시	#고디지털 #직장인	신은혜 씨는 구미의 회색빛 공단 속에서 따뜻한 소프트웨어를 꿈꾸며, 필름 카메라와 산책으로 정서를 돌보는 20대 개발자입니다.
A0294	A	20	여자	그 외 건축 마감 관련 기능 종사원	경기	경기-고양시 일산동구	#고디지털 #직장인	임혜리향 씨는 일산에서 활동하는 20세 건축 마감 전문가로, 정교한 기술력과 계획적인 삶의 태도를 바탕으로 자신만의 스튜디오를…
A0295	A	19	남자	그 외 일반 영업원	광주	광주-광산구	#직장인	정진제 씨는 서비스직의 유연함과 예술가적 감수성을 동시에 지닌 채, 광주의 어느 골목에서 자신만의 서점 겸 카페를 꿈꾸는 19…
A0296	A	32	남자	그 외 화물차 및 특수차 운전원	경기	경기-파주시	#직장인 #테크회의론	지재영 씨는 파주에서 특수 차량을 운전하며 자가 아파트에 거주하지만, 낮은 소득과 고혈압, 고도비만이라는 건강 문제를 안고 살…
A0297	A	24	여자	지방행정 사무원	전라남	전라남-화순군	#직장인	이미정 씨는 화순군청의 유연한 행정 사무원이자, 자연과 반려견을 사랑하며 소소한 일상의 행복과 정시 퇴근을 가치 있게 여기는 …
A0298	A	37	남자	전직 경·소형 화물차 운전원, 현재 구직중	경기	경기-수원시 팔달구	#비경제활동 #창업준비	한형수 씨는 수원의 지름길을 꿰고 있는 전직 화물차 운전원으로, 예술적 감수성과 건강 문제라는 상반된 고민을 안고 새로운 삶의…
A0299	A	21	여자	음식 서비스 종사원	충청북	충청북-충주시	#직장인	엄희솔 씨는 삶의 굴곡을 통해 얻은 현실적인 감각과 예술적 감수성을 동시에 지닌 채, 자신만의 작은 빵집을 꿈꾸며 묵묵히 내일…
A0300	A	32	여자	검표원	대전	대전-유성구	#직장인	김희정 씨는 대전 유성구에서 검표원으로 근무하며 교육학적 전문성으로 업무 효율을 높이는, 빵과 산책을 사랑하는 32세 미혼 여…
A0301	A	36	남자	건물 내 전기 설치 및 정비원	경기	경기-의정부시	#직장인	이동건 씨는 전기 정비 분야의 탁월한 기술력과 비주류 예술에 대한 섬세한 감성을 동시에 지닌 외유내강형의 30대 기술자입니다.
A0302	A	28	남자	그 외 유리 제조 및 가공기 조작원	세종	세종-세종시	#직장인	임재영 씨는 세종시에서 유리 가공 기술자로 근무하며 성실함과 정밀함을 바탕으로 안정적인 일상을 가꾸어가는 20대 청년입니다.
A0303	A	20	여자	한식 조리사	서울	서울-도봉구	#직장인	조봄이 씨는 도봉구에서 자가 주택을 마련한 스무 살의 한식 조리사로, 탁월한 실무 능력과 사교성을 겸비한 현실적인 청년입니다.
A0304	A	21	여자	전직 보육 관련 시설 서비스 종사원, 현재 구직중	서울	서울-서초구	#비경제활동	박현지 씨는 서초구의 안정적인 환경에서 자라 배려심과 꼼꼼함을 갖춘 전직 보육 교사로, 현재는 국공립 어린이집 입사를 꿈꾸며 …
A0305	A	24	남자	데이터 분석가	전북	전북-익산시	#고디지털 #직장인 #테크회의론	이용원 씨는 신중한 데이터 분석가로서의 전문성과 정적인 자연 속에서 위안을 얻는 내향적인 성향, 그리고 기름진 음식으로 스트레…
A0306	A	34	남자	교육 및 훈련 사무원	서울	서울-성동구	#고디지털 #직장인 #테크회의론	이예훈 씨는 성수동에 거주하며 전기장비 교육 행정을 완벽하게 처리하는 꼼꼼한 성격의 소유자로, 계획적인 삶과 예상치 못한 방전…
A0307	A	34	여자	범용 소프트웨어 프로그래머	경기	경기-구리시	#고디지털 #직장인	오송이 씨는 날카로운 개발 실력과 섬세한 정서적 기복을 동시에 지닌 채, 구리시에서 미식과 산책으로 삶의 균형을 잡으려 노력하…
A0308	A	24	여자	산업 안전원	서울	서울-중랑구	#직장인	윤유주 씨는 낮은 처우의 산업 안전원으로 일하며 완벽주의적 성향과 미래에 대한 야망 사이에서 치열하게 성장하고 있는 20대 청…
A0309	A	33	남자	회계 사무원	경상북	경상북-상주시	#고디지털 #직장인	이동철 씨는 경북 상주에서 꼼꼼한 회계 업무와 헌신적인 가족 부양, 그리고 주각산 등산과 사우나를 통해 삶의 균형을 찾는 30…
A0310	A	24	여자	주방 보조원	경기	경기-양주시	#직장인	허서영 씨는 양주 옥정지구에서 부모님과 거주하며 일식당 책임자를 꿈꾸는 주방 보조원으로, 현실적인 성장과 소소한 취향 사이에서…
A0311	A	36	남자	그 외 화학공학 기술자 및 연구원	서울	서울-영등포구	#고디지털 #직장인	박계백 씨는 수학적 분석력과 예술적 감성을 결합해 세상에 없는 종이를 꿈꾸는, 느긋하면서도 섬세한 30대 연구원입니다.
A0312	A	21	여자	보육교사	경기	경기-의정부시	#저디지털 #직장인	이예완 씨는 아이들의 순수한 시각으로 세상을 바라보며 숲 유치원의 꿈을 키워가는, 예술적 감수성이 풍부한 21세의 보육교사입니…
A0313	A	24	남자	가스 용접원	전라남	전라남-광양시	#저디지털 #직장인	정시온 씨는 광양의 가스 용접원으로 근무하며 성실한 저축과 소소한 식도락, 사우나를 통해 안정을 찾는 20대 청년입니다.
A0314	A	26	여자	보육교사	서울	서울-은평구	#직장인	김현정 씨는 은평구에서 성실하게 근무하는 20대 보육교사로, 대가족 문화의 예절과 MZ세대의 트렌드를 동시에 품은 채 전문성을…
A0315	A	21	남자	전직 회계 사무원, 현재 구직중	부산	부산-부산진구	#고디지털 #비경제활동 #테크회의론	윤지훈 씨는 부산진구에서 가족과 함께 거주하며 안정적인 사무직 취업을 꿈꾸는, 꼼꼼한 성격과 정적인 취향을 가진 21세 청년입…
A0316	A	22	남자	전직 전기 용접원, 현재 구직중	경상남	경상남-창원시 성산구	#비경제활동	우종욱 씨는 정교한 용접 기술을 가진 공학도이자, 상남동의 밤거리와 게임 속 세상을 사랑하는 다정한 성격의 취업 준비생입니다.
A0317	A	29	여자	마케팅 전문가	서울	서울-관악구	#고디지털 #직장인	임수진 씨는 완벽한 업무 처리 능력과 깊은 내면의 불안을 동시에 안고 살아가는 20대 후반의 교육 마케팅 전문가입니다.
A0318	A	27	남자	회계 사무원	서울	서울-강서구	#고디지털 #직장인	노건우 씨는 ICT 전공 지식을 회계 업무에 접목해 효율을 추구하는 강서구 거주 27세 직장인으로, 헬스와 사우나로 스트레스를…
A0319	A	28	남자	법무 사무원	경기	경기-이천시	#약관정독 #직장인	임상윤 씨는 이천의 화학 기업에서 근무하는 꼼꼼한 법무 사무원이자, 식도락 여행과 웹툰을 즐기며 안정적인 삶을 꾸려가는 20대…
A0320	A	30	여자	전직 사무 보조원, 현재 구직중	서울	서울-동작구	#고디지털 #비경제활동	정서림 씨는 흑석동 골목길의 정취 속에서 안정적인 직장을 꿈꾸며, 소소한 디지털 유희와 가족과의 조용한 나들이로 일상의 공허함…
A0321	A	36	남자	그 외 화학제품 생산기 조작원	인천	인천-남동구	#직장인	김기훈 씨는 인천 남동공단의 성실한 기술직 노동자이자, LCK와 현대 미술을 사랑하며 조용한 개인의 삶을 지향하는 30대 중반…
A0322	A	39	여자	전직 총무 사무원, 현재 구직중	경기	경기-수원시 장안구	#비경제활동	나새롬 씨는 교육학 전공의 꼼꼼함과 행정 실무 능력을 갖춘 39세 구직자로, 수원 장안구에서 남편과 생활하며 뷰티와 노래방으로…
A0323	A	23	남자	우편집배원	전북	전북-전주시 완산구	#직장인	이종민 씨는 전주 완산구의 지리를 꿰고 있는 유능한 우편집배원이자, 인디 문화와 사람 사이의 온기를 사랑하는 낭만적인 스물세 …
A0324	A	31	여자	정보 시스템 운영자	부산	부산-남구	#고디지털 #직장인	전은지 씨는 부산 남구의 마당 있는 집에서 부모님과 살며 교육기관의 시스템을 책임지는 유능한 운영자이자, 운동과 맛집 탐방으로…
A0325	A	30	남자	섬유 공정 개발 기술자 및 연구원	대전	대전-대덕구	#직장인	오태환 씨는 교육학 전공의 소통 능력을 갖춘 섬유 공정 연구원으로, 대전에서 아내와 함께 현실적인 행복과 주거 안정을 쫓으며 …
A0326	A	35	남자	영업 관리 사무원	전라남	전라남-목포시	#직장인	이재현 씨는 목포 건설 현장의 실무 해결사이자 T1의 열렬한 팬이며, 자가 아파트라는 안정감 속에서 일식과 산책으로 일상의 균…
A0327	A	33	남자	우편집배원	경상북	경상북-봉화군	#직장인	문승구 씨는 봉화군의 구석구석을 꿰고 있는 성실한 우편집배원이자, 주말마다 홀로 맛집을 찾아다니며 소박한 행복을 누리는 30대…
A0328	A	20	남자	그 외 전기공학 기술자 및 연구원	경기	경기-안양시 동안구	#저디지털 #직장인	김예본 씨는 안양에서 전기 수리공으로 일하며 조부모님을 모시고 사는, 현실적이고 성실한 20대 청년입니다.
A0329	A	23	남자	그 외 물품 이동 장비 조작원	경기	경기-용인시 기흥구	#저디지털 #직장인	권재현 씨는 용인의 펄프 공장에서 지게차를 운전하는 23세 청년으로, 가족에 대한 배려심과 독립적인 공간에 대한 욕구를 동시에…
A0330	A	38	여자	범용 소프트웨어 프로그래머	서울	서울-도봉구	#고디지털 #직장인	정민정 씨는 도봉구에서 자가를 보유한 실무 중심의 소프트웨어 개발자로, 안정적인 가정생활과 소박한 개인적 휴식을 통해 삶의 균…
A0331	A	22	남자	특허 사무원	전라남	전라남-광양시	#직장인	김원호 씨는 전남 광양에서 특허 사무원으로 근무하며 지식재산권 전문가를 꿈꾸는 22세 청년으로, 체계적인 업무 능력과 따뜻한 …
A0332	A	30	남자	그 외 일반 영업원	부산	부산-사하구	#직장인	정형선 씨는 사하구에서 성공한 젊은 영업인으로, 실리적인 경제 관념과 소탈한 성격을 가졌지만 고도비만과 흡연이라는 건강 리스크…
A0333	A	34	남자	경영 기획 사무원	충청남	충청남-천안시 서북구	#가격깐깐 #직장인	김병호 씨는 공학적 정밀함으로 사업장을 관리하며 가족의 안녕과 자산의 안정을 지키는 천안의 성실한 30대 가장입니다.
A0334	A	27	여자	치과위생사	서울	서울-광진구	#직장인	김민주 씨는 광진구에서 형제들을 이끄는 책임감 있는 가장이자, 일터에서는 능숙한 치과위생사로 활동하며 퇴근 후에는 성수동의 문…
A0335	A	35	여자	한식 조리사	경상북	경상북-문경시	#직장인	문은별 씨는 문경의 정취 속에서 한식 조리사로 일하며 소박한 인정과 개인적인 휴식의 가치를 소중히 여기는 30대 여성입니다.
A0336	A	32	남자	그 외 서비스 관련 단순 종사원	경상북	경상북-포항시 북구	#직장인	허동인 씨는 포항에서 가전 수리 일을 하며 내 집 마련의 안정을 찾았지만, 건강 관리와 미래 설계보다는 현재의 소박한 휴식과 …
A0337	A	28	남자	구급 요원	경기	경기-수원시 영통구	#직장인	이형기 씨는 현장의 긴박함은 능숙하게 다루지만 서류 작업은 질색하는, 탄탄한 근육 뒤에 혈당 고민을 숨긴 20대 후반의 실용주…
A0338	A	25	여자	그 외 음식 서비스 종사원	경기	경기-성남시 분당구	#고디지털 #직장인 #창업준비	이소영 씨는 분당의 안정적인 환경 속에서 서비스직 실무를 익히며 자신만의 감성적인 브런치 카페 창업을 꿈꾸는 20대 청년입니다…
A0339	A	33	남자	총무 사무원	경기	경기-수원시 권선구	#고디지털 #직장인	김인수 씨는 수학적 정밀함으로 업무를 처리하면서도 예술적 감성과 고독한 여행을 즐기는, 정교함과 낭만이 공존하는 30대 초반의…
A0340	A	32	여자	데이터 분석가	울산	울산-중구	#고디지털 #직장인	박유라 씨는 울산에서 데이터 분석가로 일하며 안정적인 삶과 개인의 정적인 휴식을 조화롭게 가꾸는 서른두 살의 직장인입니다.
A0341	A	31	남자	전화 상담원	서울	서울-은평구	#직장인	이두현 씨는 은평구에서 물류 상담원으로 일하며 아내와 함께 더 넓은 전셋집으로 이사 가기를 꿈꾸는, 정 많고 현실적인 30대 …
A0342	A	22	남자	금속제품 도장기 조작원	대구	대구-북구	#직장인	박재호 씨는 대구의 금속 공단에서 정밀하게 도장기를 다루는 성실한 청년이자, 퇴근 후에는 게임과 캠핑으로 스트레스를 푸는 어머…
A0343	A	32	남자	그 외 도시 및 교통 관련 전문가	부산	부산-동래구	#직장인	노정혁 씨는 부산의 교통 체계를 설계하는 유능한 전문가이자, 가족을 끔찍이 아끼지만 배달 음식과 흡연 습관을 버리지 못한 평범…
A0344	A	31	남자	119 구조대원	전북	전북-순창군	#직장인	최성호 씨는 순창에서 근무하는 119 구조대원으로, 격투기와 일식 탐방이라는 확실한 취미를 가진 채 친척들과 함께 단독주택에 …
A0345	A	29	남자	산업용로봇 조작원	서울	서울-동대문구	#직장인	임현규 씨는 인문학적 소양을 가진 산업용 로봇 조작원으로, 제조업 현장의 치열함과 퇴근 후의 정적인 삶 사이에서 균형을 찾으려…
A0346	A	25	남자	금형공학 기술자 및 연구원	경기	경기-수원시 권선구	#고디지털 #직장인	이영성 씨는 수원에서 가족과 함께 살며 금형 공학의 정밀함과 경영학적 효율을 동시에 추구하는 25세 기술자로, 홀로 떠나는 역…
A0347	A	32	남자	화학제품 생산 관리자	인천	인천-부평구	#직장인	기영주 씨는 인천 부평에서 의약품 생산 관리자로 근무하며, 가족과의 끈끈한 유대감과 지적 호기심 사이에서 균형을 찾아가는 30…
A0348	A	27	남자	지방행정 사무원	대전	대전-서구	#직장인	최태규 씨는 대전 서구에서 근무하는 능숙한 지방행정 사무원이자, 배달 음식과 게임으로 스트레스를 풀며 안정적인 일상을 추구하는…
A0349	A	30	남자	그 외 교사	전북	전북-전주시 완산구	#직장인	윤은범 씨는 전주의 정서를 품은 공학 전공 교사로, 자가 아파트의 안정감 속에서 건강 관리와 소소한 취미 사이의 균형을 찾으려…
A0350	A	31	남자	생산관리 사무원	경기	경기-성남시 중원구	#고디지털 #직장인	변현조 씨는 성남 중원구에서 근무하는 30대 생산관리 사무원으로, 성실하게 저축하며 분당 입성을 꿈꾸는 현실적이고 배려심 깊은…
A0351	A	32	남자	교육 및 훈련 사무원	경기	경기-군포시	#고디지털 #직장인	이성준 씨는 군포 산본에서 친구들과 거주하며 코딩 부트캠프 행정 전문가로 성장하고 있는, 실용주의적 성향의 32세 남성입니다.
A0352	A	34	남자	수상운송 사무원	제주	제주-제주시	#직장인	장윤범 씨는 제주항에서 근무하는 34세 수상운송 사무원으로, 자가 주택의 안락함과 사우나, 야구 관람, 가족과의 외식을 통해 …
A0353	A	27	남자	조세행정 사무원	강원	강원-춘천시	#약관정독 #직장인 #테크회의론	이명한 씨는 춘천에서 근무하는 꼼꼼한 조세행정 사무원으로, 철저한 자기관리와 사회적 유능함 뒤에 완벽주의적 불안을 간직한 27…
A0354	A	34	남자	전화 상담원	경기	경기-안양시 동안구	#직장인	황주용 씨는 낮에는 감정 노동을 견디는 친절한 상담원으로, 밤에는 인디 게임과 기록에 몰입하며 숲속의 고독을 사랑하는 30대 …
A0355	A	31	남자	자재 관리 사무원	경기	경기-군포시	#가격깐깐 #고디지털 #직장인	한제영 씨는 꼼꼼한 자재 관리 능력과 계획적인 소비 습관을 갖췄으며, 주말의 캠핑과 평일의 정적인 휴식을 통해 삶의 균형을 찾…
A0356	A	34	남자	인쇄 관련 기능 종사원	대전	대전-중구	#저디지털 #직장인	전호성 씨는 손때 묻은 인쇄기 앞에서 장인 정신을 발휘하며 가족을 부양하는, 고요한 내면과 성실한 삶을 가진 30대 숙련공입니…
A0357	A	29	남자	영업 관리 사무원	경기	경기-오산시	#고디지털 #직장인	성용현 씨는 농학 전공 지식을 유통 현장에 접목해 효율적인 물류 시스템을 꿈꾸는, 털털하고 현실적인 20대 후반의 영업 관리자…
A0358	A	25	여자	그 외 일반 영업원	경상북	경상북-경산시	#고디지털 #약관정독 #직장인	권정연 씨는 경산에 거주하며 치밀한 성격과 뛰어난 공감 능력으로 금융 영업 분야에서 빠르게 성장하고 있는 25세의 야심 찬 청…
A0359	A	27	남자	고무제품 조립원	광주	광주-서구	#직장인	박성민 씨는 광주의 고무제품 조립원으로 일하며 정교한 기술력과 미식에 대한 갈망, 그리고 운동에 대한 과한 의욕을 동시에 가진…
A0360	A	25	여자	시내버스 운전원	경기	경기-안산시 단원구	#직장인	이지원 씨는 안산 시내를 누비는 베테랑 버스 운전원으로, 성실한 일상과 화려한 밤의 문화를 동시에 즐기며 내 집 마련의 꿈을 …
A0361	A	34	남자	단말기 및 통신 서비스 판매원	서울	서울-관악구	#약관정독 #직장인	조상휘 씨는 사람의 마음을 읽는 탁월한 영업 감각과 일식에 대한 진심 어린 애정을 가진, 낭만과 현실 사이에서 줄타기 하는 3…
A0362	A	37	여자	번역가	서울	서울-관악구	#직장인	김은정 씨는 관악구에서 부모님과 함께 사는 법률 전문 번역가로, 강한 책임감과 예민한 감수성 사이에서 균형을 잡으며 가족의 안…
A0363	A	32	여자	통신장비 기사	부산	부산-금정구	#고디지털 #직장인	최지은 씨는 부산 금정구에서 통신장비 기사로 일하며 내 집 마련의 꿈을 이룬, 실용성과 책임감이 강한 30대 여성입니다.
A0364	A	27	남자	특수 경비원	경기	경기-의정부시	#고디지털 #보안민감 #직장인	오민석 씨는 성실한 보안 요원으로 일하며 혼자만의 미식 여행과 게임으로 소소한 행복을 찾는, 겉으로는 무던해 보이지만 내면은 …
A0365	A	23	남자	조사 전문가	경기	경기-군포시	#직장인	김수겸 씨는 사람을 다루는 능숙한 사회성과 현실적인 야망을 가졌지만, 생활 습관은 다소 느슨한 20대 초반의 조사 전문가입니다…
A0366	A	22	여자	그 외 음식 서비스 종사원	경상남	경상남-창원시 의창구	#직장인 #창업준비	정다솜 씨는 창원에서 성실하게 일하며 디저트 카페 창업을 꿈꾸는, 외유내강형의 20대 초반 여성입니다.
A0367	A	22	여자	승용차 및 승합차 운전원	경기	경기-남양주시	#직장인 #테크회의론	최보경 씨는 남양주에서 성실하게 운전직으로 근무하며 독립을 꿈꾸는, 소박한 식도락과 휴식을 사랑하는 22세 청년입니다.
A0368	A	33	여자	치과위생사	울산	울산-남구	#직장인 #테크회의론	강보현 씨는 울산 남구에서 자가를 소유하고 치과위생사로 근무하며, 정갈한 미식과 안정적인 일상의 균형을 추구하는 30대 여성입…
A0369	A	31	여자	조미 식품 생산기 조작원	인천	인천-부평구	#직장인	오수영 씨는 부평의 조미 식품 공장에서 감각적인 숙련도를 쌓아가는 기술자이자, 어머니와의 식도락 여행과 웹툰으로 일상의 균형을…
A0370	A	35	남자	그 외 기계공학 기술자 및 연구원	경상남	경상남-창원시 의창구	#직장인	우지수 씨는 창원의 자동차 부품 연구원으로 근무하며 가족에 대한 헌신과 개인의 소소한 즐거움 사이에서 균형을 찾으려 노력하는 …
A0371	A	22	남자	자재 관리 사무원	전북	전북-임실군	#고디지털 #직장인	김민찬 씨는 전북 임실에서 농자재를 관리하는 꼼꼼한 사무원이자, 내면에는 예술적 갈망과 스마트 물류 전문가라는 야심을 동시에 …
A0372	A	37	여자	국가행정 사무원	부산	부산-북구	#직장인	신연선 씨는 부산 북구에서 근무하는 안정적인 공무원이자, 소박한 일상과 휴식을 통해 삶의 균형을 찾는 30대 후반의 여성입니다…
A0373	A	22	남자	국가행정 사무원	대전	대전-유성구	#저디지털 #직장인	조대상 씨는 유성구의 공공기관에서 근무하는 꼼꼼한 성격의 사회과학 전공자로, 식도락 여행과 전략 게임을 즐기는 22세 청년입니…
A0374	A	31	남자	경영 기획 사무원	대구	대구-수성구	#약관정독 #직장인	정정수 씨는 대구 수성구의 안정적인 기반 위에서 성실하게 커리어를 쌓아가는, 보수적이면서도 유연함을 갖춘 30대 직장인입니다.
A0375	A	21	남자	병무행정 사무원	경상북	경상북-경주시	#약관정독 #직장인 #테크회의론	최신혁 씨는 경주에서 성실하게 병무행정직으로 근무하며, 안정적인 공직 생활과 소소한 식도락 및 자기 관리를 통해 삶의 만족을 …
A0376	A	24	여자	일반 간호사	인천	인천-미추홀구	#직장인	최예나 씨는 인천 미추홀구에서 3세대 가족과 함께 살며, 병원의 치열함과 일상의 정적인 휴식 사이에서 균형을 잡으려 노력하는 …
A0377	A	34	남자	그 외 상점 판매원	충청남	충청남-천안시 서북구	#직장인	박상윤 씨는 천안 도매 시장의 능숙한 판매원이자, 2000년대 노래와 스포츠 숏츠에 열광하며 가족과 반려견을 아끼는 34세의 …
A0378	A	28	여자	전자제품 제조 기계 조작원	경기	경기-성남시 분당구	#직장인 #테크회의론	조윤정 씨는 분당의 정돈된 도시에서 기계 조작원으로 성실히 일하며 가족을 부양하는 책임감 강한 가장이자, 고분군의 곡선과 게임…
A0379	A	23	남자	총무 사무원	경상남	경상남-김해시	#고디지털 #직장인 #테크회의론	정승은 씨는 김해에서 나고 자라 실용적인 사고방식을 가진 23세의 총무 사무원으로, 자연 속의 휴식과 전자기기에 관심이 많은 …
A0380	A	26	남자	반도체공학 기술자 및 연구원	서울	서울-서초구	#고디지털 #직장인 #테크회의론	최민수 씨는 서초구의 안정적인 환경에서 자라 반도체 공정의 정밀함을 추구하는 연구원이 되었지만, 정적인 생활 습관과 스트레스로…
A0381	A	25	남자	염색기 조작원	경기	경기-안양시 동안구	#직장인	최재혁 씨는 안양에서 근무하는 유능한 염색기 조작원으로, 고소득을 바탕으로 미식과 스포츠 관람을 즐기며 건강 관리가 필요한 2…
A0382	A	29	여자	간호조무사	경기	경기-안산시 단원구	#직장인	이미록 씨는 안산에서 간호조무사로 일하며 더 나은 내일을 꿈꾸지만, 현실의 낮은 소득과 예민한 성격 사이에서 잔잔한 일상의 행…
A0383	A	32	남자	관세행정 사무원	경기	경기-안양시 만안구	#고디지털 #직장인	서수빈 씨는 안양에 뿌리를 둔 꼼꼼한 관세행정 전문가로, 안정적인 가정생활과 관세사 자격 취득이라는 목표 사이에서 성실하게 분…
A0384	A	22	남자	보안 관제원	광주	광주-광산구	#고디지털 #보안민감 #직장인	최인범 씨는 광주에서 보안 관제원으로 일하며 성실하게 미래를 준비하는, 정적인 휴식과 몰입의 시간을 사랑하는 22세 청년입니다…
A0385	A	27	남자	그 외 건설·전기 및 생산 관련 관리자	경기	경기-용인시 수지구	#직장인 #테크회의론	박연준 씨는 성실한 직장 생활과 철저한 자기관리 사이에서 균형을 찾으려 노력하며, 가족의 온기와 익숙한 일상의 평온함을 최고의…
A0386	A	28	남자	그 외 사회복지 관련 종사원	경상북	경상북-경주시	#직장인	이병웅 씨는 경주에서 공학적 전문성을 사회복지 시설 관리에 접목해 일하는 실용주의자로, 삼성 라이온즈에 대한 열정과 일식에 대…
A0387	A	31	남자	해외 영업원	서울	서울-마포구	#고디지털 #직장인	김용운 씨는 수학적 논리력과 사교성을 겸비한 해외 영업원으로, 마포구에서 아버지와 살며 체계적인 커리어 성장과 현실적인 쾌락 …
A0388	A	27	여자	그 외 교육 전문가	강원	강원-원주시	#가격깐깐 #직장인	노지현 씨는 원주에서 실무 중심의 교육 전문가로 활동하며 꼼꼼한 가계부 관리와 체계적인 자기관리 능력을 갖췄지만, 혈당 관리와…
A0389	A	21	남자	관세행정 사무원	충청북	충청북-청주시 흥덕구	#직장인	서민기 씨는 청주의 계획도시 감성과 유교적 가족관을 동시에 지닌 채, 관세 행정 전문가를 꿈꾸며 주짓수와 노포 탐방으로 삶의 …
A0390	A	22	남자	전직 그 외 일반 영업원, 현재 구직중	서울	서울-성북구	#고디지털 #비경제활동	이승안 씨는 성북구에 거주하며 꼼꼼한 영업 경력을 바탕으로 운영 지원직을 꿈꾸는, 내성적이고 책임감 강한 고도비만 청년 구직자…
A0391	A	33	남자	호텔 서비스원	부산	부산-사하구	#직장인	조동현 씨는 부산 사하구에서 거주하며 호텔리어로 일하는, 섬세한 감각과 즉흥적인 성격을 동시에 가진 33세 미혼 남성입니다.
A0392	A	33	여자	철도운송 관련 종사원	경기	경기-성남시 중원구	#직장인	최다은 씨는 철도 운송 분야의 전문성을 키우며 성남에서 남편과 함께 안정적인 일상을 가꾸어 나가는, 현실적이면서도 유연한 30…
A0393	A	37	남자	산업 안전원	세종	세종-세종시	#약관정독 #저디지털 #직장인	하건형 씨는 미학적 감수성과 산업 안전이라는 이질적인 두 영역 사이에서 균형을 잡으려 애쓰며, 외로운 도시 생활의 틈새를 예술…
A0394	A	22	남자	법무 사무원	경기	경기-시흥시	#고디지털 #약관정독 #직장인	권현서 씨는 법무 사무원의 꼼꼼함과 인문학적 감수성을 동시에 지닌, 배곧신도시에 거주하는 22세의 청년입니다.
A0395	A	31	남자	그 외 일반 영업원	서울	서울-송파구	#가격깐깐 #고디지털 #약관정독 #직장인	이인호 씨는 꼼꼼한 성격의 금융 영업직 종사자로, 아내와 함께하는 식도락 여행과 내 집 마련이라는 목표를 향해 성실하게 살아가…
A0396	A	38	남자	조사 전문가	경기	경기-평택시	#고디지털 #직장인	나용해 씨는 평택에서 유통 데이터 분석가로 일하며 내 집 마련의 꿈을 키우는, 느긋하지만 현실적인 30대 후반의 가장입니다.
A0397	A	32	남자	마케팅 전문가	서울	서울-동대문구	#고디지털 #약관정독 #직장인 #테크회의론	신동현 씨는 꼼꼼한 실무 능력과 법적 지식을 겸비한 스포츠 마케터로, 운동과 수집이라는 정반대의 취미를 동시에 즐기며 내실 있…
A0398	A	25	남자	금형원	경기	경기-평택시	#가격깐깐 #직장인	최상운 씨는 평택에서 정밀 금형 기술자로 일하며, 소박한 일상의 행복과 현실적인 안정을 추구하는 25세 청년입니다.
A0399	A	29	여자	광고 전문가	경기	경기-광명시	#직장인	조시연 씨는 섬세한 인문학적 시선으로 세상을 읽어내는 광고 전문가이며, 완벽주의적 성향과 신체적 콤플렉스 사이에서 균형을 찾아…
A0400	A	28	여자	음료 배달원	서울	서울-양천구	#직장인	문아련 씨는 양천구 골목을 누비는 배달원으로 일하며, 소박한 방 꾸미기와 자연 속 산책을 통해 삶의 안정을 찾는 실용적인 20…
A0401	A	38	여자	전직 국가행정 사무원, 현재 구직중	대구	대구-달서구	#고디지털 #비경제활동	구아영 씨는 대구 달서구에서 자가 아파트에 거주하며 공직 생활의 성실함과 개인의 자유 사이에서 균형을 찾는, 내실 있는 30대…
A0402	A	20	남자	단말기 및 통신 서비스 판매원	대구	대구-달서구	#약관정독 #직장인 #창업준비	유주원 씨는 대구 달서구에서 성실하게 휴대폰을 판매하며 미래의 창업을 꿈꾸지만, 내면의 예민함과 건강 관리의 소홀함이라는 과제…
A0403	A	22	남자	간호조무사	경기	경기-안산시 단원구	#직장인	김주민 씨는 안산에서 간호조무사로 근무하며 가족을 아끼고 자립을 꿈꾸는, 건강 관리가 필요한 20대 초반의 사교적인 청년입니다…
A0404	A	38	남자	전자제품 개발 기술자 및 연구원	충청남	충청남-천안시 서북구	#직장인	곽성운 씨는 천안에서 자동차 전자제어장치를 설계하는 전문 기술자로, 퇴근 후 하이볼 한 잔과 전자기기 수집으로 소소한 행복을 …
A0405	A	23	여자	그 외 기능 관련 종사원	서울	서울-중랑구	#저디지털 #직장인 #창업준비	박호정 씨는 중랑구에서 부모님과 거주하며 정교한 네일 기술로 창업을 꿈꾸는 23세 사회초년생으로, 미식과 웹툰을 통해 일상의 …
A0406	A	31	여자	관광버스 운전원	경기	경기-부천시 원미구	#직장인	김지혜 씨는 부천에 거주하며 인문학적 소양과 치밀한 운전 기술을 겸비한 관광버스 운전원으로, 예술적 감성과 현실적인 직업 사이…
A0407	A	24	여자	보육교사	대전	대전-동구	#저디지털 #직장인 #테크회의론	조은채 씨는 대전 동구에서 아이들의 마음을 보듬는 보육교사로 일하며, 맛집 탐방과 숏폼 콘텐츠로 일상의 소소한 행복을 찾는 2…
A0408	A	29	여자	보육교사	서울	서울-은평구	#직장인	유예빈 씨는 은평구에 거주하며 아이들의 성장을 돕는 보육교사로 일하며, 역사 유적지와 독립 서점을 사랑하는 정적인 취향과 현실…
A0409	A	30	남자	산업용로봇 조작원	경기	경기-수원시 영통구	#직장인	김세영 씨는 정밀한 기계 제어 능력과 예술적 감수성을 동시에 지닌 인물로, 안정적인 직장 생활 속에서도 창조적인 갈증을 느끼며…
A0410	A	26	여자	과학 교사	서울	서울-관악구	#고디지털 #직장인	이수빈 씨는 인문학적 감성과 과학적 논리를 겸비한 채, 관악구의 일상 속에서 실용적인 행복을 찾아가는 20대 과학 교사입니다.
A0411	A	36	남자	전기 용접원	경기	경기-시흥시	#고디지털 #직장인	박경석 씨는 시흥에서 정밀 용접 기술로 인정받으며 자신만의 공방을 꿈꾸는, 소탈하지만 내면의 외로움과 건강 고민을 가진 30대…
A0412	A	33	남자	자동차 부품 기술 영업원	광주	광주-서구	#직장인	이순주 씨는 인문학적 소양을 영업에 활용하는 자동차 부품 전문가이자, 고요한 예술적 취향과 고사양 게임이라는 상반된 휴식을 즐…
A0413	A	27	여자	그 외 조리사	서울	서울-은평구	#직장인	이지민 씨는 철저한 자기관리와 조리 전문성을 바탕으로 미래의 비스트로 운영을 꿈꾸는, 내면이 단단하고 세심한 20대 후반의 조…
A0414	A	29	남자	그 외 고객 상담 사무원	서울	서울-서대문구	#고디지털 #직장인	서하승 씨는 서울 서대문구에서 IT 고객 상담원으로 근무하며, 성실한 직장 생활과 소박한 취미 활동을 통해 삶의 균형을 찾아가…
A0415	A	20	남자	발전설비 기술자 및 연구원	경기	경기-안산시 단원구	#직장인	박의철 씨는 안산 공단에서 정밀한 전기 설비를 다루는 성실한 청년 기술자로, 소박한 일상 속에서 노포 여행과 야구 관람으로 삶…
A0416	A	36	여자	마케팅 전문가	서울	서울-강서구	#고디지털 #직장인	고초롱 씨는 서울 강서구에 거주하며 전문성을 인정받는 소매업 마케터이지만, 혈당 관리라는 숙제와 빵에 대한 집착 사이에서 아슬…
A0417	A	28	남자	교육 및 훈련 사무원	충청남	충청남-천안시 서북구	#고디지털 #직장인	강재인 씨는 화학 공장의 교육 사무원으로 일하며, 당뇨 관리와 인문학적 취향 사이에서 균형을 찾아가는 20대 후반의 청년입니다…
A0418	A	23	여자	지방행정 사무원	대구	대구-중구	#직장인 #테크회의론	배채현 씨는 대구 중구 주민센터에서 근무하는 23세 공무원으로, 안정적인 일상과 가족과의 유대를 소중히 여기며 퇴근 후의 정적…
A0419	A	31	남자	영업 관리 사무원	서울	서울-영등포구	#고디지털 #직장인	마영제 씨는 영등포에서 내 집 마련을 이룬 실속 있는 30대 직장인으로, 설계 전문성을 바탕으로 한 커리어 성장과 소박하지만 …
A0420	A	34	남자	플랜트공학 기술자 및 연구원	경기	경기-용인시 기흥구	#직장인	이필종 씨는 꼼꼼한 플랜트 기술자로서의 전문성과 내면의 불안을 예술과 자연을 통해 다스리는, 성실하고 다정한 30대 가장입니다…
A0421	A	33	남자	전자 부품 제조 기계 조작원	서울	서울-강남구	#직장인	남영빈 씨는 강남에 거주하며 전자 부품 제조 현장에서 탁월한 감각을 발휘하는 30대 초반의 실용주의자로, 관리직 전환과 내 집…
A0422	A	27	여자	전문 간호사	서울	서울-관악구	#직장인	최한별 씨는 전문성을 갖춘 중환자실 간호사로서 치열하게 일하며, 숲의 고요함과 웹툰의 즐거움으로 삶의 균형을 맞추려는 27세 …
A0423	A	27	여자	출판물 편집자	제주	제주-제주시	#직장인	김주은 씨는 이성적인 과학 전공 지식과 섬세한 편집자의 감각을 갖춘 채, 제주의 자연 속에서 정서적 안정을 찾으며 살아가는 2…
A0424	A	27	남자	그 외 데이터 및 네트워크 관련 전문가	서울	서울-광진구	#고디지털 #직장인	이현기 씨는 자양동의 정취 속에 살며 네트워크의 정밀함을 추구하지만, 일상에서는 고기 소맥과 캠핑으로 불안을 달래는 20대 후…
A0425	A	27	여자	마케팅 전문가	경기	경기-고양시 일산서구	#고디지털 #직장인 #테크회의론	심시온 씨는 일산에 거주하며 ICT 기술을 출판 마케팅에 접목해 데이터로 독자를 분석하는 27세의 전략가이자, 소금빵과 호수공…
A0426	A	31	여자	육아 도우미	서울	서울-노원구	#직장인	조현송 씨는 아이들을 사랑하는 전문 보육인을 꿈꾸며, 맛있는 음식과 나홀로 여행을 통해 삶의 균형을 찾아가는 30대 여성입니다…
A0427	A	32	여자	사회복지사	세종	세종-세종시	#직장인	이한솔 씨는 세종시의 정돈된 일상 속에서 사회복지사로 일하며 예술적 갈증을 독립 서점과 게임으로 채우는, 유연함과 엉뚱함을 동…
A0428	A	21	남자	전직 양식 조리사, 현재 구직중	경기	경기-수원시 영통구	#비경제활동	홍성훈 씨는 정교한 조리 기술과 성실함을 갖췄으나 변화에 민감하고 내성적인, 안정을 갈구하는 21세의 청년 구직자입니다.
A0429	A	39	남자	중앙정부 고위 공무원	서울	서울-서대문구	#약관정독 #저디지털 #직장인	강지헌 씨는 무결점 행정을 추구하는 꼼꼼한 고위 공무원이자, 정해진 일상의 안정을 사랑하지만 대사증후군의 위험을 안고 살아가는…
A0430	A	25	남자	전직 스포츠 감독, 현재 구직중	경기	경기-오산시	#비경제활동 #테크회의론	김상민 씨는 보건복지 전공과 스포츠 지도 경험을 갖춘 사교적인 구직자로, 활동적인 여가 생활을 즐기며 전문 스포츠 매니저를 꿈…
A0431	A	26	남자	크레인 운전원	서울	서울-은평구	#직장인	김하늘 씨는 항공 운송 현장의 정밀한 크레인 운전원이자, 은평구에서 형제들을 부양하며 치킨과 야구에 진심인 털털한 20대 가장…
A0432	A	26	여자	조사 전문가	서울	서울-강동구	#고디지털 #직장인	임세영 씨는 공학적 분석력과 섬세한 감수성을 동시에 지닌 채 강동구에서 데이터 분석 전문가를 꿈꾸며 살아가는 26세 직장인입니…
A0433	A	24	남자	육군 병사	경기	경기-수원시 권선구	#고디지털 #직장인	인상훈 씨는 꼼꼼한 설계 능력을 갖춘 육군 병사로, 전역 후 제조 업계의 신뢰받는 관리자를 꿈꾸며 정적인 휴식과 철저한 자기 …
A0434	A	30	남자	표백기 조작원	강원	강원-원주시	#직장인 #테크회의론	이성규 씨는 원주에서 섬유 공정 전문가로 성장하며 가족과 함께하는 평온한 일상과 혼자만의 고요한 휴식을 조화롭게 유지하는 30…
A0435	A	39	여자	회계 사무원	서울	서울-금천구	#고디지털 #직장인	박현서 씨는 가산디지털단지에서 ICT 역량을 갖춘 회계 사무원으로 근무하며, 식도락 여행과 웨이크보드로 삶의 활력을 찾는 39…
A0436	A	35	여자	일식 조리사	서울	서울-광진구	#직장인	선민영 씨는 섬세한 칼질과 배려심을 갖춘 일식 조리사로, 고요한 혼자만의 시간과 미식 탐구를 통해 삶의 균형을 잡는 35세 여…
A0437	A	31	남자	전직 산업용로봇 조작원, 현재 구직중	경기	경기-용인시 기흥구	#고디지털 #비경제활동	노상현 씨는 정밀한 로봇 조작 기술을 가진 전직 엔지니어로, 현재는 용인에서 부모님과 거주하며 식도락 여행과 축구 분석으로 구…
A0438	A	39	여자	사회복지사	경기	경기-고양시 일산동구	#고디지털 #직장인	김하나 씨는 일산에서 근무하는 꼼꼼한 사회복지사로, 계획적인 소비와 규칙적인 운동을 통해 삶의 균형을 잡으며 역사 여행과 음악…
A0439	A	36	남자	상품 기획자	서울	서울-동작구	#직장인	권준태 씨는 섬세한 업무 능력과 조용한 성품을 가진 30대 중반의 상품 기획자로, 가족과의 안정적인 일상과 건강 회복 사이에서…
A0440	A	34	남자	정보 시스템 운영자	서울	서울-노원구	#직장인	최병삼 씨는 노원구의 자가 아파트에 거주하며 교육 서비스 분야의 시스템 운영자로 일하는 30대 중반 남성으로, 안정적인 삶의 …
A0441	A	21	남자	마케팅 전문가	경상남	경상남-양산시	#고디지털 #직장인 #창업준비	정준목 씨는 양산의 안정감과 부산의 트렌디함을 동시에 가진 20대 초반의 마케터로, 꼼꼼한 관리보다는 즉흥적인 감각과 실행력으…
A0442	A	23	여자	전직 보육교사, 현재 구직중	경기	경기-수원시 장안구	#가격깐깐 #비경제활동	하서현 씨는 보육 현장의 실무 경험을 행정적 전문성으로 승화시키려는 23세의 구직자로, 꼼꼼한 기록 습관과 정적인 취미를 통해…
A0443	A	33	남자	자재 관리 사무원	서울	서울-강서구	#직장인	이진우 씨는 주거의 안정감을 바탕으로 예술적 취향과 개인의 행복을 추구하며, 넉살 좋은 성격으로 일상을 유연하게 살아가는 30…
A0444	A	28	여자	자동 재봉설비 조작원	서울	서울-강동구	#직장인	염혜진 씨는 강동구에서 정밀한 재봉 기술로 커리어를 쌓으며, 예술적 감각과 소소한 미식의 행복을 쫓는 20대 후반의 기술직 여…
A0445	A	28	남자	자동 조립라인 조작원	강원	강원-태백시	#직장인	장정엽 씨는 태백의 트레일러 공장에서 정밀 공정 제어를 담당하며, 퇴근 후에는 게임과 배달 음식으로 스트레스를 해소하는 현실적…
A0446	A	23	남자	통신기기 기술자 및 연구원	경기	경기-남양주시	#직장인	정정원 씨는 남양주에 거주하는 23세의 통신기기 연구원으로, 수학적 재능을 실무에 적용하는 해결사 기질과 사교적인 성격을 가진…
A0447	A	30	남자	그 외 조리사	충청남	충청남-아산시	#직장인	탁유태 씨는 공학적 효율성을 주방에 녹여내는 30세 조리사로, 고독한 휴식과 소소한 유흥 사이에서 자신만의 속도로 삶의 균형을…
A0448	A	32	남자	시각장애인 특수교육 교사	울산	울산-북구	#직장인	강승준 씨는 울산에서 시각장애 학생들을 가르치는 유연한 사고의 특수교사로, 일상의 소소한 휴식과 즉흥적인 즐거움을 통해 감정적…
A0449	A	25	남자	전직 방송 송출 장비 기사, 현재 구직중	서울	서울-구로구	#비경제활동	송정연 씨는 방송 송출 기술이라는 확실한 전문성을 갖췄음에도, 현재는 구로구의 낡은 골목길에서 재취업과 일상의 소소한 즐거움 …
A0450	A	35	남자	경·소형 화물차 운전원	부산	부산-강서구	#직장인	윤창섭 씨는 부산 강서구에서 성실하게 화물차를 운전하며 내 집 마련의 꿈을 키우는, 미식 기록과 휴식을 사랑하는 35세 남성입…
A0451	A	39	남자	그 외 전기공학 기술자 및 연구원	서울	서울-관악구	#직장인	한진현 씨는 교육학을 공부하다 기술직으로 전향한 섬세한 전기 기술자로, 부모님과 함께 살며 동네 어르신들을 돕는 작은 수리점의…
A0452	A	24	여자	유치원 교사	대전	대전-서구	#직장인	김규원 씨는 아이들의 마음을 읽어주는 섬세한 유치원 교사이자, 대전의 조용한 골목에서 심리학과 예술을 통해 내면의 불안을 다스…
A0453	A	32	남자	산업 안전원	대전	대전-유성구	#직장인	김기완 씨는 건설 현장의 안전을 책임지는 날카로운 실무 능력을 갖췄지만, 내면에는 예술적 방랑과 정적인 휴식을 갈망하는 30대…
A0454	A	34	여자	주방 보조원	경기	경기-평택시	#직장인	이혜림 씨는 평택에서 시부모님을 모시며 공공기관 주방 보조원으로 성실히 일하고, 요가와 복싱으로 스트레스를 관리하며 한식 전문…
A0455	A	26	남자	로봇공학 기술자 및 연구원	경기	경기-부천시 원미구	#직장인	윤민수 씨는 법학 지식을 겸비한 로봇 공학도로서, 부천의 익숙한 일상과 고요한 자연 속에서 휴식을 찾는 26세의 현실적인 직장…
A0456	A	22	여자	전직 여행 사무원, 현재 구직중	경기	경기-남양주시	#비경제활동	김지민 씨는 완벽주의 성향을 가진 전직 여행 사무원으로, 남양주에 거주하며 구직 활동과 함께 뷰티, 전시 관람 등 세련된 도시…
A0457	A	28	여자	화학 시험원	인천	인천-서구	#직장인	이주연 씨는 인천의 화학 시험원으로서 전문성을 쌓아가며, 자가 아파트의 안정감 속에서 네일 아트와 시티투어, 맛있는 음식으로 …
A0458	A	28	남자	그 외 공학 관련 기술자 및 시험원	경기	경기-용인시 기흥구	#저디지털 #직장인	홍영현 씨는 교육학 전공을 살려 제조 현장의 기술 소통을 돕는 28세 기술자로, 가족에 대한 애정과 식도락에 대한 열정, 그리…
A0459	A	21	남자	정보 시스템 운영자	경기	경기-성남시 중원구	#고디지털 #직장인	김경민 씨는 성남 중원구에서 동생들을 부양하는 21세의 젊은 가장이자, 클라우드 전문가를 꿈꾸며 시스템 운영 현장에서 실무 능…
A0460	A	38	여자	가전제품 설치 및 수리원	광주	광주-동구	#직장인 #테크회의론	이정하 씨는 광주 동구에서 인정받는 가전 수리 전문가이자, 기아 타이거즈와 파스타, 그리고 부모님과의 평온한 일상을 사랑하는 …
A0461	A	37	여자	통신장비 기사	경기	경기-부천시 소사구	#가격깐깐 #직장인	강아란 씨는 부천 소사구에서 통신장비 기사로 일하며, 정교한 기술적 성취와 소박한 일상의 안정을 동시에 추구하는 30대 후반의…
A0462	A	28	남자	그 외 기획 및 마케팅 사무원	서울	서울-노원구	#가격깐깐 #직장인	탁목은 씨는 노원구의 자가 아파트에 거주하며 꼼꼼한 업무 처리와 정갈한 생활 습관을 가진, 안정과 신뢰를 추구하는 20대 후반…
A0463	A	28	남자	국가행정 사무원	서울	서울-도봉구	#약관정독 #직장인 #테크회의론	이예준 씨는 도봉구에 거주하며 법무 행정의 전문성을 쌓아가는 꼼꼼하고 내향적인 성격의 국가행정 사무원입니다.
A0464	A	20	남자	철도운송 관련 종사원	경상남	경상남-창원시 진해구	#직장인	조동현 씨는 진해에서 철도 운송 업무를 수행하며 실리적인 삶을 추구하는 20세 청년으로, 운동과 트렌디한 소비를 즐기면서도 건…
A0465	A	31	여자	국가행정 사무원	인천	인천-서구	#직장인	이수아 씨는 인천 서구에서 국가행정 사무원으로 근무하며 안정적인 가정생활과 배드민턴, 게임 같은 소박한 취미를 통해 균형 잡힌…
A0466	A	38	남자	그 외 법률 관련 사무원	경기	경기-시흥시	#직장인	김민우 씨는 실무 능력이 탁월한 법률 사무원이자 법무사를 꿈꾸는 노력가이며, 소박한 취미와 가족에 대한 애정으로 삶의 균형을 …
A0467	A	24	남자	바텐더	경기	경기-수원시 권선구	#직장인	정창완 씨는 공학적 정밀함과 섬세한 공감 능력을 갖춘 바텐더로, 자가 아파트의 안락함 속에서 게임과 스노보드를 즐기며 소박한 …
A0468	A	33	남자	그 외 법률 관련 사무원	경기	경기-수원시 권선구	#직장인	조우진 씨는 수원에서 법률 사무원으로 일하며 미식과 볼링, 그리고 다육이 키우기에 푹 빠져 사는 33세 독신 남성입니다.
A0469	A	32	남자	전직 경리 사무원, 현재 구직중	서울	서울-강동구	#고디지털 #비경제활동	이해욱 씨는 꼼꼼한 업무 처리 능력을 갖춘 전직 경리 사무원이자 강동구에 자가를 보유한 32세 남성으로, 수영과 술자리를 통해…
A0470	A	26	남자	네트워크 시스템 개발자	전라남	전라남-나주시	#고디지털 #직장인	박성현 씨는 농학 전공의 네트워크 개발자로서 나주의 지역적 특색과 기술을 접목해 실용적인 스마트팜 시스템을 꿈꾸는, 정이 많고…
A0471	A	31	남자	지게차 운전원	인천	인천-부평구	#직장인	오종일 씨는 부평 공단의 성실한 지게차 운전원으로, 책임감 있는 직장 생활과 소박한 가정생활 사이에서 균형을 잡으며 살아가는 …
A0472	A	33	남자	그 외 기계공학 기술자 및 연구원	서울	서울-도봉구	#고디지털 #직장인	이호현 씨는 도봉구에 자가를 보유한 고소득 정밀 기계 기술자로, 일식 미식 탐방과 가전 분해라는 확고한 취향을 가진 30대 가…
A0473	A	29	남자	산업 안전원	부산	부산-사하구	#저디지털 #직장인	김경원 씨는 세심한 공감 능력과 철저한 전문성을 갖춘 산업 안전원이지만, 내면의 정서적 소모가 커서 고요한 휴식과 미식으로 스…
A0474	A	24	남자	플라스틱 사출기 조작원	인천	인천-부평구	#직장인	길승호 씨는 부평의 플라스틱 사출 현장에서 정교한 감각을 발휘하는 기술자이자, 야구장과 보드게임으로 일상의 활력을 찾는 20대…
A0475	A	36	남자	자재 관리 사무원	경기	경기-남양주시	#고디지털 #직장인	김정석 씨는 정보통신기술 전문성을 갖춘 자재 관리자로, 이혼 후 남양주에서 정적인 일상과 게임, 자연을 통해 심리적 안정을 찾…
A0476	A	29	남자	보육교사	경기	경기-부천시 원미구	#직장인	김연웅 씨는 아이들에게는 인기 만점인 쾌활한 보육교사지만, 정작 자신의 건강 관리와 행정 업무는 뒤로 미루는 20대 후반의 청…
A0477	A	32	남자	관세행정 사무원	서울	서울-광진구	#직장인	한지훈 씨는 꼼꼼한 관세행정 업무 능력과 효심을 갖췄지만, 건강 관리와 독립이라는 과제를 안고 살아가는 30대 직장인입니다.
A0478	A	39	여자	일식 조리사	서울	서울-성북구	#직장인 #테크회의론	장규비 씨는 인문학적 소양을 요리에 접목해 자신만의 미학을 만들어가는, 성북구에 터를 잡은 실력 있는 일식 조리사입니다.
A0479	A	28	남자	산업 안전원	서울	서울-동대문구	#약관정독 #직장인	백주상 씨는 효율적인 공학적 사고와 자유로운 공간 탐색 욕구를 동시에 가진, 실천적 야심과 여유를 겸비한 20대 산업 안전 전…
A0480	A	28	남자	간호조무사	경기	경기-안산시 상록구	#직장인 #창업준비	김창녕 씨는 안산에서 근무하는 간호조무사로, 예술적 감수성과 실용적인 삶 사이의 균형을 잡으며 소품샵 창업이라는 꿈을 키워가는…
A0481	A	28	남자	영업 관리 사무원	전라남	전라남-장흥군	#고디지털 #직장인	서영국 씨는 전남 장흥에서 농산물 유통을 관리하는 수학 전공자로, 논리적인 업무 처리 능력과 남도의 넉넉한 정서를 동시에 지닌…
A0482	A	35	남자	강구조물 건립원	대전	대전-서구	#직장인	방일현 씨는 대전에서 강구조물 건립원으로 일하며 가족을 부양하는 책임감 있고 사교적인 남성이지만, 건강 관리와 정리정돈에는 다…
A0483	A	26	남자	전직 컴퓨터 소프트웨어 개발 관리자, 현재 구직중	서울	서울-성북구	#고디지털 #비경제활동 #테크회의론	한세환 씨는 성북구에 거주하며 금융 IT 제품 관리자로의 복귀를 꿈꾸는, 냉철한 이성과 역동적인 취미를 동시에 가진 26세의 …
A0484	A	38	여자	예약 및 접수 사무원	서울	서울-송파구	#직장인	장윤주 씨는 송파구에서 예술 서비스직으로 근무하며 자가 아파트의 안락함과 소박한 취미 생활 속에서 삶의 균형을 꾸려가는 38세…
A0485	A	23	여자	보육교사	부산	부산-해운대구	#직장인	김주해 씨는 해운대의 정겨움과 Z세대의 감성을 동시에 지닌 보육교사로, 타인에 대한 공감 능력과 내면의 예민함을 함께 안고 살…
A0486	A	32	여자	홍보 전문가	부산	부산-해운대구	#직장인 #테크회의론	이경란 씨는 부산 해운대에서 유능한 홍보 전문가로 일하며, 반려견과 남편 그리고 소소한 빵집 투어로 삶의 균형을 맞추는 32세…
A0487	A	32	여자	그 외 화학제품 생산기 조작원	충청남	충청남-천안시 서북구	#직장인	이승은 씨는 천안 공단에서 정밀한 공정 조작자로 일하며, 퇴근 후 만화카페와 맛집 탐방으로 소소한 행복을 찾는 계획적인 30대…
A0488	A	21	남자	자재 관리 사무원	경기	경기-용인시 처인구	#고디지털 #직장인	서성덕 씨는 용인에서 근무하는 21세 자재 관리원으로, 현실적인 커리어 성장과 식도락의 즐거움을 동시에 추구하는 청년입니다.
A0489	A	29	남자	신용 추심원	서울	서울-송파구	#고디지털 #직장인 #테크회의론	정지훈 씨는 송파구에서 신용 추심원으로 근무하며 고소득을 올리고 있지만, 고도비만과 고혈압 전단계라는 건강 문제를 안고 있는 …
A0490	A	32	여자	보육교사	강원	강원-강릉시	#직장인 #테크회의론	김예진 씨는 강릉에서 아이들의 마음을 보듬는 보육교사로 일하며, 가죽 공예와 캠핑을 통해 내면의 평온을 찾는 안정적인 삶을 지…
A0491	A	32	남자	국가행정 사무원	경기	경기-평택시	#직장인	정도운 씨는 평온한 일상과 무탈한 직장 생활을 최우선으로 여기며, 유연한 처세술과 소박한 취향으로 자신만의 작은 평화를 지켜나…
A0492	A	32	남자	철도교통 관제사	인천	인천-계양구	#저디지털 #직장인	조영훈 씨는 계양구의 안정적인 환경 속에서 철도 관제사로 근무하며, 소소한 취미와 가정의 평온함을 중시하는 30대 가장입니다.
A0493	A	27	남자	의무 기록사	경상남	경상남-밀양시	#고디지털 #직장인	정규환 씨는 밀양에서 꼼꼼한 성격의 의무 기록사로 근무하며 높은 소득과 독립적인 생활을 누리지만, 고도비만과 혈당 문제라는 건…
A0494	A	39	남자	생산관리 사무원	충청북	충청북-청주시 상당구	#고디지털 #직장인	조준수 씨는 청주에서 농산물 생산 관리를 맡아 꼼꼼하게 일하며, 아버지와의 유대감과 정적인 휴식을 통해 삶의 균형을 유지하는 …
A0495	A	29	여자	사회복지사	경기	경기-성남시 수정구	#직장인	유태영 씨는 성남에서 사회복지사로 근무하며 다정한 인간관계와 감각적인 공간 꾸미기를 통해 삶의 균형을 찾아가는 29세 여성입니…
A0496	A	22	남자	중식 조리사	부산	부산-해운대구	#직장인	권진혁 씨는 부산 해운대에서 활동하는 섬세한 감각의 22세 중식 조리사로, 나홀로 미식 여행과 게임을 통해 스트레스를 해소하며…
A0497	A	20	남자	가구 도장기 조작원	서울	서울-강남구	#직장인	손윤서 씨는 강남의 세련된 도시 감성과 옛 골목의 정서를 동시에 품은 채, 정교한 가구 도장 기술로 자신만의 예술적 공방을 꿈…
A0498	A	23	남자	간호조무사	경기	경기-부천시 원미구	#직장인	임동민 씨는 부천에서 성실하게 근무하는 23세 간호조무사로, 세심한 직무 능력과 먹거리 여행을 즐기는 외향적인 면모를 동시에 …
A0499	A	31	남자	선반기 조작원	경기	경기-시흥시	#고디지털 #직장인 #테크회의론	김병록 씨는 정밀한 기계 가공 기술과 섬세한 예술적 감수성을 동시에 품은 채, 시흥의 공단 지역에서 가족과 함께 소박한 행복을…
A0500	A	33	남자	산업 안전원	경기	경기-이천시	#약관정독 #직장인	이현석 씨는 따뜻한 공감 능력으로 현장을 돌보는 산업 안전원이자, 자연과 예술을 사랑하며 소박한 일상의 행복을 찾는 30대 가…
A0501	A	29	여자	일반 간호사	대구	대구-달서구	#직장인	장민지 씨는 대구 달서구에서 자가를 보유한 29세 간호사로, 인문학적 감수성과 현실적인 전문성을 동시에 갖춘 식도락가입니다.
A0502	A	33	남자	토목안전 기술자	서울	서울-성동구	#직장인	김재완 씨는 성동구에 자가를 보유한 유능한 토목안전 기술자로, 실무 능력은 탁월하나 행정 처리에 서툴며 맛있는 음식과 등산으로…
A0503	A	21	남자	산업 안전원	부산	부산-연제구	#직장인	정형준 씨는 부산 연제구에서 가족을 극진히 챙기며 자동차 제조업 안전원으로 성실하게 근무하는, 책임감 강하고 다정한 21세 청…
A0504	A	30	여자	그 외 스포츠 및 레크리에이션 관련 전문가	서울	서울-강남구	#가격깐깐 #고디지털 #직장인	최예솔 씨는 ICT 전문성을 스포츠 현장에 녹여낸 스마트한 전문가이자, 강남에서 동생들을 부양하며 소박한 빵과 숲길 산책에서 …
A0505	A	26	남자	전직 열차 객실 승무원, 현재 구직중	충청남	충청남-아산시	#비경제활동	김우현 씨는 농학 지식과 서비스 경력을 합쳐 스마트팜 전문가를 꿈꾸는, 세심하면서도 정이 많은 20대 구직자입니다.
A0506	A	31	남자	법무사	경기	경기-안성시	#직장인 #테크회의론	이건호 씨는 공학적 지식을 겸비한 안성시의 법무사로, 부모님과 함께 거주하며 소박한 일상과 자연 속의 휴식을 즐기는 인물입니다…
A0507	A	39	여자	일반 간호사	경기	경기-평택시	#직장인	배하나 씨는 평택에서 근무하는 베테랑 간호사이자, 부모님을 살뜰히 챙기며 달콤한 디저트와 노포 맛집 탐방으로 삶의 활력을 찾는…
A0508	A	23	남자	철도운송 관련 종사원	경상남	경상남-창원시 의창구	#고디지털 #직장인	박동형 씨는 철도 통신망을 다루는 젊은 기술자로, 서브컬처와 식도락 여행을 사랑하며 직관적인 문제 해결 능력과 유연한 사교성을…
A0509	A	38	남자	전직 119 구조대원, 현재 구직중	경기	경기-수원시 권선구	#비경제활동	이도영 씨는 수원에 거주하며 안전 관리직 재취업을 꿈꾸는 전직 119 구조대원으로, 풍부한 보건 지식에도 불구하고 비만과 고혈…
A0510	A	25	남자	상품 기획자	인천	인천-미추홀구	#직장인	최정훈 씨는 인문학적 감수성과 플라스틱 제조 현장의 실무 능력을 동시에 갖춘, 조금은 느긋하고 섬세한 20대 상품 기획자입니다…
A0511	A	23	여자	음식 서비스 종사원	서울	서울-서초구	#직장인	천봄희 씨는 법학 전공자로서의 지식과 음식점 종사자라는 현실 사이에서 방황하며, 서초구의 화려함 뒤에 숨어 불안과 무기력함을 …
A0512	A	26	남자	품질 관리 사무원	서울	서울-은평구	#고디지털 #직장인	박건우 씨는 은평구에서 다세대 주택을 소유하고 펄프 제조사 품질 관리직으로 근무하며, 성실한 경제활동과 소박한 일상의 행복을 …
A0513	A	21	남자	산업 안전원	경기	경기-포천시	#직장인	이태희 씨는 할머니를 향한 깊은 효심과 직업적 책임감을 동시에 갖춘, 포천의 정서를 품은 성실한 21세 산업 안전원입니다.
A0514	A	24	남자	전직 건축감리 기술자, 현재 구직중	서울	서울-강동구	#비경제활동	김정민 씨는 건설 현장의 실무 경험과 인문학적 소양을 모두 갖췄으나, 현재는 심리적 여유와 평범한 일상을 되찾기 위해 구직 중…
A0515	A	24	여자	음료 서비스 종사원	서울	서울-동대문구	#직장인 #창업준비	이혜미 씨는 동대문구에 거주하며 카페 근무와 디저트 숍 창업 준비를 병행하는, 외향적이지만 내면의 불안과 예민함을 간직한 20…
A0516	A	30	남자	통신장비 기사	경기	경기-여주시	#고디지털 #직장인	최우석 씨는 여주에서 통신장비 기사로 일하며 일찍이 내 집 마련을 이룬, 운동과 인테리어에 진심이지만 식탐 앞에서는 무너지는 …
A0517	A	24	여자	지게차 운전원	인천	인천-부평구	#저디지털 #직장인	이유진 씨는 화학 공단의 정교한 지게차 운전원으로 일하며, 자신의 취향이 담긴 집 꾸미기와 활동적인 스포츠로 삶의 균형을 맞추…
A0518	A	32	남자	교통 계획 및 설계가	경기	경기-화성시	#고디지털 #직장인 #테크회의론	하기하 씨는 화성시에서 활동하는 논리적이고 꼼꼼한 교통 설계가로, 정적인 역사 여행과 정교한 당구의 세계를 즐기며 계획적인 삶…
A0519	A	36	남자	식품학 연구원	전북	전북-군산시	#직장인	유성수 씨는 군산에서 고령자용 케어푸드를 연구하는 식품학 연구원이자, 가족의 화목과 자신의 외적 가꿈을 동시에 챙기는 세심한 …
A0520	A	21	남자	음식 서비스 종사원	경기	경기-수원시 팔달구	#직장인	정성주 씨는 타인의 감정을 읽는 섬세한 서비스 역량을 가졌으나 건강 관리와 꼼꼼함이 부족한, 수원 행궁동의 정서가 배어 있는 …
A0521	A	29	여자	산업 안전원	전북	전북-김제시	#직장인	김영은 씨는 김제에서 산업 안전원으로 근무하며 K-팝 댄스와 빵지순례로 스트레스를 푸는, 책임감 강하면서도 식탐 많은 29세 …
A0522	A	27	여자	초등학교 교사	충청남	충청남-천안시 서북구	#직장인	김민지 씨는 천안 불당동에서 거주하며 아이들을 사랑하는 초등교사로 일하며, 사진과 독서 그리고 자연 여행을 통해 일상의 균형을…
A0523	A	22	여자	중식 조리사	대구	대구-남구	#직장인	김미나 씨는 대구에서 짬뽕 맛을 책임지는 실력파 젊은 중식 조리사로, 현실적인 감각과 성실함을 바탕으로 자신만의 작은 식당을 …
A0524	A	31	남자	육군 부사관	서울	서울-관악구	#직장인	안용훈 씨는 관악구에 거주하며 실무 능력이 탁월한 육군 부사관으로, 안정적인 미래를 설계하면서도 소소한 도시의 취향과 휴식을 …
A0525	A	22	여자	출판 및 자료편집 사무원	서울	서울-강동구	#직장인	홍지 씨는 꼼꼼한 교육 콘텐츠 편집자로 일하며 경제적 자립을 꿈꾸는 22세 사회초년생으로, 활발한 사교성과 내면의 예민함이 공…
A0526	A	28	여자	입학 사정관	경기	경기-남양주시	#직장인	최효선 씨는 고소득 입학 사정관으로서의 철저한 직업 정신과 인문학적 감수성을 지녔으며, 뷰티 케어와 미식, 스파를 통해 예민한…
A0527	A	21	여자	상표 부착기 조작원	충청남	충청남-부여군	#저디지털 #직장인	이휘원 씨는 충남 부여의 식료품 공장에서 꼼꼼하게 상표를 붙이며, 소박한 일상과 맛있는 음식, 가족과의 시간을 통해 삶의 안정…
A0528	A	30	남자	육군 병사	경기	경기-의정부시	#고디지털 #직장인 #테크회의론	신희수 씨는 의정부에서 부모님과 거주하며 군 복무 중인 30세 건설공학 석사 출신 병사로, 꼼꼼한 성격과 전공 역량을 바탕으로…
A0529	A	39	여자	건축 제도사	부산	부산-사상구	#직장인	강주영 씨는 부산 사상구에서 근무하는 유능한 건축 제도사로, 롯데 자이언츠에 대한 열정과 소소한 미식 생활을 통해 삶의 균형을…
A0530	A	23	여자	건축 관련 관리자	경기	경기-남양주시	#직장인	김서연 씨는 거친 건설 현장과 섬세한 예술적 감성 사이에서 균형을 잡으며, 소박한 일상의 평온함과 미식의 즐거움을 소중히 여기…
A0531	A	34	남자	품질 관리 사무원	부산	부산-강서구	#직장인	최호원 씨는 부산 강서구에서 성실하게 근무하는 품질 관리 전문가이자, 내면의 불안을 정적인 취미와 가족의 평온함으로 다스리며 …
A0532	A	20	여자	플라스틱제품 조립원	충청북	충청북-청주시 서원구	#직장인	이유정 씨는 일찍 사회에 뛰어들어 성실하게 플라스틱 부품을 조립하며, 소박한 취미와 건강 관리 사이에서 균형을 찾아가는 스무 …
A0533	A	34	남자	산업 안전원	울산	울산-북구	#직장인	최세웅 씨는 울산의 화학 공단에서 실무 능력을 인정받는 안전 관리자이며, 건강 관리와 나른한 휴식 사이에서 갈등하는 30대 직…
A0534	A	27	남자	운송장비 청소원	서울	서울-동대문구	#직장인	이민석 씨는 꼼꼼한 손길로 농기계를 닦아내는 성실한 청년이자, 맛있는 음식과 소박한 휴식에서 삶의 행복을 찾는 동대문구의 주민…
A0535	A	21	남자	그 외 상점 판매원	경상북	경상북-김천시	#직장인 #창업준비	조현일 씨는 김천에서 성실하게 일하며 조부모님을 모시는 예의 바른 청년이자, 그루밍과 빵집 창업이라는 현대적인 꿈을 쫓는 21…
A0536	A	26	여자	그 외 기획 및 마케팅 사무원	경기	경기-동두천시	#고디지털 #직장인	김진솔 씨는 감각적인 마케팅 역량을 가졌지만 꼼꼼함이 부족한, 자연의 평온함과 디지털 세상의 탐험을 동시에 사랑하는 20대 직…
A0537	A	34	여자	교육 및 훈련 사무원	충청남	충청남-천안시 동남구	#직장인 #테크회의론	백보라 씨는 천안에서 교육 행정 전문가를 꿈꾸며 꼼꼼한 성격과 미식에 대한 집착으로 일상의 균형을 찾아가는 34세 직장인입니다…
A0538	A	26	여자	전직 유치원 교사, 현재 구직중	경기	경기-파주시	#비경제활동	박지운 씨는 예술적 감수성을 갖춘 전직 유치원 교사로, 파주의 여유로운 환경 속에서 건강 관리와 재취업이라는 과제를 안은 채 …
A0539	A	35	여자	그 외 상점 판매원	경기	경기-남양주시	#직장인	홍희수 씨는 남양주에서 내 집 마련의 꿈을 이룬 35세 판매원으로, 예리한 업무 능력과 즉흥적인 삶의 태도를 동시에 가진 현실…
A0540	A	20	여자	그 외 산업 안전 및 위험 관리원	충청남	충청남-예산군	#직장인 #테크회의론	정서연 씨는 충남 예산의 금속 공장에서 실무 능력을 인정받는 20세 안전 관리자로, 퇴근 후 헬스와 사진 촬영으로 긴장을 풀며…
A0541	A	29	남자	농약 및 비료 시험원	충청남	충청남-보령시	#고디지털 #직장인 #테크회의론	서지환 씨는 보령에서 정밀한 분석 업무를 수행하는 20대 후반의 직장인으로, 철저한 책임감과 정적인 휴식 사이에서 균형을 찾으…
A0542	A	24	남자	보육교사	광주	광주-서구	#직장인	임재준 씨는 공학적 재능을 보육 현장에 접목한 20대 청년으로, 가족과 친구 사이의 유대감을 중시하며 현실적인 성장을 꿈꾸는 …
A0543	A	22	여자	치과위생사	서울	서울-마포구	#직장인	김조은 씨는 마포구 망원동에 거주하며 체계적인 자기관리와 다정한 공감 능력을 갖춘 22세의 성실한 치과위생사입니다.
A0544	A	20	남자	우편집배원	경기	경기-의정부시	#직장인	양승재 씨는 의정부의 골목을 누비는 넉살 좋은 20세 우편집배원으로, 건강을 위해 땀 흘려 운동하고 주말에는 전국의 맛집을 찾…
A0545	A	31	남자	통신망 운영 기술자 및 연구원	경기	경기-수원시 영통구	#고디지털 #직장인	정수현 씨는 실력 있는 통신 기술자이자 다정한 아들이지만, 낮은 소득과 건강 적신호라는 현실적인 불안감을 안고 더 안정적인 내…
A0546	A	27	여자	관리 비서	경기	경기-수원시 영통구	#가격깐깐 #고디지털 #직장인	최소정 씨는 수원 영통의 정돈된 환경 속에서 성장해 꼼꼼한 업무 처리 능력과 강한 책임감으로 가계와 직장을 동시에 이끄는 20…
A0547	A	38	여자	임상영양사	경기	경기-부천시 원미구	#고디지털 #직장인	오희연 씨는 정보통신기술과 영양학을 결합한 전문성으로 고소득을 올리는 임상영양사이며, 예술적 감성과 예민한 내면을 정적인 휴식…
A0548	A	34	남자	위험 관리원	경기	경기-포천시	#직장인	이민수 씨는 포천의 폐기물 처리 시설에서 일하는 위험 관리자로, 가족을 향한 헌신과 혼자만의 게임 시간이 균형을 이루는 삶을 …
A0549	A	30	여자	변리사	경상남	경상남-거제시	#직장인	오지원 씨는 거제도에서 활동하는 유능하지만 덜렁거리는 성격의 변리사로, 사회적 성취와 개인의 평온함 사이에서 균형을 찾으려 노…
A0550	A	21	남자	산업 특화 소프트웨어 프로그래머	서울	서울-용산구	#고디지털 #직장인	박서원 씨는 건축의 논리와 예술의 감성을 코드로 연결하려는 21세의 젊은 프로그래머입니다.
A0551	A	37	남자	골프장 캐디	부산	부산-중구	#직장인	김선익 씨는 부산 중구에서 나고 자라 어머니를 모시며 성실하게 일하는 37세 골프장 캐디로, 내 집 마련의 꿈을 향해 달려가는…
A0552	A	23	남자	회계 사무원	서울	서울-금천구	#고디지털 #직장인	윤준호 씨는 금천구에서 회계 사무원으로 일하며 엑셀 실무 능력은 탁월하지만 건강 관리에 서툴고, 노포 맛집 탐방과 게임으로 쉼…
A0553	A	34	남자	영업 관리 사무원	광주	광주-북구	#약관정독 #직장인 #테크회의론	전민호 씨는 공학적 꼼꼼함과 외향적 사교성을 겸비한 영업 관리자로, 건강에 대한 불안을 수영과 식단 관리로 극복하며 가족과 지…
A0554	A	25	남자	교육 및 훈련 사무원	전라남	전라남-여수시	#고디지털 #직장인 #테크회의론	정연우 씨는 여수에서 가스 안전 행정 전문가로 일하며, 안정적인 소득과 가족의 온기 속에서 농구와 넷플릭스, 그리고 정적인 바…
A0555	A	29	남자	자재 관리 사무원	경상북	경상북-경주시	#저디지털 #직장인 #테크회의론	서경수 씨는 경주에서 산업용 기계 자재를 관리하며 효율적인 디지털 시스템 구축을 꿈꾸는, 조용한 자연과 전자기기를 사랑하는 2…
A0556	A	26	여자	광고 전문가	경기	경기-고양시 일산동구	#고디지털 #직장인	강원미 씨는 공학적 이성과 광고인의 감성을 모두 갖춘 채 일산에서 어머니와 함께 살며, 타인에 대한 배려와 숫자에 기반한 전문…
A0557	A	30	남자	회계 사무원	인천	인천-서구	#고디지털 #직장인	이성호 씨는 철저한 자기관리로 내 집 마련을 이룬 성실한 회계 사무원이지만, 밤마다 배달 음식의 유혹에 무너져 뱃살과 싸우는 …
A0558	A	25	남자	철도운송 관련 종사원	서울	서울-강서구	#직장인	조대성 씨는 수학적 감각으로 철도 운행을 관리하며 마곡동에서 친구와 자취하는, 건강하지만 예민한 구석이 있는 20대 사회초년생…
A0559	A	22	남자	통계 사무원	인천	인천-연수구	#고디지털 #직장인	조민제 씨는 데이터 분석 역량을 갖춘 금융권 통계 사무원이자, 송도의 야경과 성수동의 감성을 사랑하는 20대 청년입니다.
A0560	A	26	여자	전직 경리 사무원, 현재 구직중	경상북	경상북-칠곡군	#고디지털 #비경제활동	장주연 씨는 경북 칠곡에 거주하는 26세 전직 경리 사무원으로, 엑셀 능력은 뛰어나지만 덜렁거리는 면이 있으며, 게임과 빵집 …
A0561	A	29	남자	육군 병사	전라남	전라남-목포시	#직장인 #창업준비	김진명 씨는 목포의 정취를 사랑하는 예술적 감성의 육군 병사로, 군의 규율과 개인의 창의성 사이에서 균형을 잡으며 디자인 스튜…
A0562	A	24	남자	기계제품 생산 관리자	경상북	경상북-상주시	#고디지털 #직장인	백동현 씨는 상주 트레일러 공장의 디지털 전환을 꿈꾸는 정보통신기술 전공 생산 관리자로, 게임과 카페 투어를 통해 예술적 감성…
A0563	A	22	여자	자동 재봉설비 조작원	경기	경기-김포시	#직장인 #테크회의론	이효은 씨는 김포의 제조 현장에서 근무하며 보건복지 전공과 직무 사이의 괴리를 느끼지만, 소소한 쇼핑과 블로그 기록, 그리고 …
A0564	A	32	남자	형틀 목공	경기	경기-광명시	#직장인	이수일 씨는 거친 건설 현장의 정밀함을 책임지는 숙련된 형틀 목공이자, 정적인 취미와 고독한 일상을 통해 내면의 완성을 추구하…
A0565	A	32	여자	화학 연구원	광주	광주-북구	#고디지털 #직장인	진현경 씨는 광주에서 고소득 화학 연구원으로 근무하며 식물 가꾸기와 자연 여행으로 힐링하는, 내유외강 스타일의 30대 전문직 …
A0566	A	20	여자	단말기 및 통신 서비스 판매원	대구	대구-동구	#약관정독 #직장인	김사라 씨는 대구 동구에서 신뢰 기반의 영업을 펼치는 20세 휴대폰 판매원으로, 부모님과 함께 살며 반려견과 온천욕, 그리고 …
A0567	A	27	남자	생산관리 사무원	경기	경기-화성시	#고디지털 #직장인	문영우 씨는 세련된 동탄의 감성과 투박한 향남 공단의 현실을 동시에 살아가는, 데이터 기반의 스마트한 야심을 가진 20대 생산…
A0568	A	38	남자	무역 사무원	경기	경기-양주시	#직장인	김진수 씨는 꼼꼼한 업무 능력과 원칙적인 성격을 지녔지만, 건강 관리와 경제적 안정을 위해 고군분투하는 30대 후반의 무역 사…
A0569	A	32	남자	경·소형 화물차 운전원	경기	경기-시흥시	#직장인	이진영 씨는 시흥 공단 지역에서 성실하게 트럭을 운전하며 자신의 운송 사업체를 꿈꾸는, 가족애가 깊고 소박한 행복을 즐기는 3…
A0570	A	30	여자	전문 간호사	대전	대전-유성구	#고디지털 #직장인	신희진 씨는 전문 간호사로서의 성취감과 개인의 정적인 휴식 사이에서 자신만의 균형을 찾아가는 대전 유성구의 30대 전문직 여성…
A0571	A	35	남자	그 외 직조기 및 편직기 조작원	경기	경기-평택시	#직장인	백의형 씨는 성실한 기술력으로 자가를 마련한 평택의 숙련공이지만, 내면의 불안을 배달 음식과 운동이라는 상반된 습관으로 달래는…
A0572	A	32	여자	그 외 기획 및 마케팅 사무원	인천	인천-연수구	#직장인 #테크회의론	노예진 씨는 송도에서 마케팅 전문가로 성장하며 완벽함을 추구하지만, 내면의 예민함과 외면의 사교성 사이에서 균형을 찾아가는 3…
A0573	A	23	남자	그 외 금속·재료 공학 기술자 및 연구원	경상북	경상북-구미시	#고디지털 #직장인	이민석 씨는 구미 공단에서 근무하는 금속 공학 기술자로, 언론학 전공의 인문학적 소양과 실무적 기술력을 동시에 갖춘 채 자신만…
A0574	A	34	남자	인사 및 노무 사무원	경기	경기-하남시	#고디지털 #약관정독 #직장인	홍은택 씨는 공학적 이성과 스포츠 산업의 유연함을 동시에 갖췄으나, 고혈압과 비만이라는 건강 과제와 내면의 불안을 안고 살아가…
A0575	A	34	여자	보육교사	대구	대구-달서구	#직장인	김세희 씨는 대구에서 아이들의 상상력을 키워주는 보육교사로 일하며, 예술적 감성과 일상의 안정을 동시에 추구하는 34세 여성입…
A0576	A	25	여자	일반 간호사	전라남	전라남-완도군	#직장인 #테크회의론	최도현 씨는 완도에서 근무하는 꼼꼼한 간호사이자, 예술적 감성과 독립적인 생활 양식을 추구하는 20대 여성입니다.
A0577	A	27	남자	머시닝센터 조작원	경기	경기-시흥시	#고디지털 #직장인	이민수 씨는 마이크론 단위의 정밀함을 다루는 숙련된 기술자이자, 렌즈 너머로 세상의 온기를 기록하고 싶어 하는 낭만적인 청년입…
A0578	A	35	남자	금속코팅·광택 및 래미네이팅기 조작원	인천	인천-서구	#직장인	선경준 씨는 인천 서구의 금속 가공 현장에서 묵묵히 숙련도를 쌓아가는 성실한 기술자이자, 혼자만의 고요한 시간과 맛있는 음식으…
A0579	A	32	여자	약사	서울	서울-광진구	#직장인	이예은 씨는 서울에 자가를 마련한 실속 있는 30대 약사로, 효율적인 업무 처리와 소박한 식도락 생활을 통해 일과 삶의 균형을…
A0580	A	28	남자	그 외 법률 전문가	부산	부산-동래구	#직장인	이우현 씨는 공학적 지식을 법무 실무에 접목해 일하는 28세 청년으로, 부산 동래구에서 어머니와 함께 살며 소박한 휴식과 전문…
A0581	A	21	여자	관리 비서	서울	서울-광진구	#직장인	유휘영 씨는 서울 광진구에서 실리를 추구하며 능력 있게 일하는 21세의 전문 비서입니다.
A0582	A	24	남자	판금원	서울	서울-도봉구	#직장인	김진 씨는 도봉구에서 정밀 판금 기술을 익히며 내 집 마련을 꿈꾸는, 성실함과 고독함을 동시에 가진 20대 청년입니다.
A0583	A	21	여자	전직 머시닝센터 조작원, 현재 구직중	대구	대구-달서구	#비경제활동 #테크회의론	장혜진 씨는 정밀 가공 기술을 가진 21세 청년으로, 당뇨 관리와 구직 활동이라는 현실적인 과제를 안고 있으면서도 일상의 소소…
A0584	A	32	여자	그 외 인사 및 노사 관련 전문가	서울	서울-성북구	#약관정독 #직장인	이현주 씨는 성북동의 지적인 정서와 인사 전문가의 꼼꼼함을 갖췄으며, 가족을 향한 헌신과 흡연이라는 은밀한 스트레스 해소법을 …
A0585	A	34	여자	일반 간호사	서울	서울-강서구	#직장인 #테크회의론	김혜원 씨는 꼼꼼한 성격의 간호사로서 마곡에서 홀로 거주하며, 주말이면 가평과 양평의 맛집을 찾아다니는 소소한 미식 여행으로 …
A0586	A	26	남자	전직 바텐더, 현재 구직중	경기	경기-수원시 권선구	#비경제활동 #테크회의론	이우석 씨는 언론학의 분석적 시각과 바텐더의 유연한 소통 능력을 갖춘 26세 청년으로, 현재 구직의 불안함 속에서도 미식과 만…
A0587	A	33	남자	교통 계획 및 설계가	경기	경기-안양시 동안구	#고디지털 #직장인	박성남 씨는 안양 평촌에 거주하며 도로의 흐름을 설계하는 유능한 교통 계획가이지만, 정작 자신의 집안 정리와 당뇨 관리에는 서…
A0588	A	29	여자	국가행정 사무원	경기	경기-의정부시	#약관정독 #직장인 #테크회의론	서진영 씨는 보수적인 공직 생활과 자유분방한 사생활 사이의 간극을 고강도 웨이트 트레이닝과 자연 속의 휴식으로 메우며 살아가는…
A0589	A	36	여자	전기 감리 기술자 및 연구원	경기	경기-평택시	#직장인	백수정 씨는 평택의 건설 현장을 누비는 꼼꼼한 전기 기술자이자, 가족과 빵과 등산을 사랑하는 세심한 성격의 30대 여성입니다.
A0590	A	21	여자	작업치료사	경기	경기-용인시 처인구	#직장인	양에스더 씨는 처인구의 여유로운 분위기를 닮은 21세 작업치료사로, 정형화된 틀보다는 예술적 영감과 직관을 믿으며 환자와의 정…
A0591	A	37	여자	일반 간호사	경기	경기-안산시 상록구	#고디지털 #직장인	이지선 씨는 헌신적인 간호사의 삶과 예술적 감성을 갈망하는 개인의 자아 사이에서 균형을 잡으려 애쓰는 안산의 30대 여성입니다…
A0592	A	21	남자	전직 인사 및 노무 사무원, 현재 구직중	경기	경기-김포시	#고디지털 #비경제활동 #약관정독	채승훈 씨는 김포에 거주하며 안정적인 인사 행정직으로의 재취업을 꿈꾸는, 꼼꼼하지만 다소 정적인 21세 청년입니다.
A0593	A	22	남자	전직 경영 기획 사무원, 현재 구직중	서울	서울-송파구	#고디지털 #비경제활동	박영세 씨는 송파구에 거주하며 ICT 전공 지식과 소매업 실무 경험을 무기로 시스템 운영직 취업을 준비하는 22세 청년입니다.
A0594	A	29	여자	전직 언어재활사, 현재 구직중	경기	경기-수원시 장안구	#비경제활동 #테크회의론	서은재 씨는 세밀한 관찰력을 가진 전직 언어재활사로, 현재는 부모님 댁에서 정서적 안정과 새로운 시작 사이의 균형을 찾고 있는…
A0595	A	34	남자	무역 사무원	서울	서울-광진구	#직장인	정상민 씨는 무역 사무직의 꼼꼼함과 가족을 향한 책임감을 동시에 갖춘, 성실하고 현실적인 30대 가장입니다.
A0596	A	34	여자	그 외 전자공학 기술자 및 연구원	경기	경기-시흥시	#직장인	이민지 씨는 예술적 감수성을 지닌 고소득 전자공학 연구원으로, 배곧신도시의 안정된 가정환경 속에서 역사 여행과 게임을 즐기며 …
A0597	A	25	여자	데이터 분석가	서울	서울-영등포구	#고디지털 #직장인 #테크회의론	박다현 씨는 영등포에 거주하며 교육 데이터 분석가로 일하는 25세 여성으로, 이성적인 분석 능력과 따뜻한 가족애를 동시에 지닌…
A0598	A	24	여자	음식 서비스 종사원	대구	대구-남구	#직장인	이소희 씨는 인문학적 감수성과 서비스직의 현실 사이에서 균형을 잡으며, 평범하고 안정적인 미래를 꿈꾸는 20대 청년입니다.
A0599	A	29	남자	상담 전문가	전라남	전라남-곡성군	#직장인	양수성 씨는 꼼꼼한 업무 처리 능력을 갖춘 곡성의 상담 전문가로, 정적인 취향과 고도비만이라는 건강 고민을 동시에 가진 20대…
A0600	A	35	여자	상담 전문가	서울	서울-양천구	#가격깐깐 #직장인	최수지 씨는 법학적 전문성과 상담 능력을 겸비한 체계적인 전문가이자, 철저한 자기관리와 가계 운영을 통해 삶의 질서를 세워가는…
B0001	B	49	여자	무직	충청남	충청남-천안시 동남구	#비경제활동 #육아	김정하 씨는 천안 동남구에서 가족의 건강과 화목을 챙기며 자연 속의 휴식과 정갈한 외식을 즐기는 실속 있는 49세 주부입니다.
B0002	B	32	남자	중형 화물차 운전원	경기	경기-남양주시	#육아 #직장인	박동식 씨는 성실한 노동의 가치를 믿으며 가족에 대한 책임감과 현실적인 감각으로 삶을 꾸려가는 남양주의 중형 화물차 운전원입니…
B0003	B	49	남자	정보 보안 전문가	서울	서울-양천구	#고디지털 #보안민감 #육아 #직장인	송순근 씨는 서울 양천구에 거주하며 출판 보안 분야의 실무 능력을 갖춘 40대 가장으로, 안정적인 고소득과 가정의 평온함을 유…
B0004	B	32	여자	무직	인천	인천-서구	#가격깐깐 #비경제활동 #육아 #창업준비	박유하 씨는 철저한 자기관리와 인문학적 감성을 일상에 녹여내며, 미래의 디자인 스튜디오 창업을 꿈꾸는 계획적인 전업주부입니다.
B0005	B	45	남자	119 구조대원	제주	제주-제주시	#육아 #직장인	박용호 씨는 제주시에서 가족을 부양하는 든든한 119 구조대원이자, 주짓수와 빵 투어를 즐기며 삶의 균형을 찾는 40대 가장입…
B0006	B	42	남자	사무 보조원	경기	경기-안양시 만안구	#육아 #직장인	김상제 씨는 안양에서 가죽 공장 사무원으로 일하며, 가족에 대한 책임감과 특유의 사교성으로 주변 사람들을 챙기지만 경제적 불안…
B0007	B	35	여자	무직	경상북	경상북-포항시 남구	#가격깐깐 #비경제활동 #육아	신은경 씨는 포항에서 가정을 돌보며 꼼꼼한 살림 솜씨와 내향적인 성격을 가진, 규칙적인 사회 복귀를 꿈꾸는 30대 주부입니다.
B0008	B	46	남자	교육 및 훈련 사무원	강원	강원-정선군	#육아 #직장인	오우주 씨는 정선 지역 농민들의 가려운 곳을 긁어주는 능숙한 행정가이자, 쇼핑과 먹거리를 사랑하는 소탈하고 정 많은 40대 가…
B0009	B	37	여자	승용차 및 승합차 운전원	경기	경기-고양시 일산서구	#고디지털 #육아 #직장인	김민경 씨는 경기 서북권 도로망을 꿰뚫는 베테랑 운전원이자, 식도락과 자기관리 사이에서 삶의 활력을 찾는 일산의 30대 워킹맘…
B0010	B	36	남자	경리 사무원	대전	대전-서구	#고디지털 #육아 #직장인	윤종원 씨는 대전의 기계 공장에서 꼼꼼하게 살림을 책임지는 경리 사무원이자, 가족과 함께하는 맛집 탐방과 김동률의 음악으로 마…
B0011	B	31	남자	건물 경비원	부산	부산-사하구	#육아 #저디지털 #직장인	김강 씨는 사하구에서 경비원으로 근무하며 가족의 안식처를 꿈꾸는, 섬세하고 책임감 강한 31세 가장입니다.
B0012	B	47	남자	플랜트공학 기술자 및 연구원	충청남	충청남-천안시 서북구	#육아 #직장인	김성민 씨는 전문 기술력과 경영 지식을 겸비한 플랜트 엔지니어이자, 3세대 가족을 부양하며 정서적 빈자리를 가족애로 채워가는 …
B0013	B	36	남자	그 외 조적공 및 석재 부설원	경상남	경상남-창원시 마산회원구	#육아 #저디지털 #직장인	감승준 씨는 현장의 감각이 뛰어난 조적공이자 정 많은 마산 청년이지만, 건강 관리와 미래 설계라는 숙제 앞에서는 한없이 느슨하…
B0014	B	26	남자	영업 관리 사무원	서울	서울-마포구	#고디지털 #약관정독 #육아 #직장인	권도수 씨는 높은 소득과 업무 능력을 갖춘 보험업계의 젊은 관리자이자, 정적인 휴식과 가족의 울타리를 사랑하는 마포구 거주 청…
B0015	B	27	남자	그 외 하역 및 적재 단순 종사원	충청북	충청북-보은군	#육아 #직장인	안채승 씨는 충북 보은에서 성실하게 농산물 하역 일을 하며, 혼자만의 식도락 여행과 사우나로 쉼을 찾는 차분하고 책임감 강한 …
B0016	B	39	남자	건물 경비원	충청남	충청남-서천군	#육아 #직장인	박정훈 씨는 서천에서 경비원으로 일하며 가족의 안정을 최우선으로 여기고, 맛있는 음식과 게임으로 소소한 행복을 찾는 푸근한 성…
B0017	B	45	남자	지게차 운전원	경기	경기-오산시	#육아 #직장인	임훈 씨는 오산 공단에서 20년 가까이 지게차를 운전하며 성실함으로 가족의 안식처를 일궈낸 책임감 강한 40대 가장입니다.
B0018	B	49	여자	컴퓨터 설치 및 수리원	충청북	충청북-청주시 흥덕구	#고디지털 #육아 #직장인	장지영 씨는 청주의 교육 현장을 책임지는 숙련된 컴퓨터 수리원이자, 가족의 안정을 최우선으로 여기며 실용적인 삶을 꾸려가는 강…
B0019	B	36	남자	철도교통 관제사	경기	경기-파주시	#육아 #직장인	문한수 씨는 파주에서 아이를 키우며 내 집 마련을 꿈꾸는, 현실적이고 사교적인 철도교통 관제사입니다.
B0020	B	43	여자	보험 사무원	세종	세종-세종시	#고디지털 #약관정독 #육아 #직장인	유이현 씨는 세종시에 거주하며 보험 사무원으로 일하는 40대 여성으로, 공학적 꼼꼼함으로 일과 살림을 관리하면서도 가족과의 미…
B0021	B	44	남자	해양 경찰관 및 수사관	대구	대구-달서구	#약관정독 #육아 #저디지털 #직장인	김진영 씨는 대구 달서구에서 가족을 부양하며 묵묵히 자신의 소임을 다하는 책임감 강하고 실용적인 해양 경찰 수사관입니다.
B0022	B	35	남자	회계 사무원	서울	서울-동대문구	#가격깐깐 #고디지털 #육아 #직장인	김형준 씨는 동대문구에서 어머니를 모시고 사는 35세 회계 사무원으로, 안정적인 삶을 갈망하며 책임감 있게 일상을 꾸려가는 현…
B0023	B	49	여자	주방 보조원	전북	전북-익산시	#육아 #저디지털 #직장인	오정숙 씨는 익산에서 주방 보조원으로 일하며 가족의 안녕과 자녀의 자립을 최우선으로 여기는, 고혈압을 앓고 있지만 소박한 일상…
B0024	B	25	남자	관리 비서	서울	서울-성동구	#육아 #직장인	추준영 씨는 성수동에서 비서로 근무하며 예술적 감성과 현실적인 성실함을 동시에 갖춘, 건강 관리에 고민이 많은 20대 청년입니…
B0025	B	34	여자	경영 기획 사무원	경기	경기-용인시 수지구	#고디지털 #육아 #직장인	김미나 씨는 보수적인 보험사에서 데이터 분석력을 인정받는 경영기획 전문가이자, 수지구에서 육아와 자아실현 사이의 균형을 찾는 …
B0026	B	37	남자	경리 사무원	부산	부산-북구	#고디지털 #육아 #직장인	이정호 씨는 부산 북구에서 가족과 함께 살며 조경 회사 경리로 일하는, 소탈한 성격과 약간의 건강 고민을 가진 37세 가장입니…
B0027	B	30	남자	해군 부사관	충청남	충청남-계룡시	#육아 #직장인	김현 씨는 계룡시에서 근무하는 사교적인 해군 부사관이자, 가족과 맛있는 음식을 나누는 소소한 행복을 쫓는 고도비만 아빠입니다.
B0028	B	36	남자	투자신탁 전문가	서울	서울-성동구	#고디지털 #육아 #직장인 #테크회의론	이성민 씨는 성수동에 거주하며 숫자의 명확함을 신뢰하는 투자신탁 전문가이자, 양평 낚시와 로컬 맛집 탐방으로 스트레스를 해소하…
B0029	B	32	여자	가사 도우미	경기	경기-용인시 수지구	#육아 #직장인	권수지 씨는 용인 수지구에서 가사 도우미로 일하며 전문 정리 컨설턴트의 꿈을 키우는, 생활력 강하고 넉살 좋은 32세 여성입니…
B0030	B	45	여자	주방 보조원	경상북	경상북-울진군	#육아 #직장인	변승화 씨는 울진의 자연 속에서 가족과 반려견 뭉치를 아끼며, 주방 보조원으로서의 전문성을 키워 조리사를 꿈꾸는 체계적이고 다…
B0031	B	27	남자	건축자재 영업원	경기	경기-김포시	#육아 #직장인	홍정재 씨는 세련된 서비스 매너와 현장의 투박함을 모두 갖춘 27세 건축자재 영업사원으로, e스포츠 분석과 사우나를 통해 삶의…
B0032	B	26	여자	공공행정 전문가	서울	서울-강남구	#고디지털 #육아 #직장인 #테크회의론	최경진 씨는 강남에 거주하며 ICT 기술로 공공행정의 효율화를 꿈꾸는 26세의 당찬 직장인이자, 헬스와 연극을 사랑하는 도시 …
B0033	B	48	남자	그 외 금융 사무원	서울	서울-노원구	#고디지털 #육아 #직장인	김제규 씨는 유연한 사고와 뛰어난 사교성으로 건설 금융 분야에서 신망을 받는, 인간미 넘치는 노원구의 마당발입니다.
B0034	B	34	여자	치과 일반 의사	부산	부산-서구	#육아 #직장인	정사랑 씨는 예술적 감수성으로 진료실을 디자인하고 싶은, 부산 서구의 다정한 치과의사입니다.
B0035	B	36	남자	회계 사무원	경상남	경상남-김해시	#고디지털 #육아 #직장인	문광민 씨는 김해의 건설 회계 사무원으로 성실하게 살아가며 예술적 낭만과 가족에 대한 사랑을 동시에 품고 있는, 외유내강형의 …
B0036	B	38	남자	전직 범용 소프트웨어 프로그래머, 현재 구직중	전북	전북-전주시 덕진구	#가격깐깐 #고디지털 #비경제활동 #육아	신태관 씨는 전주에서 가족을 부양하며 재취업을 준비하는, 현실적이고 책임감 강한 30대 후반의 전직 소프트웨어 개발자입니다.
B0037	B	49	여자	사회과학·경영 및 법학 교수	강원	강원-홍천군	#고디지털 #육아 #직장인	신주희 씨는 강원도 홍천에서 가족을 부양하며 실무 중심의 교육을 실천하는 현실적이고 단단한 내면의 소유자입니다.
B0038	B	47	여자	경리 사무원	광주	광주-북구	#육아 #저디지털 #직장인 #테크회의론	심옥인 씨는 광주 북구에서 자녀를 홀로 키우며 학원 경리로 성실하게 살아가는, 강인한 생활력과 따뜻한 정을 가진 47세 여성입…
B0039	B	40	남자	자재 관리 사무원	부산	부산-사하구	#고디지털 #육아 #직장인	서희정 씨는 부산 사하구에서 성실하게 자재 관리를 하며 가족의 안정을 최우선으로 여기는 책임감 강한 40대 가장입니다.
B0040	B	39	여자	판매 관련 관리자	서울	서울-영등포구	#육아 #직장인	김은정 씨는 인문학적 감수성과 현실적인 영업 감각을 동시에 갖춘 영등포의 소매업 관리자로, 식도락과 휴식을 통해 삶의 에너지를…
B0041	B	26	여자	금속 세척기 조작원	경상남	경상남-창원시 의창구	#육아 #직장인	이예진 씨는 창원 공단에서 세척공으로 일하며 내 집 마련의 꿈을 이룬 20대 엄마로, 성실한 노동의 가치와 가족과의 소박한 일…
B0042	B	49	남자	그 외 자산 운용가	전라남	전라남-순천시	#육아 #직장인 #테크회의론	김유철 씨는 공학적 정밀함과 남도의 여유를 동시에 지닌, 가족의 안정을 최우선으로 여기는 꼼꼼하고 책임감 강한 자산 운용가입니…
B0043	B	32	남자	냉난방기 관련 설비 조작원	대구	대구-수성구	#육아 #직장인	김현욱 씨는 수성구의 냉난방 설비 전문가로서 책임감 있게 일하며, 가족과의 외식과 게임을 통해 소소한 행복을 찾는 30대 남성…
B0044	B	43	남자	회계 사무원	서울	서울-강남구	#고디지털 #육아 #직장인	홍황사 씨는 강남구 도곡동에서 어머니와 함께 살며 숫자의 정돈됨과 자연의 고요함 속에서 안정을 찾는 40대 회계 사무원입니다.
B0045	B	36	남자	그 외 경호 및 보안 관련 종사원	충청북	충청북-제천시	#고디지털 #보안민감 #육아 #직장인 #테크회의론	박주용 씨는 제천에서 보안 요원으로 일하며 가족과 반려견을 아끼고, 바둑과 산책으로 여가를 즐기는 성실하고 현실적인 30대 가…
B0046	B	46	여자	그 외 산업 전기 설치원	울산	울산-동구	#육아 #직장인	김소영 씨는 울산의 산업 현장을 누비는 숙련된 전기 설치원이자, 가족의 미래를 위해 성실하게 저축하며 소박한 일상의 행복을 가…
B0047	B	47	여자	음식료품 판매원	경기	경기-오산시	#가격깐깐 #육아 #직장인	윤부정 씨는 오산에서 정직하게 식료품을 판매하며 가족의 안정과 자녀의 미래를 위해 성실하게 저축하고 헌신하는, 책임감 강하고 …
B0048	B	45	남자	시외 및 고속 버스 운전원	서울	서울-관악구	#육아 #직장인	형수근 씨는 관악구에서 가족을 부양하며 성실하게 고속버스를 운행하는 베테랑 운전원으로, 건강 관리와 식탐 사이에서 갈등하면서도…
B0049	B	47	남자	경·소형 화물차 운전원	경기	경기-부천시 원미구	#육아 #직장인	고순봉 씨는 부천 공단을 누비는 베테랑 화물차 운전원으로, 마른 체격과 건강 불안 요소를 안고 살아가지만 가족과 함께하는 노포…
B0050	B	46	남자	일반 비서	경기	경기-수원시 권선구	#육아 #직장인	조호현 씨는 금속 가공업계의 유능한 비서이자 인문학적 낭만을 쫓으며 어머니와 함께 살아가는 40대 중반의 미혼 남성입니다.
B0051	B	39	여자	해외 영업원	경기	경기-용인시 수지구	#고디지털 #육아 #직장인 #테크회의론	조송화 씨는 예술적 취향과 치밀한 업무 능력을 동시에 갖춘 해외 영업직 직장인이자, 건강 관리와 자아실현 사이에서 고민하는 3…
B0052	B	34	여자	국가행정 사무원	강원	강원-철원군	#육아 #직장인 #테크회의론	임수현 씨는 철원의 지역색과 공직 사회의 특성을 모두 이해하는 유연한 성격의 행정 사무원으로, 가족과 함께하는 평온한 일상 속…
B0053	B	36	여자	관리 비서	충청남	충청남-태안군	#육아 #직장인	문혜연 씨는 태안에서 농업 법인 비서로 일하며 가족과 반려견을 아끼고, 건강한 식도락과 안정적인 일상을 추구하는 다정하고 꼼꼼…
B0054	B	30	여자	교도관	인천	인천-연수구	#육아 #직장인	전지현 씨는 송도에서 아이를 키우며 규율과 체계 속에서 일하는 교도관으로, 철저한 자기관리와 현실적인 삶의 태도를 가진 30대…
B0055	B	47	남자	전기 감리 기술자 및 연구원	경상남	경상남-함안군	#육아 #직장인 #테크회의론	서원재 씨는 경남 함안에서 전기 감리원으로 일하며 가족의 안정과 실용적인 삶을 추구하는, 인간미 넘치는 40대 가장입니다.
B0056	B	48	여자	사무 보조원	충청남	충청남-천안시 서북구	#고디지털 #육아 #직장인	조은아 씨는 천안의 건축 사무소에서 숙련된 업무 능력을 발휘하며, 당뇨 관리와 흡연이라는 모순 사이에서 가족의 평온한 일상을 …
B0057	B	47	여자	승용차 및 승합차 운전원	경기	경기-고양시 덕양구	#육아 #직장인	손성미 씨는 덕양구에서 운송업에 종사하며 가족을 위해 헌신하는 강인한 생활력을 지닌 여성으로, 철저한 자기관리와 뛰어난 친화력…
B0058	B	39	남자	토목감리 기술자	충청북	충청북-청주시 상당구	#육아 #직장인	봉민혁 씨는 청주에서 성실하게 근무하는 토목감리 기술자로, 가족에 대한 깊은 애정과 정적인 휴식을 통해 삶의 균형을 맞추며 더…
B0059	B	44	남자	출판 및 자료편집 사무원	경상북	경상북-포항시 남구	#고디지털 #육아 #직장인	한문기 씨는 포항에서 영상 편집직으로 일하며 가족을 부양하는 성실한 40대 가장으로, 디지털 전문성과 아날로그적 감성 사이에서…
B0060	B	43	남자	여행 사무원	충청남	충청남-서산시	#육아 #직장인 #테크회의론	한인호 씨는 서산에서 가족과 맛있는 음식을 즐기며 안정적인 삶을 지향하는 유능하고 유연한 성격의 여행 사무원입니다.
B0061	B	33	남자	그 외 공업기계 설치 및 정비원	대구	대구-남구	#육아 #직장인	곽호중 씨는 대구의 펄프 공장에서 독보적인 정비 기술로 고소득을 올리며 부모님과의 더 나은 미래를 꿈꾸는 성실한 기술자입니다.
B0062	B	43	남자	그 외 경영 및 진단 전문가	경기	경기-안산시 상록구	#고디지털 #육아 #직장인	김준 씨는 IT 진단 전문성을 바탕으로 가족의 더 나은 주거 환경을 꿈꾸며, 식도락과 게임으로 일상의 숨구멍을 찾는 안산의 4…
B0063	B	47	여자	사무 보조원	제주	제주-제주시	#육아 #직장인	박정민 씨는 제주시의 활기와 정을 모두 품은 채, 베테랑 사무직원으로 일하며 사진과 운동으로 삶의 활력을 찾는 외유내강형 중년…
B0064	B	44	남자	해외 영업원	대전	대전-동구	#약관정독 #육아 #직장인 #테크회의론	이근영 씨는 인문학적 소양을 갖춘 화학 제품 해외 영업원으로, 대전에서 가족과 함께 안정적인 삶을 꾸리며 건강 관리와 여가 사…
B0065	B	42	남자	육군 장교	서울	서울-강동구	#육아 #직장인	김상중 씨는 강동구에 거주하며 유연한 리더십을 발휘하는 육군 장교이자, 가족과의 소박한 일상을 사랑하는 40대 가장입니다.
B0066	B	33	여자	전직 단말기 및 통신 서비스 판매원, 현재 구직중	전북	전북-남원시	#비경제활동 #육아	김자현 씨는 남원의 고즈넉함을 닮아 여유롭지만, 안정적인 미래를 위해 공공기관 취업을 준비하는 자립심 강한 30대 여성입니다.
B0067	B	37	여자	초등학교 교사	경기	경기-안양시 동안구	#고디지털 #육아 #직장인	한찬주 씨는 꼼꼼한 업무 처리 능력과 독립적인 성향을 가진 37세 초등 교사로, 안양에서 가정을 꾸리며 체계적인 삶과 개인적인…
B0068	B	37	남자	검표원	충청남	충청남-서천군	#육아 #직장인	백정훈 씨는 서천에서 가족의 평온을 최우선으로 하며, 검표원이라는 성실한 직업 뒤에 예술적 감수성과 오픈월드 게임 속 모험을 …
B0069	B	47	남자	자동차 부품 기술 영업원	전북	전북-전주시 완산구	#육아 #직장인	이정주 씨는 전주에서 자동차 부품 영업을 하며 인문학적 감성과 e스포츠의 전술적 재미를 동시에 즐기는, 넉넉한 체격의 40대 …
B0070	B	42	남자	건물 경비원	경기	경기-안양시 만안구	#고디지털 #보안민감 #육아 #직장인	공진환 씨는 안양에서 성실하게 내 집 마련의 꿈을 이룬 뒤, 현재는 다정한 성품과 손재주로 아파트 단지를 가꾸며 가족과의 식도…
B0071	B	39	여자	그 외 일반 영업원	대구	대구-동구	#육아 #직장인	전라영 씨는 공학적 논리와 예술적 감성을 동시에 품은 30대 영업직 여성으로, 가족과 함께하는 평온한 일상 속에서 자신만의 건…
B0072	B	33	여자	건물 청소원	전북	전북-익산시	#육아 #직장인	임나라 씨는 익산에서 건물 청소원으로 일하며 성실하게 가정을 꾸려가는 30대 여성으로, 예술에 대한 남다른 애정과 꼼꼼한 일 …
B0073	B	46	남자	로봇공학 기술자 및 연구원	광주	광주-남구	#육아 #저디지털 #직장인	서광철 씨는 정밀한 로봇 제어 기술과 양림동의 예술적 감성을 동시에 품은, 인간 중심의 따뜻한 기술을 꿈꾸는 40대 공학자입니…
B0074	B	34	여자	경리 사무원	경기	경기-연천군	#고디지털 #육아 #직장인	전수민 씨는 연천군에서 농업 경리로 근무하며 대가족의 경제와 행정을 책임지는 34세 여성으로, 실용적인 판단력과 예민한 감수성…
B0075	B	42	남자	선박교통 관제사	대전	대전-동구	#고디지털 #육아 #직장인	정혜원 씨는 대전에서 근무하는 베테랑 선박교통 관제사로, 철저한 업무 능력과 달리 집에서는 정리정돈에 서툰 인간적인 면모를 지…
B0076	B	47	여자	요양 보호사	경상남	경상남-사천시	#육아 #직장인	김정원 씨는 사천에서 요양 보호사로 일하며 가족을 위해 헌신하는, 실속 있고 책임감 강한 40대 어머니입니다.
B0077	B	44	여자	공연·영화 및 음반 기획자	서울	서울-성동구	#육아 #저디지털 #직장인 #테크회의론	이은경 씨는 성수동의 트렌드를 읽는 예리함과 가족을 향한 따뜻한 책임감을 동시에 가진, 현실적이고 세심한 공연 기획자입니다.
B0078	B	38	남자	조명기사	경기	경기-성남시 분당구	#고디지털 #육아 #직장인	최현택 씨는 분당에서 가족을 부양하며 성실하게 일하는 30대 후반의 조명기사로, 현실적인 안정과 가족의 행복을 최우선으로 여기…
B0079	B	47	여자	예체능 교사	경기	경기-하남시	#육아 #저디지털 #직장인	정미란 씨는 하남 미사에 거주하며 예체능 교사로 일하는, 꼼꼼한 책임감과 섬세한 예민함을 동시에 지닌 40대 여성입니다.
B0080	B	30	남자	교육 및 훈련 사무원	경기	경기-의정부시	#육아 #직장인	유혁인 씨는 전문적인 안전 교육 역량을 갖춘 직장인이자, 육아의 고단함을 캠핑과 게임으로 달래며 더 나은 경제적 미래를 설계하…
B0081	B	45	여자	그 외 상점 판매원	경기	경기-김포시	#육아 #직장인	문현영 씨는 김포에서 가족과 함께 살며 도매 상점 판매원으로 일하는, 넉살 좋은 성격과 소소한 취향을 가진 40대 여성입니다.
B0082	B	40	여자	일반 비서	경기	경기-남양주시	#약관정독 #육아 #직장인	홍란영 씨는 이성적인 업무 처리 능력과 내면의 깊은 불안함을 동시에 지닌 채, 남양주에서 아이와 함께 아늑한 보금자리를 가꾸며…
B0083	B	36	남자	회계 사무원	서울	서울-도봉구	#고디지털 #육아 #직장인	김병섭 씨는 도봉구에서 성실하게 일하며 가족의 행복과 내 집 마련이라는 꿈을 향해 묵묵히 걸어가는, 꼼꼼한 회계 사무원이자 다…
B0084	B	44	남자	통계 사무원	경기	경기-성남시 중원구	#고디지털 #육아 #직장인	천상민 씨는 성남에서 물류 통계 전문가로 일하며 가족의 안정을 위해 헌신하지만, 홀로 떠나는 역사 여행과 전략 게임으로 내면의…
B0085	B	43	여자	그 외 일반 영업원	인천	인천-연수구	#육아 #직장인	김지혜 씨는 인문학적 감성과 탁월한 공감 능력을 갖춘 제약 영업원이자, 덜렁거리는 성격 속에 가족에 대한 깊은 애정을 품고 사…
B0086	B	44	여자	요양 보호사	인천	인천-연수구	#육아 #직장인	방우향 씨는 인천 연수구에서 가족과 함께하며, 요양 보호사로서의 전문성과 다채로운 손재주를 가진 외유내강형의 40대 여성입니다…
B0087	B	32	여자	언어학 및 문학 연구원	서울	서울-성북구	#고디지털 #육아 #직장인	서은지 씨는 성북구의 고즈넉한 분위기 속에서 고전 문헌을 연구하며, 학문적 성취와 소박한 가정생활 사이의 균형을 찾아가는 30…
B0088	B	42	남자	윤전인쇄기 조작원	부산	부산-사하구	#육아 #저디지털 #직장인	송민수 씨는 부산 사하구의 숙련된 윤전인쇄기 조작원으로, 투박한 현장 기술자의 모습과 세련된 바버샵 스타일을 동시에 가진 중년…
B0089	B	44	남자	네트워크 시스템 개발자	경기	경기-김포시	#고디지털 #육아 #직장인	박혜민 씨는 김포에 거주하며 가족의 안정과 기술적 완벽함을 동시에 추구하는, 깐깐하지만 책임감 강한 40대 네트워크 엔지니어입…
B0090	B	43	남자	생산관리 사무원	대구	대구-동구	#육아 #직장인	김현수 씨는 대구에서 농업 생산관리를 하며 자녀들을 위해 안정적인 삶의 기반을 닦으려 노력하는, 무뚝뚝하지만 책임감 강한 40…
B0091	B	34	여자	국가행정 사무원	광주	광주-북구	#육아 #직장인	임혜미 씨는 광주 북구에서 안정적인 공무원 생활을 하며 가족과 함께 소소한 일상의 행복을 누리는 다정하고 현실적인 성격의 소유…
B0092	B	37	남자	품질 인증 심사 전문가	전라남	전라남-나주시	#육아 #직장인	문성민 씨는 나주에서 금속 품질 심사원으로 일하며 어머니와 함께 사는, 사교적이고 정이 많지만 건강 관리는 조금 미루고 있는 …
B0093	B	43	여자	회계 사무원	세종	세종-세종시	#고디지털 #육아 #직장인	하성은 씨는 세종시에서 효율적인 회계 업무와 체계적인 가계 관리를 통해 안정적인 삶을 꾸려가는, 주관 뚜렷하고 실용적인 40대…
B0094	B	40	남자	양식 조리사	서울	서울-서대문구	#고디지털 #육아 #직장인	권호정 씨는 서대문구에서 양식 조리사로 일하며 가족의 안정과 소박한 내 가게의 꿈을 키워가는 현실적이고 섬세한 가장입니다.
B0095	B	44	남자	그 외 통신공학 기술자 및 연구원	경기	경기-용인시 수지구	#고디지털 #육아 #직장인	김건훈 씨는 수지구 아파트에서 대가족을 부양하며 통신 기술 분야의 전문성을 쌓아가는, 책임감 강하고 현실적인 40대 가장입니다…
B0096	B	28	남자	그 외 금속·재료 공학 기술자 및 연구원	경상남	경상남-창원시 성산구	#고디지털 #육아 #직장인 #테크회의론	강세환 씨는 창원 국가산단에서 근무하는 금속 공학 기술자로, 철저한 자기관리와 논리적인 사고를 바탕으로 기술적 정점을 꿈꾸는 …
B0097	B	41	남자	산업용로봇 조작원	경기	경기-안양시 만안구	#육아 #직장인	박진휘 씨는 안양에서 산업용 로봇을 다루는 숙련된 기술자이자, 가족의 행복과 일상의 안정을 최우선으로 여기는 다정하고 성실한 …
B0098	B	29	남자	카펫 및 가발 제조원	경상북	경상북-경산시	#육아 #직장인	차현수 씨는 경산의 가발 제조 현장에서 인정받는 기술자이자, 술과 음식을 사랑하며 주변 사람들에게 따뜻한 정을 나누는 넉살 좋…
B0099	B	31	남자	전화 상담원	경기	경기-평택시	#고디지털 #육아 #직장인	손상훈 씨는 평택에서 가족을 위해 헌신하며 기술적 전문성과 공감 능력을 바탕으로 성장하려는 성실한 30대 가장입니다.
B0100	B	49	여자	도로포장기 및 롤러 운전원	서울	서울-은평구	#육아 #직장인	정인옥 씨는 거친 건설 현장의 롤러 운전원으로 일하며 내 집 마련을 꿈꾸는, 강인함과 섬세함을 동시에 지닌 은평구의 40대 여…
B0101	B	30	여자	그 외 세탁 관련 기계 조작원	대전	대전-서구	#육아 #직장인	최찬미 씨는 대전에서 산업용 세탁기를 다루는 숙련공으로 일하며, 소박한 일상의 행복과 미래의 작은 세탁소 꿈을 키워가는 30대…
B0102	B	31	남자	그 외 화물차 및 특수차 운전원	서울	서울-성북구	#고디지털 #육아 #직장인	김현성 씨는 서비스 전공 석사 학위를 가진 항공 화물 특수차 운전원으로, 어머니와 함께 살며 성실하게 물류 전문가를 꿈꾸는 성…
B0103	B	28	여자	일반 비서	경기	경기-부천시 원미구	#육아 #직장인	주예슬 씨는 교육학 전공의 섬세함을 바탕으로 농업 법인에서 실무 능력을 발휘하며, 부천의 일상 속에서 러닝과 소소한 소비로 내…
B0104	B	44	남자	금속공학 기술자 및 연구원	경기	경기-성남시 중원구	#육아 #직장인	조인호 씨는 성남에서 금속공학 기술자로 일하며 정밀한 공정을 설계하지만, 내면에는 섬세한 예민함과 불안을 안고 숲과 게임 속에…
B0105	B	41	여자	웹 운영자	서울	서울-강동구	#육아 #직장인	조지은 씨는 강동구에서 자가를 보유한 40대 웹 운영자로, 당뇨와 흡연이라는 건강 고민을 안고 살아가지만 가족과 식물, 그리고…
B0106	B	32	여자	전화 상담원	광주	광주-북구	#육아 #직장인 #테크회의론	김지은 씨는 광주에서 근무하는 유능한 상담원이자, 인테리어와 식도락에 진심인 세심한 성격의 30대 엄마입니다.
B0107	B	48	남자	냉난방기 관련 설비 조작원	경기	경기-남양주시	#육아 #저디지털 #직장인	최종우 씨는 남양주에서 가족을 위해 헌신하는 냉난방 설비 기술자로, 고단한 현실 속에서도 낚시와 옛 노래로 마음을 달래며 더 …
B0108	B	42	남자	자동차공학 기술자 및 연구원	경상남	경상남-창원시 진해구	#육아 #직장인	공영호 씨는 예술적 감성과 공학적 전문성을 동시에 갖춘 자동차 연구원으로, 진해의 평온한 일상 속에서 가족을 지극히 챙기며 건…
B0109	B	33	여자	금속제품 도장기 조작원	경기	경기-안양시 동안구	#육아 #직장인	심다희 씨는 안양의 금속 도장 전문가이자 예술적 감수성을 가진 수집가이며, 가족과 건강 사이의 균형을 찾아가는 30대 여성입니…
B0110	B	44	남자	범용 소프트웨어 프로그래머	서울	서울-중구	#고디지털 #육아 #직장인	한승필 씨는 보수적인 방송 환경 속에서 정교한 코딩으로 세상을 잇는 개발자이자, 내 집 마련의 꿈을 위해 절제하며 살아가는 4…
B0111	B	39	남자	국가행정 사무원	서울	서울-송파구	#약관정독 #육아 #직장인 #테크회의론	정홍빈 씨는 안정적인 공무원의 삶을 살면서도 내면에는 독립 영화와 실험 예술을 갈망하는 낭만적인 행정가입니다.
B0112	B	49	남자	사무 보조원	충청남	충청남-천안시 서북구	#고디지털 #육아 #직장인	이유철 씨는 천안에서 성실하게 사무 보조원으로 일하며 가족과 이웃을 아끼는, 조금은 통통하고 정 많은 40대 가장입니다.
B0113	B	38	여자	일반 비서	대전	대전-서구	#고디지털 #육아 #직장인	이애영 씨는 수학 전공자의 논리함과 비서직의 꼼꼼함을 갖춘 30대 후반의 직장인이자, 가족의 안정을 위해 계획적으로 살아가는 …
B0114	B	43	여자	방송장비 설치 및 수리원	경상북	경상북-구미시	#육아 #직장인	김보경 씨는 구미 산업단지에서 인정받는 베테랑 방송장비 기술자이자, 자가 아파트의 안락함과 소소한 미용 및 인테리어 취미로 삶…
B0115	B	43	여자	출판 및 자료편집 사무원	경기	경기-양주시	#고디지털 #육아 #직장인	박미선 씨는 옥정신도시에서 가정을 꾸린 다정다감한 편집 사무원으로, 꼼꼼한 업무 능력과 사교적인 성격, 그리고 댄스 스포츠의 …
B0116	B	48	남자	하역 및 적재 관련 단순 종사원	경상남	경상남-통영시	#육아 #직장인	김운성 씨는 통영의 전기장비 공장에서 일하며 가족의 안녕과 막내의 학업 지원을 최우선으로 여기는, 넉살 좋고 푸근한 성격의 4…
B0117	B	45	남자	그 외 바닥재 시공원	전북	전북-정읍시	#육아 #직장인 #테크회의론	신명구 씨는 정읍에서 묵묵히 바닥재 시공 일을 하며 가족과 소박한 행복을 가꾸는, 고집스러운 장인 정신과 현실적인 삶의 태도를…
B0118	B	42	여자	사회복지 관련 관리자	부산	부산-남구	#육아 #직장인	윤애리 씨는 부산 남구의 강단과 사회복지사의 섬세함을 동시에 갖춘, 낚시와 만화로 숨을 고르는 40대 여성 관리자입니다.
B0119	B	27	남자	임업 시험원	강원	강원-정선군	#고디지털 #육아 #직장인 #테크회의론	주우영 씨는 정선에서 숲을 가꾸는 임업 시험원으로 일하며, 미식 여행과 웹툰으로 일상의 여유를 찾는 성실하고 다정한 20대 청…
B0120	B	26	여자	패스트푸드 준비원	충청북	충청북-청주시 흥덕구	#육아 #직장인	김다영 씨는 청주에서 패스트푸드점 직원으로 일하며 육아와 커리어의 균형을 찾으려 애쓰는, 책임감 강하면서도 내면의 불안을 안고…
B0121	B	37	여자	그 외 일반 영업원	경기	경기-의정부시	#약관정독 #육아 #직장인	심주영 씨는 보건복지 전공의 공감 능력과 금융 영업의 냉철함을 동시에 갖춘 37세 전문직 여성으로, 철저한 자기관리와 높은 성…
B0122	B	41	여자	하역 및 적재 관련 단순 종사원	서울	서울-강북구	#육아 #직장인	정은정 씨는 강북구의 낡은 골목 정서와 물류 현장의 거친 노동을 모두 견뎌낸 강인함과, 화려한 네일 아트를 좋아하는 소녀 같은…
B0123	B	41	남자	그 외 전기공학 기술자 및 연구원	충청남	충청남-공주시	#육아 #직장인	위규화 씨는 인문학적 낭만과 전기공학적 기술을 동시에 가진 공주의 빈티지 오디오 수리공으로, 즉흥적인 성격과 다정한 인간미를 …
B0124	B	31	남자	전자제품 개발 기술자 및 연구원	부산	부산-북구	#고디지털 #육아 #직장인	송재욱 씨는 부산 북구의 자가 아파트에 거주하며 자동차 회로를 설계하는 31세 기술자로, 무뚝뚝한 겉모습 뒤에 인디 음악과 캠…
B0125	B	44	남자	전기제품 개발 기술자 및 연구원	경기	경기-수원시 팔달구	#육아 #직장인	정두언 씨는 수원에서 전기제품 개발자로 일하며, 안정적인 일상과 가족과의 소박한 행복을 소중히 여기는 40대 가장입니다.
B0126	B	38	여자	방수공	인천	인천-남동구	#육아 #직장인 #창업준비	박은정 씨는 인문학적 소양을 갖춘 숙련된 방수공으로, 남동구에서 내실 있는 사업장을 꿈꾸며 현실과 이상 사이의 균형을 잡고 살…
B0127	B	28	남자	금형원	경기	경기-양주시	#육아 #직장인	박지문 씨는 정밀 금형 기술을 가진 성실한 청년이자, 활발한 사교성 뒤에 미래에 대한 예민한 불안감을 숨긴 채 묵묵히 자신의 …
B0128	B	48	남자	시설 경비원	경기	경기-구리시	#고디지털 #보안민감 #육아 #직장인	김일용 씨는 구리시에서 어머니를 모시며 학교 시설 경비원으로 성실히 근무하는, 운동과 일상의 안정을 소중히 여기는 40대 중반…
B0129	B	48	여자	범용 소프트웨어 프로그래머	경상북	경상북-포항시 남구	#고디지털 #육아 #직장인	서명선 씨는 보건복지 전공에서 소프트웨어 개발자로 커리어를 전환한 외유내강형 인물로, 포항에서 자녀를 키우며 실용적인 삶과 전…
B0130	B	42	남자	산업 안전원	경기	경기-하남시	#약관정독 #육아 #직장인	이승지 씨는 하남에 거주하며 제약 공장의 안전을 책임지는 실속파 가장으로, 털털한 성격과 뛰어난 사교성으로 일과 가정의 균형을…
B0131	B	40	남자	건물 경비원	부산	부산-남구	#고디지털 #보안민감 #육아 #직장인	김성남 씨는 부산 남구에서 가족의 안정을 최우선으로 하며 성실하게 살아가는 40대 보안 요원입니다.
B0132	B	38	남자	그 외 전기·전자기기 설치 및 수리원	경기	경기-고양시 덕양구	#육아 #직장인	박혁순 씨는 정밀한 기술력과 성실함을 갖춘 30대 기술자로, 가족에 대한 책임감과 혼자만의 고요한 휴식 사이에서 균형을 잡으며…
B0133	B	27	남자	전직 경리 사무원, 현재 구직중	경기	경기-남양주시	#고디지털 #비경제활동 #육아	임용진 씨는 꼼꼼한 사무 처리 능력과 원만한 대인 관계를 갖추었지만, 느슨한 정리 습관과 건강 관리라는 과제를 안고 안정적인 …
B0134	B	32	남자	사무 보조원	경기	경기-시흥시	#고디지털 #육아 #직장인	장성태 씨는 시흥에서 자가 아파트를 보유한 32세 사무 보조원으로, 꼼꼼한 업무 처리 능력과 가족에 대한 깊은 애정을 가진 안…
B0135	B	40	남자	플라스틱 압출기 조작원	경상남	경상남-창원시 마산합포구	#육아 #직장인	이도연 씨는 마산의 플라스틱 공장에서 숙련된 기술로 일하며, 베란다 텃밭과 소금빵의 소소한 행복으로 삶의 균형을 잡는 40대 …
B0136	B	45	남자	전기 용접원	전라남	전라남-여수시	#육아 #저디지털 #직장인	김성철 씨는 여수 산단의 정밀 용접원으로 일하며 홀로 아이를 키우는, 투박한 손마디와는 대조적으로 섬세한 예술적 감성과 다정한…
B0137	B	45	여자	한식 조리사	서울	서울-영등포구	#육아 #직장인	정주희 씨는 영등포에서 근무하는 베테랑 한식 조리사로, 댄스스포츠의 열정과 자신만의 작은 밥집을 꿈꾸는 소박한 희망 사이에서 …
B0138	B	49	남자	경영 기획 사무원	인천	인천-강화군	#육아 #직장인	현진윤 씨는 인문학적 소양을 갖춘 조경 기획 전문가이자, 강화도의 자연 속에서 아이들과 함께 삶의 회복을 꿈꾸는 40대 가장입…
B0139	B	47	남자	제직기 조작원	울산	울산-동구	#육아 #직장인	주재근 씨는 울산 공단의 숙련된 제직공이자 효심 깊은 아들이며, 주말이면 유적지와 캠핑장을 누비는 낭만적인 40대 가장입니다.
B0140	B	42	남자	품질 관리 사무원	대전	대전-서구	#육아 #직장인	최동민 씨는 대전에서 품질 관리직으로 근무하며 부모님께 효도하고 캠핑과 피부 관리를 즐기는, 사교적이면서도 꼼꼼한 성격의 40…
B0141	B	31	남자	총무 사무원	경상북	경상북-성주군	#육아 #직장인	양근용 씨는 성주에서 고소득 총무 사무원으로 일하며, 고도비만의 체격에도 불구하고 세련된 카페 투어와 전문 자격증 취득을 꿈꾸…
B0142	B	41	남자	그 외 금속 공작 기계 조작원	경상북	경상북-예천군	#육아 #직장인 #테크회의론	배세광 씨는 예천의 금속 가공 베테랑이자, 내면에 예술적 갈증을 품고 살아가는 넉살 좋은 40대 가장입니다.
B0143	B	46	여자	플라스틱 사출기 조작원	경기	경기-수원시 영통구	#육아 #직장인	윤민정 씨는 수원 영통의 자가 아파트에서 자녀를 키우며 플라스틱 사출 공장에서 숙련공으로 살아가는, 강인한 생활력과 섬세한 감…
B0144	B	33	여자	상담 전문가	서울	서울-서초구	#육아 #직장인	허아라 씨는 서초구에 거주하며 일과 육아, 상담 전문가로서의 삶을 조율하는 30대 여성으로, 풍부한 공감 능력과 인문학적 소양…
B0145	B	37	남자	그 외 법률 관련 사무원	경기	경기-이천시	#육아 #직장인	김훈 씨는 이천의 금속 제조 기업에서 노사 간의 가교 역할을 하는 법률 사무원으로, 가족의 안정과 소박한 예술적 취향을 소중히…
B0146	B	44	여자	수동 상표 부착원	경기	경기-고양시 덕양구	#육아 #저디지털 #직장인	박희영 씨는 덕양구의 자가 아파트에서 가족과 함께 살며, 정교한 손재주로 농산물 상표를 붙이는 성실한 노동자로 살아갑니다.
B0147	B	39	여자	건물 경비원	대전	대전-서구	#육아 #직장인	강태정 씨는 대전에서 교육 시설 경비원으로 일하며 가족의 안정과 개인의 문화적 갈증 사이에서 균형을 잡으려 애쓰는 39세 여성…
B0148	B	35	여자	대학 교육 조교	대구	대구-수성구	#고디지털 #육아 #직장인 #테크회의론	박지영 씨는 대구 수성구에서 체계적인 삶을 지향하는 대학 조교이자, 가죽 공예와 산책으로 내면의 긴장을 다스리는 꼼꼼한 성격의…
B0149	B	27	남자	마케팅 전문가	서울	서울-종로구	#고디지털 #육아 #직장인	서민균 씨는 보건복지 전문성을 갖춘 꼼꼼한 출판 마케터로, 서촌의 고즈넉한 일상과 볼링의 타격감 사이에서 정서적 균형을 찾는 …
B0150	B	47	남자	그 외 하역 및 적재 단순 종사원	경상남	경상남-사천시	#육아 #직장인	한해원 씨는 사천의 농업 하역 현장에서 성실히 일하며 가족의 더 나은 주거 환경을 꿈꾸는, 책임감 강하고 차분한 40대 가장입…
B0151	B	35	남자	경리 사무원	서울	서울-양천구	#고디지털 #육아 #직장인	신동준 씨는 가족을 향한 깊은 책임감과 조용한 성품을 가진 30대 중반의 건설사 사무원으로, 소박한 일상 속에서 작은 행복을 …
B0152	B	35	여자	검표원	경기	경기-화성시	#육아 #직장인	이보람 씨는 화성시 외곽에서 아이들을 홀로 키우며 친절한 검표원으로 일하고, 빵과 웹툰으로 삶의 위안을 얻는 30대 여성입니다…
B0153	B	42	남자	광고 전문가	광주	광주-광산구	#육아 #직장인 #테크회의론	박지철 씨는 광주 지역 사회에 뿌리를 둔 실전형 광고 전문가로, 넉살 좋은 성격과 예리한 통찰력을 가졌지만 건강 관리에는 서툰…
B0154	B	49	남자	그 외 일반 영업원	부산	부산-기장군	#고디지털 #육아 #직장인	이상용 씨는 부산 기장의 유통 시장을 누비는 탁월한 영업 감각의 소유자이자, 시티팝과 현대 미술을 사랑하는 낭만적인 중년 남성…
B0155	B	30	남자	그 외 제도사	전북	전북-전주시 완산구	#육아 #저디지털 #직장인	박민수 씨는 전주에서 설계 도면을 그리는 제도사로, 예술적 감성과 다정한 성품을 가졌지만 건강 관리에는 소홀한 서른 살 청년입…
B0156	B	44	여자	회계 사무원	서울	서울-영등포구	#고디지털 #육아 #직장인	금유정 씨는 수학적 논리로 회계 업무를 완벽히 수행하면서도 예술적 감성과 가족에 대한 헌신으로 일상을 채우는 40대 여성입니다…
B0157	B	49	남자	공공행정 사무원	전북	전북-군산시	#육아 #직장인	김정현 씨는 군산에서 공공기관 사무원으로 근무하며 안정적인 일상과 가족의 평화를 최우선으로 여기는, 복부비만과 혈당 고민을 가…
B0158	B	33	여자	전직 광고 전문가, 현재 구직중	울산	울산-중구	#고디지털 #비경제활동 #육아	김보윤 씨는 울산에서 아이를 키우며 재취업을 준비하는 실무 중심의 광고 전문가로, 소박한 일상의 행복과 현실적인 커리어 복귀를…
B0159	B	39	여자	금속 열처리로 조작원	부산	부산-기장군	#육아 #직장인 #테크회의론	김경민 씨는 기장 공단의 거친 현장을 누비는 숙련된 기술자이자, 밤이면 달콤한 빵과 음악으로 위로받는 섬세한 감성의 30대 어…
B0160	B	42	여자	휠체어 리프트 설치 및 정비원	전라남	전라남-여수시	#육아 #저디지털 #직장인	한은남 씨는 여수에서 휠체어 리프트 정비라는 전문 기술로 자리를 잡은, 투박하지만 정이 많고 실용적인 삶을 지향하는 40대 여…
B0161	B	48	남자	하역 및 적재 관련 단순 종사원	인천	인천-미추홀구	#육아 #직장인	양대일 씨는 인천 미추홀구에서 성실하게 일하며 가족의 행복과 자녀의 미래를 위해 헌신하는, 건강한 신체적 노동과 소박한 여가를…
B0162	B	46	남자	조사 전문가	경기	경기-남양주시	#고디지털 #육아 #직장인 #테크회의론	최경준 씨는 남양주 다산신도시에 거주하며 데이터 분석력과 유연한 소통 능력을 겸비한 40대 중반의 조사 전문가이자, 가족과 함…
B0163	B	42	남자	전직 게임 프로그래머, 현재 구직중	경기	경기-수원시 영통구	#고디지털 #비경제활동 #육아	조정태 씨는 체계적인 성격의 전직 게임 프로그래머로, 수원 영통에서 가족과 함께하며 재취업과 건강 관리 사이의 균형을 찾으려 …
B0164	B	47	여자	시설 경비원	경상남	경상남-양산시	#육아 #직장인	김현주 씨는 경남 양산에서 시설 경비원으로 근무하며, 가족에 대한 헌신과 소박한 일상의 휴식 속에서 평온을 찾는 40대 후반의…
B0165	B	35	여자	일반 비서	충청북	충청북-청주시 청원구	#고디지털 #약관정독 #육아 #직장인	김혜린 씨는 청주에서 비서로 일하며 꼼꼼한 업무 처리와 가족에 대한 헌신, 그리고 혈당 관리와 사진 취미 사이에서 삶의 균형을…
B0166	B	36	여자	전문 간호사	서울	서울-강남구	#육아 #직장인	박규리 씨는 강남의 화려함과 병동의 치열함 사이에서 균형을 잡으며, 고소득 전문직의 책임감과 개인의 자유 사이에서 방황하는 3…
B0167	B	34	남자	위생용 종이제품 제조기 조작원	경기	경기-동두천시	#육아 #직장인	김우중 씨는 동두천의 위생용지 공장에서 일하며 성실함과 꼼꼼함으로 인정받지만, 배달 음식과 흡연으로 인한 복부비만을 가진 34…
B0168	B	42	남자	사무 보조원	대구	대구-남구	#고디지털 #육아 #직장인	황창화 씨는 대구 남구에서 건설 사무직으로 근무하며 가족의 생계와 자녀 교육을 위해 묵묵히 헌신하는, 소박한 일상의 행복을 아…
B0169	B	47	여자	약사	경기	경기-고양시 덕양구	#육아 #직장인	최형란 씨는 고양시 덕양구에서 세심한 약국 운영과 마당 가꾸기, 역사 답사를 통해 이성과 감성의 균형을 맞추며 살아가는 40대…
B0170	B	32	여자	공학·제조 및 건설 분야 교수	경기	경기-고양시 일산서구	#육아 #직장인	천주원 씨는 인문학적 감성과 공학적 정밀함을 동시에 갖춘 교수이자, 강박적인 꼼꼼함과 섬세한 취향으로 자신의 일상을 세밀하게 …
B0171	B	38	남자	그 외 기능 관련 종사원	서울	서울-송파구	#육아 #직장인	박상혁 씨는 송파구에서 가족과 함께 살며 누수 탐지 기술로 성실하게 삶을 일궈온, 배 나온 푸근한 인상의 30대 가장입니다.
B0172	B	39	여자	관리 비서	전북	전북-전주시 완산구	#육아 #직장인 #테크회의론	황희원 씨는 전주의 연구소에서 근무하는 세심한 관리 비서이자, 마른 비만 체형을 극복하려 노력하며 배드민턴과 와인을 사랑하는 …
B0173	B	41	남자	예체능 교사	대구	대구-중구	#육아 #직장인 #테크회의론	이성찬 씨는 대구 중구에서 아이들을 가르치는 섬세한 예체능 교사로, 성실한 가장의 삶을 살고 있지만 건강 관리와 내면의 스트레…
B0174	B	45	남자	양복 제조원	경기	경기-성남시 수정구	#육아 #직장인	김동민 씨는 성남에서 활동하는 섬세한 감각의 양복 제조원으로, 가족과 함께하는 소소한 휴식과 예술적 취향을 통해 삶의 균형을 …
B0175	B	45	여자	사무 보조원	충청남	충청남-당진시	#육아 #직장인	김성희 씨는 당진에서 농업 사무직으로 일하며 정원 가꾸기와 예술적 취향을 즐기는, 소박한 일상 속에 섬세한 감성과 소소한 꿈을…
B0176	B	29	남자	방송 송출 장비 기사	서울	서울-송파구	#육아 #직장인	허정근 씨는 송파구에 거주하며 방송 송출 기술자로 일하는 20대 후반의 남성으로, 뛰어난 실무 능력과 외향적인 성격을 가졌지만…
B0177	B	37	남자	인사 및 노무 사무원	경기	경기-군포시	#육아 #직장인	함선용 씨는 예술적 감수성과 실무적 유연함을 겸비한 운송업계 인사 담당자로, 건강 관리의 필요성을 느끼면서도 소소한 먹거리와 …
B0178	B	45	남자	지게차 운전원	경상남	경상남-창원시 의창구	#육아 #직장인 #테크회의론	조대환 씨는 창원 공단 지역의 성실함을 몸에 익힌 채 지게차 운전원으로 일하며, 무던한 성격 뒤에 가족에 대한 애정과 자기계발…
B0179	B	44	남자	잠수 기능원	서울	서울-성동구	#육아 #저디지털 #직장인	정재영 씨는 성동구에 거주하며 거친 수중 현장에서 일하는 베테랑 잠수 기능원이자, 가족과 반려견을 사랑하며 자연 속에서의 휴식…
B0180	B	47	여자	그 외 금융 사무원	부산	부산-강서구	#육아 #직장인	윤연숙 씨는 원칙과 꼼꼼함을 중시하는 금융 사무원이자, 자연과 음악 속에서 고요한 휴식을 찾는 부산의 40대 어머니입니다.
B0181	B	45	남자	산업용로봇 조작원	경상북	경상북-구미시	#육아 #직장인	안정태 씨는 구미 공단의 베테랑 로봇 조작원이자 부모님과 함께하는 소박한 식도락 일상을 소중히 여기는, 조금은 게으르지만 정 …
B0182	B	30	여자	그 외 판매 관련 단순 종사원	전라남	전라남-신안군	#육아 #직장인	나성경 씨는 신안군 섬마을에서 특산물 판매원으로 일하며, 가족과 지역 공동체의 정을 소중히 여기는 소박한 성격의 30세 여성입…
B0183	B	45	남자	압연기 조작원	부산	부산-서구	#육아 #직장인	이효상 씨는 부산 서구에서 압연기를 다루는 숙련공이자 성당 성가대원이며, 온라인 게임과 배달 음식으로 스트레스를 푸는 책임감 …
B0184	B	39	여자	유치원 교사	경기	경기-평택시	#육아 #직장인	임영실 씨는 평택의 유치원 교사이자 엄마로서, 일상의 스트레스를 웹툰과 산책으로 달래며 교육 전문가라는 꿈을 향해 나아가는 3…
B0185	B	26	남자	전직 공공행정 전문가, 현재 구직중	인천	인천-계양구	#고디지털 #비경제활동 #육아 #테크회의론	안태한 씨는 꼼꼼한 행정 실무 능력을 갖췄지만 현재는 구직 중인 20대 청년으로, 계양산의 계절 변화와 LCK 경기에 위안을 …
B0186	B	26	여자	전화 상담원	서울	서울-영등포구	#육아 #직장인	최유라 씨는 영등포의 도시적 감성과 서민적 정서를 모두 가진 26세 전화 상담원으로, 수영과 자연 여행으로 스트레스를 관리하며…
B0187	B	38	여자	인쇄판 출력원	서울	서울-강서구	#가격깐깐 #육아 #직장인	원수연 씨는 정교한 인쇄 기술로 생계를 꾸리며 가족의 안정과 개인의 정서적 휴식 사이에서 균형을 잡으려 애쓰는, 외유내강형의 …
B0188	B	47	여자	유치원 교사	경상남	경상남-창원시 진해구	#육아 #직장인	이안나 씨는 문학적 감수성과 차분한 성품을 가진 47세 유치원 교사로, 진해의 자연 속에서 가족과 함께하며 소소한 일상의 행복…
B0189	B	37	남자	시설 경비원	충청남	충청남-천안시 동남구	#육아 #저디지털 #직장인	서요셉 씨는 공학적 재능을 가진 성실한 시설 경비원이자, 가족의 행복과 맛있는 음식, 그리고 게임 한 판의 여유를 사랑하는 소…
B0190	B	28	남자	임학 연구원	전북	전북-전주시 덕진구	#고디지털 #육아 #직장인	윤신영 씨는 보건과 임학의 경계를 허물어 도시 숲을 꿈꾸는 연구원이자, 정적인 예술 감성과 동적인 스포츠를 동시에 향유하는 전…
B0191	B	42	여자	금속코팅·광택 및 래미네이팅기 조작원	경상북	경상북-경주시	#육아 #직장인	이현애 씨는 경주에서 정밀한 금속 코팅 공정을 책임지는 숙련공이자, 가족과의 소소한 행복과 건강 관리에 진심인 40대 어머니입…
B0192	B	35	여자	건축감리 기술자	서울	서울-강동구	#약관정독 #육아 #직장인	황희민 씨는 강동구에 자가를 보유하고 철저한 자기관리와 실용적인 삶의 태도를 지닌 35세의 베테랑 건축감리 기술자입니다.
B0193	B	41	여자	일식 조리사	경기	경기-시흥시	#육아 #직장인 #테크회의론	이소라 씨는 정교한 칼끝으로 삶의 가치를 증명해 온 성실한 일식 조리사이자, 가족과 함께하는 소소한 일상의 평온함을 소중히 여…
B0194	B	34	여자	수의사 보조원	충청북	충청북-옥천군	#육아 #직장인 #테크회의론	안혜수 씨는 옥천에서 수의사 보조원으로 일하며 가족과 이웃을 세심하게 챙기지만, 정작 자신의 욕구는 뒤로 미루고 소박한 집 꾸…
B0195	B	30	남자	전기 용접원	경상북	경상북-포항시 북구	#육아 #직장인 #창업준비	차태현 씨는 포항에서 정밀한 TIG 용접 기술로 미래의 공업사 창업을 꿈꾸며, 성실한 직업 정신과 가족에 대한 깊은 애정을 가…
B0196	B	43	남자	내장 목공	경기	경기-안양시 만안구	#육아 #직장인	최남훈 씨는 정밀한 목공 기술과 세심한 배려심을 갖춘, 가족의 행복과 건강한 삶을 최우선으로 여기는 안양의 성실한 가장입니다.
B0197	B	48	여자	한식 조리사	전북	전북-군산시	#육아 #직장인	차현주 씨는 군산의 정겨운 공동체 문화 속에서 자라, 사람들의 입맛을 세심히 살피는 손맛과 소박한 일상의 행복을 아는 48세 …
B0198	B	47	여자	배전반 조작원	경기	경기-남양주시	#육아 #저디지털 #직장인	엄은정 씨는 남양주에서 배전반 조작원으로 일하며 정교한 기술력과 따뜻한 공감 능력을 동시에 갖춘, 내면의 평화를 찾는 40대 …
B0199	B	33	남자	교육 및 훈련 사무원	경기	경기-남양주시	#고디지털 #육아 #직장인 #테크회의론	김상민 씨는 다산신도시에 거주하며 화학 안전 교육 전문가로 일하는 30대 가장으로, 소박한 일상의 안락함과 가족의 안정을 최우…
B0200	B	45	남자	신차 영업원	충청남	충청남-논산시	#육아 #직장인 #테크회의론	김민욱 씨는 논산 지역의 인맥과 넉살을 무기로 실적 1위를 노리는 유능한 영업사원이지만, 내면의 불안과 건강 문제, 불안정한 …
B0201	B	27	여자	일반 간호사	대구	대구-중구	#육아 #직장인	곽나영 씨는 대구 중구에서 부모님과 거주하며 성실하게 근무하는 20대 간호사로, 일터에서는 냉철한 전문가이지만 일상에서는 극도…
B0202	B	48	여자	한식 조리사	경상북	경상북-경주시	#육아 #저디지털 #직장인 #테크회의론	문래형 씨는 경주에서 사회복지시설 조리사로 성실히 근무하며, 가족과의 소박한 외식과 휴식을 통해 삶의 균형을 잡는 책임감 강한…
B0203	B	45	남자	하역 및 적재 관련 단순 종사원	경기	경기-부천시 원미구	#육아 #직장인	김광범 씨는 부천의 하역 현장에서 정직하게 땀 흘려 일하며, 가족에 대한 책임감과 e스포츠라는 반전 취미를 가진 40대 가장입…
B0204	B	36	남자	도로운송 사무원	서울	서울-강북구	#고디지털 #육아 #직장인	최광원 씨는 가족에 대한 사랑과 소박한 일상의 행복을 소중히 여기며, 유연한 성격으로 현장과 사무실 사이의 균형을 잡는 30대…
B0205	B	44	여자	보육교사	강원	강원-춘천시	#육아 #직장인	강혜미 씨는 춘천에서 아이를 홀로 키우며 보육교사로서의 전문성을 쌓아가는, 책임감 강하고 섬세하지만 내면의 불안을 안고 살아가…
B0206	B	47	여자	의류 판매원	서울	서울-강북구	#고디지털 #육아 #직장인	천순덕 씨는 강북구의 자가 주택에 거주하며 패션 판매 전문성과 예술적 안목을 동시에 갖춘, 독립적이고 섬세한 40대 전문직 여…
B0207	B	34	여자	시설 경비원	대전	대전-동구	#고디지털 #보안민감 #육아 #직장인	송선영 씨는 대전 동구에서 보안 요원으로 근무하며 성실하게 커리어를 쌓아가는, 예술적 감수성과 책임감을 동시에 지닌 34세 여…
B0208	B	29	남자	전직 체인점 모집 및 관리 영업원, 현재 구직중	제주	제주-서귀포시	#비경제활동 #육아	한지환 씨는 서귀포에서 대가족과 함께 살며 서비스 산업의 전문성과 예술적 감수성을 동시에 갖춘 채, 건강 관리의 어려움과 재취…
B0209	B	49	여자	마케팅 관리자	경기	경기-용인시 수지구	#고디지털 #육아 #직장인	박선주 씨는 철저한 계획성과 금융 전문성을 갖춘 고소득 관리자이면서도, 내면에는 예술적 영감을 갈구하는 섬세한 감성을 품고 사…
B0210	B	33	여자	보육교사	인천	인천-계양구	#고디지털 #육아 #직장인 #테크회의론	최수민 씨는 계양구에서 일과 가정의 균형을 찾으려 애쓰는 보육교사이자, 화려한 네일 아트와 휴양지 여행으로 스트레스를 해소하며…
B0211	B	46	남자	지게차 운전원	서울	서울-양천구	#육아 #직장인	정민욱 씨는 성실한 지게차 운전원으로 일하며 가족의 안정과 자녀 교육을 위해 헌신하는 양천구의 책임감 있는 40대 가장입니다.
B0212	B	38	남자	공공행정 사무원	부산	부산-영도구	#육아 #직장인 #테크회의론	박용주 씨는 부산 영도에서 공공행정직으로 근무하며 안정적인 삶과 소소한 취미를 즐기는, 현실적이고 유연한 성격의 30대 후반 …
B0213	B	36	여자	상품 기획자	제주	제주-제주시	#육아 #직장인 #테크회의론	김은정 씨는 인문학적 감성과 현실적인 생활력을 겸비한 채, 제주의 식료품 기획자로 성장하며 가족과 함께 소박한 행복을 일구어가…
B0214	B	45	남자	토목 관련 관리자	경기	경기-하남시	#육아 #직장인	김호 씨는 하남에 거주하며 전문성을 갖춘 토목 관리자로 일하는, 실리적이고 외향적인 40대 중반의 가장입니다.
B0215	B	41	여자	수동 포장원	강원	강원-원주시	#육아 #직장인	김아름 씨는 원주에서 수동 포장원으로 성실히 일하며, 치악산의 자연과 최백호의 음악, 그리고 가족이라는 울타리 안에서 실용적인…
B0216	B	38	남자	그 외 전문 의사	광주	광주-북구	#육아 #직장인	최현빈 씨는 전문직으로서의 성공과 홀로 아이들을 키우는 가장의 책임감 사이에서 고군분투하며, 전략 게임과 산책으로 내면의 평화…
B0217	B	30	여자	일반 비서	경기	경기-하남시	#육아 #직장인	김다은 씨는 하남의 단독주택에 거주하며 기계 제조업체 비서로 일하는 30대 여성으로, 인문학적 감수성과 현실적인 안정감을 동시…
B0218	B	33	남자	인사 및 노무 사무원	서울	서울-중랑구	#고디지털 #육아 #직장인	김승범 씨는 중랑구에서 성실하게 근무하며 가족의 행복과 더 넓은 집이라는 꿈을 향해 정진하는, 뱃살은 좀 나왔지만 마음만은 단…
B0219	B	38	남자	전기 감리 기술자 및 연구원	경기	경기-안양시 만안구	#육아 #저디지털 #직장인	남규수 씨는 안양에서 전기 감리 기술자로 일하며 전문 기술사 자격증 취득과 자녀 교육이라는 명확한 목표를 향해 묵묵히 걸어가는…
B0220	B	49	남자	상·하수 배관공	서울	서울-마포구	#육아 #저디지털 #직장인	김대훈 씨는 마포구의 지형과 배관을 꿰뚫고 있는 완벽주의 배관공으로, 땀의 가치를 믿으며 정적인 휴식과 소박한 일상을 통해 삶…
B0221	B	36	남자	우편집배원	경기	경기-의정부시	#육아 #직장인	장준헌 씨는 의정부의 지리를 꿰고 있는 성실한 우편집배원이자, 가족의 평온한 일상을 지키기 위해 묵묵히 제 자리를 지키는 고혈…
B0222	B	45	남자	전화 상담원	경상북	경상북-경주시	#육아 #직장인	강상택 씨는 경주에서 전기·가스 상담원으로 근무하며 가족과 소박한 일상을 가꾸는, 책임감 강하고 현실적인 40대 가장입니다.
B0223	B	46	여자	경리 사무원	대구	대구-달성군	#고디지털 #육아 #직장인	오향숙 씨는 대구의 금속 공장에서 디지털 행정과 아날로그 현장을 잇는 베테랑 경리로 일하며, 가족의 안정과 소소한 휴식을 삶의…
B0224	B	49	남자	금속 열처리로 조작원	경상북	경상북-경주시	#육아 #저디지털 #직장인	박정호 씨는 경주에서 금속 열처리 전문가로 일하며, 가족에 대한 책임감과 소소한 일탈 사이에서 균형을 잡으며 살아가는 40대 …
B0225	B	39	여자	승용차 및 승합차 운전원	서울	서울-은평구	#육아 #직장인	김가연 씨는 은평구의 지리에 능통한 베테랑 운전원으로, 자가 주택을 보유한 안정적인 삶을 지향하며 3세대 가족을 책임지는 강인…
B0226	B	33	여자	일반 간호사	대구	대구-동구	#육아 #직장인	은경미 씨는 대구에서 근무하는 숙련된 간호사로, 일터에서의 유능함과 일상에서의 느긋함을 동시에 가진, 자연과 소소한 취향을 사…
B0227	B	42	남자	범용 소프트웨어 프로그래머	경기	경기-여주시	#고디지털 #육아 #직장인	채경만 씨는 여주에서 가족과 함께 사는 실무 중심의 에듀테크 개발자로, 정교한 기술력과 다정한 성품, 그리고 집 꾸미기와 골프…
B0228	B	36	남자	외국어 교사	서울	서울-금천구	#육아 #직장인	김진석 씨는 가산디지털단지에서 실무 중심의 외국어를 가르치는 다정한 교사로, 주말에는 숲속 캠핑과 야구 관람으로 활력을 얻으며…
B0229	B	46	남자	강구조물 건립원	서울	서울-은평구	#육아 #직장인	손재모 씨는 은평구에 뿌리를 둔 성실한 강구조물 건립원으로, 당뇨라는 건강상 제약 속에서도 철저한 자기관리와 가족에 대한 책임…
B0230	B	41	남자	철도운송 관련 종사원	경상남	경상남-진주시	#육아 #직장인	김효준 씨는 진주에서 철도 운송 업무를 수행하며 가족과 이웃을 아끼는, 건강한 사회성과 소박한 성취욕을 가진 40대 가장입니다…
B0231	B	45	여자	정보 보안 전문가	대전	대전-서구	#고디지털 #보안민감 #육아 #직장인	김은경 씨는 교육학 전공 후 정보 보안 전문가로 전향한 유연한 커리어를 가졌으며, 대전 서구에서 가족과 함께하며 아날로그적 감…
B0232	B	42	남자	금속제품 도장기 조작원	경상북	경상북-포항시 남구	#육아 #직장인	이덕래 씨는 포항의 철강 공단에서 성실하게 일하는 도장 전문가이자, 내밀한 예술적 감성과 다정한 가족애를 품고 살아가는 40대…
B0233	B	43	남자	반도체공학 기술자 및 연구원	경기	경기-안양시 동안구	#육아 #직장인	이병국 씨는 평촌 신도시에서 반도체 설계의 정밀함과 현대 미술의 파격적인 상상력을 동시에 품고 살아가는 40대 연구원입니다.
B0234	B	38	여자	육류가공 기계 조작원	경기	경기-화성시	#육아 #직장인	노나리 씨는 화성의 육류 가공 현장에서 묵묵히 일하며 아이들을 향한 사랑과 현실적인 생활력을 바탕으로 덤덤하게 하루를 살아내는…
B0235	B	47	남자	마케팅 전문가	서울	서울-송파구	#고디지털 #육아 #직장인	이무근 씨는 송파구에 뿌리를 둔 B2B 기술 마케팅 전문가로, 공학적 지성과 인문학적 감성을 동시에 지녔으며 건강 관리와 좋지…
B0236	B	30	남자	산업 특화 소프트웨어 프로그래머	서울	서울-중랑구	#고디지털 #육아 #직장인	김형석 씨는 중랑구에 거주하며 통신 소프트웨어 최적화를 수행하는 개발자로, 식도락 여행과 러닝을 통해 삶의 균형을 찾는 30대…
B0237	B	25	남자	식품 영업원	울산	울산-울주군	#육아 #직장인	심선용 씨는 울산에서 식품 영업원으로 일하며 가족의 온기와 소소한 취미 생활 속에서 자신의 꿈을 키워가는, 겉은 무디지만 속은…
B0238	B	48	남자	기지국 설치 및 수리원	충청북	충청북-청주시 서원구	#육아 #직장인 #테크회의론	김덕현 씨는 수학적 정밀함으로 기지국을 관리하는 숙련공이자, 가족과 소박한 일상을 나누며 내 집 마련을 꿈꾸는 예민하고 신중한…
B0239	B	44	남자	폐기물 처리 기술자 및 연구원	서울	서울-강동구	#육아 #직장인	김진수 씨는 가족의 안정을 최우선으로 여기며 건설 현장에서 폐기물 처리 전문가로 성장해나가는 성실하고 소탈한 40대 가장입니다…
B0240	B	33	여자	그 외 조리사	부산	부산-서구	#육아 #직장인	유나겸 씨는 부산 서구에서 가족과 함께 살아가는 차분한 성격의 조리사로, 인문학적 감수성과 직업적 성실함을 갖춘 채 작은 심야…
B0241	B	41	남자	전자 및 통신장비 기술 영업원	경기	경기-김포시	#육아 #직장인	전수현 씨는 김포에서 기술 영업직으로 근무하며 내 집 마련의 꿈을 키우는, 성실하지만 경제적 압박과 건강 관리에 고민이 많은 …
B0242	B	35	남자	전기 부품 제조 기계 조작원	인천	인천-서구	#육아 #직장인 #테크회의론	장준영 씨는 인천 공단에서 정밀 기계를 다루는 성실한 기술자이자, 가족의 안식처를 마련하기 위해 묵묵히 땀 흘리며 살아가는 3…
B0243	B	38	남자	용융 도금기 조작원	경기	경기-평택시	#육아 #직장인 #테크회의론	박현희 씨는 평택 공단의 숙련된 도금공이자 수원 삼성의 열혈 팬이며, 가족과의 식도락 여행에서 행복을 찾는 성실한 가장입니다.
B0244	B	33	남자	소방설계 기술자 및 연구원	경기	경기-남양주시	#가격깐깐 #고디지털 #약관정독 #육아 #직장인	신건호 씨는 꼼꼼한 성격의 소방설계 기술자로, 다산신도시에서 가족과의 소소한 행복과 내 집 마련이라는 현실적인 목표 사이에서 …
B0245	B	45	여자	하역 및 적재 관련 단순 종사원	경기	경기-용인시 처인구	#육아 #직장인	성혜정 씨는 용인에서 농산물 하역 일을 하며 가족의 내 집 마련과 자녀 교육을 위해 묵묵히 땀 흘려 일하는 성실한 40대 어머…
B0246	B	47	남자	전기 관련 관리자	경기	경기-용인시 수지구	#고디지털 #육아 #직장인	이호성 씨는 논리적인 수학 전공자이자 유능한 전기 관리자로, 가족을 향한 책임감과 혼자만의 미식 여행이라는 두 가지 삶의 균형…
B0247	B	44	여자	경리 사무원	전북	전북-군산시	#고디지털 #육아 #직장인	이장건 씨는 군산의 농업법인에서 정교한 행정 능력을 발휘하는 경리 사무원이자, 사진과 예술을 통해 삶의 여유를 찾는 섬세한 감…
B0248	B	45	남자	전자제품 개발 기술자 및 연구원	충청남	충청남-천안시 서북구	#고디지털 #육아 #직장인 #테크회의론	강효식 씨는 천안에서 가족과 함께 단독주택에 거주하며, 전기장비 분야의 전문성을 바탕으로 안정적인 삶과 소박한 일상의 행복을 …
B0249	B	30	남자	인사 및 노무 사무원	전라남	전라남-목포시	#육아 #직장인	이남준 씨는 목포의 농업 법인 인사 사무원으로 일하며 공인노무사를 꿈꾸는, 가족 중심적이고 성실한 삶을 지향하는 30대 청년입…
B0250	B	40	여자	법무사	경상남	경상남-양산시	#고디지털 #육아 #직장인 #테크회의론	이아랑 씨는 유연한 소통 능력을 갖춘 전문 법무사이자, 가족과의 소박한 식도락과 휴식에서 삶의 안정을 찾는 현실적인 40대 여…
B0251	B	29	남자	사무 보조원	경기	경기-남양주시	#가격깐깐 #고디지털 #육아 #직장인 #테크회의론	한주상 씨는 남양주에서 사무 보조로 일하며 어머니를 부양하려는 책임감과 소박한 일상의 즐거움을 동시에 추구하는 20대 후반의 …
B0252	B	39	여자	일반 비서	부산	부산-부산진구	#약관정독 #육아 #직장인 #테크회의론	유진아 씨는 부산진구에서 임대업 비서로 일하며 꼼꼼한 업무 능력과 사회적 센스를 겸비한, 가족의 중심이자 미래의 부동산 전문가…
B0253	B	41	여자	출판 및 자료편집 사무원	경기	경기-수원시 영통구	#육아 #직장인	조수현 씨는 수원 영통에서 아이들을 키우며 교육 출판 분야에서 전문성을 쌓아가는, 다정하고 현실적인 40대 워킹맘입니다.
B0254	B	38	남자	그 외 법률 관련 사무원	경기	경기-평택시	#약관정독 #육아 #직장인	이주성 씨는 평택의 건설 행정 전문가로서 실리적인 삶을 추구하며, 가족의 행복과 자녀 교육에 헌신하는 고도비만 체형의 다정한 …
B0255	B	49	여자	정보 보안 전문가	경기	경기-용인시 수지구	#고디지털 #보안민감 #육아 #직장인	박민채 씨는 용인 수지에서 아버지를 모시며 출판 보안 전문가로 활동하는, 책임감 강하고 정돈된 삶을 지향하는 40대 후반의 여…
B0256	B	49	여자	통계 사무원	경기	경기-구리시	#고디지털 #육아 #직장인	박선영 씨는 구리시에서 통계 사무원으로 일하며 역사 유람과 소박한 가족 생활을 즐기는, 현실적이면서도 정이 많은 40대 후반의…
B0257	B	39	여자	건물 경비원	전라남	전라남-여수시	#고디지털 #보안민감 #육아 #직장인 #테크회의론	서두레 씨는 여수 산단에서 보안 요원으로 일하며 내 집 마련의 안정과 아이의 미래를 위해 묵묵히 삶을 일궈나가는 강단 있는 싱…
B0258	B	28	남자	고속철 기관사	강원	강원-삼척시	#육아 #저디지털 #직장인	장병호 씨는 정밀한 고속철 운행 능력을 갖췄으나 일상에서는 느긋하고 수동적인 면모가 강한, 식도락을 즐기는 20대 후반의 삼척…
B0259	B	38	여자	음식 서비스 종사원	서울	서울-강남구	#육아 #직장인	전수미 씨는 강남의 화려함 뒤에서 대가족을 부양하는 책임감과 개인의 고독 사이에서 줄타기를 하며, 요리를 통해 삶의 안정과 성…
B0260	B	39	남자	그 외 금융 사무원	서울	서울-송파구	#가격깐깐 #고디지털 #육아 #직장인 #테크회의론	서성흠 씨는 송파구에 거주하며 건설업 원가 관리 전문가를 꿈꾸는 30대 후반의 가장으로, 분석적인 사고와 가족에 대한 애정, …
B0261	B	30	남자	호송 경비원	경기	경기-시흥시	#육아 #직장인 #테크회의론	전진환 씨는 시흥시에 거주하며 호송 경비원으로 근무하는 30세 남성으로, 철저한 직업 정신과 SF 영화에 대한 애정을 가진 신…
B0262	B	39	여자	건물 청소원	경기	경기-시흥시	#육아 #직장인	이효영 씨는 시흥에서 성실하게 건물을 관리하며 자녀의 미래를 준비하는 현실적인 어머니이자, 맛집 탐방과 소주 한 잔의 여유를 …
B0263	B	32	남자	자재 관리 사무원	경기	경기-안양시 동안구	#고디지털 #육아 #직장인	권호준 씨는 안양에서 자재 관리직으로 근무하며 내 집 마련과 자녀 양육이라는 현실적인 목표를 향해 묵묵히 나아가는 30대 가장…
B0264	B	43	여자	교육 및 훈련 사무원	충청남	충청남-당진시	#고디지털 #육아 #직장인	이미영 씨는 당진의 화학 공장에서 성실하게 근무하며 대가족의 화목을 책임지는, 현실적이고 책임감 강한 40대 여성입니다.
B0265	B	47	여자	그 외 토목 관련 기술자	경기	경기-화성시	#육아 #직장인	안정화 씨는 거친 토목 현장에서 실력으로 인정받은 베테랑 기술자이자, 자녀들을 위해 강인하게 삶을 일궈가는 책임감 강한 어머니…
B0266	B	45	여자	정보 시스템 운영자	경기	경기-양주시	#육아 #직장인	조은희 씨는 양주시에서 자녀를 홀로 키우며 교육기관의 시스템 운영자로 성실하게 살아가는, 외유내강형의 40대 여성입니다.
B0267	B	27	남자	중식 조리사	경상북	경상북-구미시	#육아 #직장인	김현웅 씨는 구미에서 가족과 함께 살며 성실하게 웍을 돌리는 27세 중식 조리사로, 안정적인 미래와 가족의 행복을 꿈꾸는 현실…
B0268	B	42	여자	사회복지사	서울	서울-관악구	#육아 #직장인 #테크회의론	조석실 씨는 관악구에서 근무하는 베테랑 사회복지사이자, 가족과 자연 속 휴식을 즐기며 모바일 게임과 하이볼로 스트레스를 해소하…
B0269	B	25	여자	금속절곡기 조작원	강원	강원-고성군	#육아 #직장인	이소민 씨는 고성의 금속 공장에서 정밀한 기술을 닦으며 아이의 미래와 자신의 성장을 동시에 일궈가는, 책임감 강하고 단단한 2…
B0270	B	26	남자	그 외 바닥재 시공원	서울	서울-구로구	#육아 #직장인 #창업준비	이성민 씨는 구로구에서 바닥재 시공 기술자로 일하며 내 집 마련을 위해 성실히 저축하는, 야구장의 열정과 고궁의 정적함을 동시…
B0271	B	35	남자	그 외 하역 및 적재 단순 종사원	경상북	경상북-청도군	#육아 #직장인	박웅 씨는 경북 청도에서 성실하게 농업 하역 일을 하며, 사교적인 성격과 가족에 대한 책임감으로 지역 사회에 깊이 뿌리 내리고…
B0272	B	37	여자	범용 소프트웨어 프로그래머	인천	인천-연수구	#고디지털 #육아 #직장인	이지영 씨는 송도에 거주하며 교육 플랫폼 개발자로 일하는 37세 여성으로, 철저한 계획성과 실무 능력을 바탕으로 일과 가정의 …
B0273	B	40	여자	일반 비서	인천	인천-연수구	#육아 #직장인 #테크회의론	오수진 씨는 인천 연수구에서 아이를 키우며 인문학적 소양과 유연한 대처 능력을 갖춘, 독립 서점의 꿈을 꾸는 40대 여성입니다…
B0274	B	30	여자	네트워크 시스템 개발자	서울	서울-양천구	#고디지털 #육아 #직장인	신성아 씨는 실력 있는 네트워크 개발자이자, 어머니와 함께하는 소박한 식도락 여행과 예술 관람으로 삶의 균형을 잡는 30대 여…
B0275	B	30	남자	송배전설비 기술자 및 연구원	광주	광주-서구	#육아 #직장인	박준희 씨는 고전적인 송배전 기술과 현대적인 디지털 감성을 동시에 지닌 30대 기술자로, 부모님과 함께 사는 단독주택의 평온함…
B0276	B	40	여자	유치원 교사	광주	광주-북구	#가격깐깐 #육아 #직장인 #테크회의론	서세연 씨는 광주에서 아이들을 가르치며 안정적인 일상을 가꾸어가는, 꼼꼼하고 신중한 성격의 베테랑 유치원 교사입니다.
B0277	B	42	남자	산업 안전원	대구	대구-달성군	#육아 #직장인 #테크회의론	배태연 씨는 대구 달성군의 자동차 부품 공장에서 근무하는 실용주의적인 산업 안전원으로, 가족과 지인들과의 유대를 소중히 여기며…
B0278	B	45	남자	그 외 건설 및 채굴기계 운전원	경상남	경상남-창원시 마산합포구	#육아 #직장인 #테크회의론	김성진 씨는 마산에서 굴착기를 운전하며 가족의 안정을 책임지는, 겉은 무뚝뚝하지만 속은 깊은 실용주의적 중년 남성입니다.
B0279	B	40	여자	사무 보조원	경기	경기-오산시	#가격깐깐 #고디지털 #육아 #직장인	최수연 씨는 경기 오산에서 직장과 가정을 동시에 책임지며, 꼼꼼한 업무 능력과 현실적인 경제 관념으로 내 집 마련의 꿈을 키워…
B0280	B	37	여자	화학물 가열 처리 장치 조작원	경기	경기-화성시	#육아 #저디지털 #직장인	우지연 씨는 화성 공단에서 성실하게 일하며 어머니와의 더 나은 미래를 꿈꾸는, 소소한 일상의 보상과 관계의 온기를 소중히 여기…
B0281	B	30	남자	조세행정 사무원	서울	서울-송파구	#고디지털 #약관정독 #육아 #직장인 #테크회의론	유정준 씨는 송파구에 거주하며 효율적인 행정 업무 처리와 가족과의 안온한 일상 사이에서 균형을 잡으려 노력하는 30대 초반의 …
B0282	B	40	여자	유치원 교사	경기	경기-용인시 수지구	#육아 #직장인	고은혜 씨는 용인 수지에서 일과 가정의 균형을 잡으려 애쓰는 유치원 교사로, 부드러운 외유내강의 성격과 소박한 취향을 가진 4…
B0283	B	37	남자	데이터 관리 및 운영자	경상남	경상남-거제시	#고디지털 #육아 #직장인	조지환 씨는 거제시의 성실한 데이터 운영자로, 철저한 자기관리와 가족에 대한 책임감을 지녔지만 건강 관리와 어머니와의 관계에서…
B0284	B	44	남자	경영 기획 사무원	경상남	경상남-양산시	#고디지털 #육아 #직장인	유재문 씨는 보험사 경영기획직의 냉철한 수치 감각과 만화책을 좋아하는 소년미, 그리고 가족을 향한 따뜻한 헌신이 공존하는 40…
B0285	B	29	여자	일반 비서	경기	경기-수원시 팔달구	#육아 #직장인	김민영 씨는 타인에 대한 세심한 배려와 유연한 소통 능력을 갖췄지만, 내면에는 자신만의 고요한 영역을 철저히 지키고 싶어 하는…
B0286	B	33	남자	전직 경영 기획 사무원, 현재 구직중	경기	경기-김포시	#비경제활동 #육아	김민서 씨는 김포에 거주하며 재취업을 준비하는 30대 가장으로, 유연한 성격과 물류 기획 역량을 갖추고 가족과 함께하는 소박한…
B0287	B	30	남자	건물 내 전기 설치 및 정비원	서울	서울-금천구	#육아 #직장인	김지용 씨는 수학적 논리력을 갖춘 전기 기술자이자, 가족에 대한 깊은 책임감과 개인적인 취미 생활 사이에서 조화로운 균형을 찾…
B0288	B	41	남자	경·소형 화물차 운전원	충청남	충청남-아산시	#육아 #직장인	이현호 씨는 아산 산업단지에서 성실하게 트럭을 운전하며 홀어머니를 모시고 사는, 투박하지만 정 많은 40대 초반의 남성입니다.
B0289	B	44	남자	중형 화물차 운전원	인천	인천-부평구	#약관정독 #육아 #직장인 #창업준비	이세화 씨는 부평의 물류 흐름을 꿰뚫는 성실한 화물차 운전원이자, 정교한 자기관리와 미래의 사업 꿈을 가진 40대 가장입니다.
B0290	B	47	여자	머시닝센터 조작원	울산	울산-울주군	#육아 #직장인	변해란 씨는 울산의 자동차 부품 제조 현장을 진두지휘하는 고소득 숙련 기술자로, 강단 있는 성격과 가족에 대한 깊은 애정을 동…
B0291	B	49	여자	사무 보조원	대구	대구-달서구	#육아 #직장인	홍은화 씨는 대구 달서구에서 자녀를 홀로 키우며 소매업 사무직으로 성실히 일하는, 섬세한 완벽주의와 깊은 외로움을 동시에 품은…
B0292	B	49	남자	그 외 배달원	부산	부산-북구	#육아 #직장인	박동훈 씨는 부산 북구의 지리를 꿰뚫고 있는 성실한 배달원이자, 가족의 안정을 최우선으로 여기며 예술적 동경을 품고 살아가는 …
B0293	B	37	남자	예체능 교사	광주	광주-남구	#육아 #직장인 #테크회의론	윤승용 씨는 광주 남구에서 아이들을 가르치는 예체능 교사로, 계획적인 일상과 가족과의 정적인 시간을 소중히 여기며 밤마다 게임…
B0294	B	36	남자	총무 사무원	충청북	충청북-청주시 흥덕구	#고디지털 #육아 #직장인	김정호 씨는 청주에서 전자부품 회사 총무로 일하며 가족을 부양하는 성실한 30대 가장으로, 실용적인 삶의 태도와 세심한 업무 …
B0295	B	42	남자	전기 감리 기술자 및 연구원	부산	부산-금정구	#육아 #직장인	안근용 씨는 인문학적 감성과 전기 기술자의 전문성을 동시에 갖춘 채, 부산 금정구에서 가족의 행복과 직업적 안정을 최우선으로 …
B0296	B	37	여자	삽화가	서울	서울-성북구	#육아 #직장인	정영선 씨는 복지 전공의 따뜻한 시선을 그림에 담아내는 삽화가이자, 일상의 소소한 탐닉과 가족 사랑 사이에서 심리적 안정을 찾…
B0297	B	47	남자	콘크리트 타설원	전북	전북-전주시 완산구	#육아 #저디지털 #직장인	김영권 씨는 전주에서 콘크리트 타설원으로 일하며 두 아이를 정성껏 키워내는, 넉살 좋고 책임감 강한 전북의 아버지입니다.
B0298	B	43	여자	한식 조리사	광주	광주-북구	#육아 #직장인	김수연 씨는 예술적 감성과 실용적인 조리 기술을 겸비하여 병원 식단을 책임지는 40대 한식 조리사이자, 부모님과 남편을 세심히…
B0299	B	35	여자	전화 상담원	경기	경기-남양주시	#육아 #직장인	배지영 씨는 공학적 이성과 상담직의 감성 사이에서 균형을 잡으며 남양주에서 가족과 함께 소소한 일상을 가꾸는 30대 직장인입니…
B0300	B	39	남자	바텐더	대구	대구-남구	#육아 #직장인	권동민 씨는 대구 남구에서 가족을 위해 헌신하며 술을 마시지 않고도 최상의 칵테일을 만드는, 느긋함과 전문성을 동시에 지닌 3…
B0301	B	46	남자	조사 전문가	경기	경기-고양시 일산동구	#고디지털 #육아 #직장인	최정환 씨는 성실한 조사 전문가이자 다정한 아버지로, 건강상의 취약함과 상실의 아픔을 운동과 소박한 인간관계로 보듬으며 살아가…
B0302	B	38	여자	상품 기획자	제주	제주-서귀포시	#육아 #직장인	고후영 씨는 예술적 감각과 실무 능력을 겸비한 서귀포의 공간 기획자로, 가족과 자연 속의 삶을 소중히 여기며 자신의 취향을 공…
B0303	B	40	남자	수동 포장원	경기	경기-이천시	#육아 #직장인 #테크회의론	박용선 씨는 이천에서 성실하게 살아가는 40대 가장으로, 물류 포장의 숙련된 기술과 가족에 대한 강한 책임감, 그리고 블로그와…
B0304	B	39	여자	보육교사	부산	부산-남구	#육아 #직장인	양유나 씨는 부산 남구의 바다를 닮은 차분함으로 아이들을 돌보며, 소박한 일상의 안정과 가족과의 정적인 시간을 무엇보다 소중히…
B0305	B	49	남자	경리 사무원	충청북	충청북-영동군	#고디지털 #육아 #직장인	이국희 씨는 충북 영동의 느긋한 정서 속에서 가족과 동료를 세심하게 챙기며 안정적인 삶을 꾸려가는 40대 후반의 성실한 경리 …
B0306	B	46	남자	단말기 및 통신 서비스 판매원	서울	서울-노원구	#육아 #직장인	이명근 씨는 노원구에서 휴대폰 매장을 운영하며 가족과 맛집 탐방을 즐기고, 이웃과의 관계를 소중히 여기는 서글서글한 성격의 4…
B0307	B	30	남자	정보 시스템 운영자	부산	부산-북구	#고디지털 #약관정독 #육아 #직장인	서찬빈 씨는 안정적인 직장과 가정 환경 속에서 타인에 대한 배려와 정적인 취향을 가진, 조금은 느긋하고 푸근한 인상의 30대 …
B0308	B	44	남자	그 외 법률 관련 사무원	경기	경기-성남시 중원구	#약관정독 #육아 #직장인	주태환 씨는 공학적 지식과 법무 능력을 겸비한 40대 직장인으로, 가족에 대한 사랑과 낚시라는 확실한 취미, 그리고 건강 관리…
B0309	B	37	남자	유통 및 매장 감시원	경상남	경상남-김해시	#고디지털 #육아 #직장인	배지훈 씨는 김해에서 유통 매장을 관리하며 예술적 감성과 넉살 좋은 성격을 가진, 배달 음식과 프리미어리그 중계를 사랑하는 3…
B0310	B	48	여자	그 외 고객 상담 사무원	경기	경기-성남시 중원구	#고디지털 #육아 #직장인	이현주 씨는 성남에서 자수성가한 베테랑 상담원이자, 테니스와 현대 미술을 즐기며 삶의 질을 주체적으로 높여가는 40대 여성입니…
B0311	B	43	남자	생산관리 사무원	서울	서울-성북구	#고디지털 #육아 #직장인	이순제 씨는 성북구에서 부모님과 함께 거주하며 무결점 공정 관리를 추구하는 꼼꼼한 성격의 43세 생산관리 사무원입니다.
B0312	B	48	여자	시내버스 운전원	경상남	경상남-거제시	#육아 #직장인	김인희 씨는 거제도의 험한 길을 누비는 숙련된 버스 운전원으로, 가족의 안정과 건강한 일상을 위해 묵묵히 헌신하는 현실적인 중…
B0313	B	49	남자	공공행정 사무원	경상남	경상남-함양군	#고디지털 #육아 #직장인 #테크회의론	이동희 씨는 함양에서 공공행정직으로 근무하며 가족과 안정적인 삶을 꾸려가는, 사교적이면서도 현실적인 40대 후반의 가장입니다.
B0314	B	37	여자	일반 비서	인천	인천-강화군	#고디지털 #육아 #직장인	차미령 씨는 예술적 감성과 금속 공장의 투박함 사이에서 균형을 잡으며, 내 집 마련의 꿈을 위해 치밀하게 일상을 설계하는 30…
B0315	B	28	여자	지방행정 사무원	충청남	충청남-아산시	#육아 #직장인 #테크회의론	이은솔 씨는 아산시청의 유능한 행정 사무원이자 수영과 인디 음악으로 스트레스를 해소하며 부모님과 함께 살아가는 20대 후반의 …
B0316	B	42	여자	사회 교사	부산	부산-북구	#육아 #저디지털 #직장인	정지이 씨는 부산의 정겨운 정서와 현대적 감각을 동시에 지닌 사회 교사로, 일상의 평온함과 혼자만의 은밀한 일탈 사이에서 아슬…
B0317	B	40	남자	건축설비 기술자	부산	부산-해운대구	#육아 #직장인	박종욱 씨는 해운대에서 가족을 부양하며 성실히 일하는 건축설비 기술자이지만, 경제적 불안과 건강 문제, 그리고 이혼의 상처를 …
B0318	B	30	여자	주입·포장 및 봉함기 조작원	대구	대구-중구	#육아 #직장인	송유진 씨는 대구의 의약품 제조 현장에서 숙련된 기술로 인정받으며, 가족의 행복과 경제적 안정을 위해 성실하게 살아가는 30대…
B0319	B	49	여자	일반 간호사	인천	인천-계양구	#육아 #직장인	이영희 씨는 인천 계양구에서 어머니와 함께 살며, 응급실의 긴박함과 가상 세계의 평온함을 동시에 누리는 숙련된 간호사입니다.
B0320	B	39	여자	건물 전기 및 전자설비 조작원	경기	경기-이천시	#육아 #직장인	문혜진 씨는 이천의 병원에서 전기 설비를 책임지는 베테랑 기술자이자, 건강한 식단과 퍼즐 맞추기로 마음의 여유를 찾는 다정한 …
B0321	B	47	남자	관리 비서	경기	경기-오산시	#고디지털 #육아 #직장인	이성환 씨는 오산의 연구소에서 유능한 관리 비서로 일하며, 90년대 인디 감성과 가족에 대한 애정을 간직한 40대 가장입니다.
B0322	B	43	남자	데이터 분석가	경기	경기-안산시 상록구	#고디지털 #육아 #직장인	김도현 씨는 독학으로 일궈낸 전문성을 바탕으로 가족의 안정을 최우선으로 여기며 살아가는 안산의 실무형 데이터 분석가입니다.
B0323	B	39	남자	배전반 조작원	경기	경기-김포시	#육아 #직장인	박형래 씨는 김포의 전기장비 제조 현장에서 베테랑으로 인정받으며, 가족에 대한 책임감과 소박한 술자리, 운동으로 삶의 균형을 …
B0324	B	36	여자	전직 일반 비서, 현재 구직중	전라남	전라남-나주시	#가격깐깐 #비경제활동 #육아	김상민 씨는 나주에 거주하는 전직 비서 출신의 보건복지 전공자로, 건강 관리의 필요성을 느끼면서도 가족과의 외식과 소소한 영상…
B0325	B	37	여자	금형원	경기	경기-안산시 단원구	#육아 #직장인	안선영 씨는 안산 공단에서 정밀 금형원으로 일하며 내실 있는 삶과 가족의 행복을 최우선으로 여기는 30대 여성입니다.
B0326	B	43	여자	전산 자료 입력원	충청남	충청남-홍성군	#고디지털 #육아 #직장인 #테크회의론	이지영 씨는 홍성에서 전산 업무 숙련도를 통해 안정적인 삶을 일궈온 현실적인 성격의 40대 여성으로, 가족과의 외식과 정적인 …
B0327	B	41	여자	교통 계획 및 설계가	경기	경기-용인시 수지구	#고디지털 #육아 #직장인	이나정 씨는 용인 수지에서 아이들을 키우며 도시의 혈관인 교통망을 설계하는 41세의 전문직 여성이자, 소소한 일상의 평온과 작…
B0328	B	39	남자	발전설비 기술자 및 연구원	전라남	전라남-영암군	#육아 #직장인	이명곤 씨는 전남 영암에서 정밀한 전기 기술자로 일하며 가족과 지역 사회에 헌신하지만, 내면의 불안감을 전략 게임과 산책으로 …
B0329	B	45	남자	택배원	대구	대구-달성군	#육아 #직장인	김상균 씨는 성실함 하나로 자가 마련의 꿈을 이룬 대구 달성군의 베테랑 택배원이자, 겉은 딱딱하지만 속은 가족에 대한 사랑으로…
B0330	B	30	남자	그 외 곡물가공 제품 기계 조작원	부산	부산-사하구	#육아 #직장인	서광근 씨는 부산 사하구에서 곡물 가공 기계를 다루는 30세 숙련공으로, 고도비만을 극복하려는 운동 열의와 현장 관리자가 되려…
B0331	B	44	남자	토목 제도사	경기	경기-성남시 수정구	#육아 #직장인	배태건 씨는 성남 수정구에서 정밀한 도면을 그리는 숙련된 토목 제도사로, 90년대 감성과 숲길의 여유를 사랑하며 독립적인 삶을…
B0332	B	49	여자	그 외 환경공학 기술자 및 연구원	경기	경기-고양시 일산서구	#고디지털 #육아 #직장인	김순정 씨는 인문학적 감성과 환경 공학적 전문성을 동시에 갖춘 채 일산에서 가족과 함께 자연과 예술을 사랑하며 살아가는 40대…
B0333	B	39	남자	해군 장교	세종	세종-세종시	#고디지털 #육아 #직장인	권찬일 씨는 디지털 전환을 꿈꾸는 해군 장교이자, 고요한 역사 유적지와 화려한 게임 세계를 동시에 사랑하는 세종시 거주 30대…
B0334	B	42	여자	데이터 관리 및 운영자	서울	서울-서초구	#고디지털 #육아 #직장인	지윤주 씨는 서초구에 거주하며 방송 데이터 운영 전문가로 일하는, 논리적인 이성과 세련된 도시적 감수성을 동시에 갖춘 40대 …
B0335	B	25	남자	체인점 모집 및 관리 영업원	부산	부산-부산진구	#육아 #직장인	송승환 씨는 타인에게는 부드럽고 유능한 영업사원이지만, 내면에는 섬세한 감수성과 미식에 대한 집착, 그리고 고독한 휴식을 갈망…
B0336	B	49	남자	병무행정 사무원	서울	서울-서대문구	#고디지털 #육아 #직장인	정성준 씨는 보수적인 공직 생활 속에서도 정보통신 기술 전공자의 효율성과 예술적 상상력을 간직한 채, 가족과 취미 사이에서 소…
B0337	B	47	여자	매장 정리원	서울	서울-성동구	#육아 #직장인	이미정 씨는 성동구의 변화를 지켜보는 자동차 부품 정리원이며, 체계적인 정리 능력과 예술적 감성을 동시에 가진 47세 여성입니…
B0338	B	40	남자	그 외 일반 영업원	경기	경기-수원시 영통구	#고디지털 #육아 #직장인	여혜성 씨는 수학적 논리와 예술적 감성을 동시에 가진 40대 미혼 남성으로, 유능한 도매업 영업 사원이자 어머니를 지극히 모시…
B0339	B	42	남자	지게차 운전원	경기	경기-용인시 수지구	#육아 #직장인	남윤섭 씨는 용인 수지에서 자녀를 키우며 항공 물류 현장의 효율을 책임지는 지게차 운전원으로, 현실적인 안정과 실리를 추구하며…
B0340	B	40	여자	경영 기획 사무원	경기	경기-김포시	#육아 #직장인	박명옥 씨는 김포에서 일과 육아를 병행하며, 인문학적 취향과 현실적인 생활력 사이에서 균형을 잡으려 노력하는 40대 직장인입니…
B0341	B	45	여자	그 외 전자공학 기술자 및 연구원	경기	경기-고양시 일산동구	#육아 #직장인	신지은 씨는 정밀 의료기기 설계 분야의 베테랑 기술자이자, 3세대 대가족을 유연하게 이끄는 책임감 강한 일산의 40대 여성입니…
B0342	B	36	남자	머시닝센터 조작원	경기	경기-화성시	#육아 #직장인	조우형 씨는 정밀 가공 기술을 가진 성실한 기술자이자, 홀로 걷는 산책과 만화를 통해 내면의 불안을 다스리는 30대 남성입니다…
B0343	B	46	여자	경리 사무원	서울	서울-중랑구	#가격깐깐 #육아 #직장인 #테크회의론	김정연 씨는 중랑구 플라스틱 공장의 신뢰받는 경리 사무원이자, 자녀의 미래를 위해 꼼꼼하게 살림을 꾸려나가는 강인하고 섬세한 …
B0344	B	37	여자	광학기구 수리원	충청남	충청남-아산시	#육아 #직장인	모보영 씨는 아산에서 정밀 광학기기를 수리하는 베테랑 기술자로, 성실한 직장 생활과 살가운 효심, 그리고 소소한 집순이 생활의…
B0345	B	41	여자	그 외 건축 도장공	제주	제주-제주시	#육아 #직장인	고지윤 씨는 제주에서 숙련된 도장공으로 일하며 부모님을 봉양하고, 드라이브와 일식으로 소소한 행복을 찾는 41세 미혼 여성입니…
B0346	B	47	여자	그 외 건설용 기계 정비원	충청북	충청북-청주시 상당구	#육아 #직장인	이은주 씨는 투박한 기계 정비 현장의 전문성과 정적인 예술 취향을 동시에 지닌, 실용적이면서도 유연한 삶을 꾸려가는 40대 여…
B0347	B	37	남자	위험 관리원	서울	서울-강동구	#육아 #직장인	류성호 씨는 금속 제조 현장의 안전을 책임지는 정교한 전문가이자, 숲과 고깃집 사이에서 마음의 안식을 찾는 섬세한 성격의 소유…
B0348	B	30	여자	회계 사무원	서울	서울-중구	#고디지털 #육아 #직장인	김지연 씨는 을지로의 옛 정취가 깃든 단독주택에서 살며, 보험사 회계 사무원으로 일하며 세무사라는 꿈을 향해 묵묵히 나아가는 …
B0349	B	43	남자	중식 조리사	경상남	경상남-김해시	#육아 #직장인	손정한 씨는 김해의 베테랑 중식 조리사로서 가족에 대한 깊은 책임감과 특유의 싹싹함으로 주변 사람들을 챙기며, 안정적인 삶의 …
B0350	B	49	남자	공군 장교	경기	경기-광주시	#육아 #직장인	김윤석 씨는 규율 잡힌 공군 장교의 삶과 가족을 향한 세심한 사랑 사이에서 균형을 잡으며, 퇴직 후의 소박한 꿈을 꾸는 중년의…
B0351	B	33	여자	전직 경리 사무원, 현재 구직중	경상남	경상남-김해시	#비경제활동 #육아	강지현 씨는 김해의 지역 공동체 속에서 뛰어난 사교성을 발휘하며, 전직 경리로서의 실무 능력과 사람을 이끄는 친화력을 바탕으로…
B0352	B	38	여자	교육 및 훈련 사무원	경상남	경상남-창원시 마산합포구	#육아 #직장인	조수정 씨는 인문학적 감수성을 가진 외식업 교육 전문가이자, 가족과 함께하는 식도락과 사우나를 통해 삶의 활력을 얻는 30대 …
B0353	B	37	여자	일반영양사	경기	경기-의정부시	#육아 #저디지털 #직장인	박민경 씨는 의정부에서 근무하는 섬세한 감성의 영양사이자, 가족의 평온함과 자신의 예술적 자아 사이에서 균형을 찾는 30대 후…
B0354	B	36	남자	경영 기획 사무원	경기	경기-화성시	#육아 #직장인	황휘 씨는 폐기물 처리업의 거친 실무와 독립 예술의 섬세한 감성을 동시에 품은 채, 가족의 안식처인 내 집 마련을 꿈꾸는 30…
B0355	B	47	여자	한식 조리사	경상남	경상남-함양군	#육아 #직장인	이금주 씨는 지리산의 자연과 유럽의 고전 예술을 동시에 사랑하며, 건강상의 위태로움 속에서도 나만의 작은 식당을 꿈꾸는 함양의…
B0356	B	27	여자	경·소형 화물차 운전원	전라남	전라남-여수시	#육아 #직장인	최정현 씨는 여수에서 1톤 트럭을 운전하며 가족의 안정을 최우선으로 여기는, 소박하고 정 많은 20대 젊은 어머니입니다.
B0357	B	41	남자	출판 및 자료편집 사무원	경기	경기-파주시	#육아 #직장인	전유철 씨는 파주 운정신도시에서 성실하게 교재 편집 일을 하며 가족의 행복과 일상의 안정을 최우선으로 여기는 40대 가장입니다…
B0358	B	44	남자	그 외 철도 및 전동차 기관사	서울	서울-송파구	#육아 #직장인	유상선 씨는 정밀한 운행 기술을 가진 베테랑 기관사이자, 송파구에서 가족과 함께 소소한 텃밭 가꾸기와 식도락 여행을 즐기는 넉…
B0359	B	25	남자	그 외 상점 판매원	경기	경기-광명시	#고디지털 #육아 #직장인	김동현 씨는 수학적 논리력으로 물류 전문가를 꿈꾸며, 안양천 자전거 라이딩과 조용한 전시 관람으로 마음을 다스리는 광명시의 2…
B0360	B	31	여자	그 외 일반 영업원	충청북	충청북-청주시 흥덕구	#고디지털 #육아 #직장인	김서영 씨는 청주에서 아이를 키우며 도매 영업직으로 성실히 근무하는 30대 여성으로, 인문학적 감성과 철저한 자기관리를 통해 …
B0361	B	48	남자	그 외 운송장비 조립원	경기	경기-안산시 단원구	#육아 #직장인	강형철 씨는 안산 반월공단의 성실한 기술자이자, 가족의 안정을 최우선으로 여기며 건강과 일상의 균형을 찾아가는 책임감 강한 4…
B0362	B	48	여자	그 외 물품 이동 장비 조작원	서울	서울-동작구	#육아 #직장인	라지선 씨는 동작구에서 지게차 운전원으로 일하며 가족의 안정을 최우선으로 여기는, 강인한 생활력과 섬세한 취향을 동시에 가진 …
B0363	B	36	여자	마케팅 전문가	서울	서울-서초구	#고디지털 #육아 #직장인 #테크회의론	한도연 씨는 서초구의 안정된 삶을 누리는 마케팅 전문가이자, 다정한 엄마와 유능한 커리어우먼 사이의 균형을 찾아가는 섬세하고 …
B0364	B	45	남자	로봇공학 기술자 및 연구원	경기	경기-안양시 동안구	#육아 #직장인	이종영 씨는 안양 평촌에 거주하며 정밀 로봇을 설계하는 45세 공학도로, 어머니를 모시는 책임감과 정적인 취향을 가진 성실하고…
B0365	B	37	남자	중식 조리사	경기	경기-평택시	#육아 #직장인	신준형 씨는 평택에서 성실하게 중식당 주방을 지키며 가족의 행복과 담백한 요리라는 소박한 꿈을 키워가는 30대 가장입니다.
B0366	B	39	여자	지게차 운전원	전북	전북-군산시	#육아 #직장인	김영인 씨는 군산 공단에서 지게차를 모는 강인한 생활력의 소유자로, 자녀를 향한 책임감과 임영웅의 노래, 온천욕으로 삶의 균형…
B0367	B	32	여자	교육 및 훈련 사무원	경기	경기-화성시	#육아 #직장인	정소정 씨는 교육학 석사의 전문성과 농업 현장의 현실감을 갖춘 체계적인 성격의 소유자로, 완벽한 자기관리와 기록하는 삶을 통해…
B0368	B	32	여자	교통 계획 및 설계가	강원	강원-양양군	#육아 #직장인	김아라 씨는 양양의 교통 체계를 설계하는 유연한 사고의 전문가이자, 도쿄의 소품과 베란다의 작은 숲을 사랑하는 30대 미혼 여…
B0369	B	46	여자	음식 서비스 종사원	경기	경기-성남시 중원구	#육아 #직장인	임수현 씨는 학원가 주방의 분주함 속에서도 자신만의 예술적 갈망을 사진과 책으로 채워가는 강인하고 섬세한 어머니입니다.
B0370	B	33	여자	식품 영업원	서울	서울-영등포구	#육아 #직장인	한에스더 씨는 영등포구에서 식품 영업원으로 일하며 가족에 대한 사랑과 자신만의 유통 브랜드라는 꿈을 키워가는 유연하고 감각적인…
B0371	B	46	여자	일반 비서	대구	대구-수성구	#육아 #저디지털 #직장인 #테크회의론	손경미 씨는 대구 수성구에서 안정적인 비서 생활을 하며 내면의 예술적 갈증을 독립 서점과 빵지순례로 채우고, 은퇴 후 소박한 …
B0372	B	37	여자	주차 관리원	경기	경기-평택시	#가격깐깐 #육아 #직장인	김효진 씨는 평택의 주차 관리원으로 성실히 일하며, 예술적 감수성과 유연한 성격으로 다세대 가족을 화목하게 이끄는 따뜻한 어머…
B0373	B	39	남자	전직 실업 교사, 현재 구직중	경기	경기-군포시	#비경제활동 #육아	나세영 씨는 교육 전문가의 꼼꼼함과 사교성을 지녔으나, 현재는 실업 상태에서 고도비만과 혈당 문제라는 건강 위기를 맞이한 채 …
B0374	B	33	남자	중식 조리사	인천	인천-중구	#육아 #직장인	김민우 씨는 인천 중구에서 성실하게 일하며 어머니를 부양하는 중식 조리사로, 안정적인 미래를 위해 저축하며 소박한 일상 속의 …
B0375	B	42	남자	조사 전문가	경기	경기-광명시	#고디지털 #육아 #직장인	윤민우 씨는 광명시에 거주하며 데이터 분석 전문성으로 인정받는 조사 전문가이자, 건강 관리의 필요성을 느끼면서도 게임과 미식,…
B0376	B	42	남자	그 외 기능 관련 종사원	광주	광주-서구	#육아 #직장인 #테크회의론	송영주 씨는 광주에서 물류 현장을 누비는 베테랑이자, 기아 타이거즈와 가족, 그리고 맛있는 음식에 진심인 현실적인 40대 가장…
B0377	B	42	남자	변호사	부산	부산-부산진구	#약관정독 #육아 #직장인	서기훈 씨는 부산에서 활동하는 금융 전문 변호사로, 엘리트라는 사회적 지위와 부모님 댁에 거주하는 현실 사이의 괴리를 겪으면서…
B0378	B	35	남자	자재 관리 사무원	서울	서울-서대문구	#고디지털 #육아 #직장인	장규태 씨는 서울 서대문구에서 자재 관리직으로 성실하게 근무하며, 배드민턴과 K리그 시청을 즐기고 가족을 세심하게 챙기는 현실…
B0379	B	25	남자	산업 안전원	서울	서울-강남구	#약관정독 #육아 #직장인	송영환 씨는 강남에서 활동하는 꼼꼼한 산업 안전원으로, 높은 소득을 철저히 관리하며 내 집 마련과 전문성 확보라는 목표를 향해…
B0380	B	41	여자	그 외 일반 영업원	전라남	전라남-순천시	#육아 #직장인 #테크회의론	박유리 씨는 순천의 자연과 사람 사이에서 유연하게 살아가는 영업원이자, 건강 관리와 가계 지출 사이에서 매일 갈등하는 40대 …
B0381	B	42	남자	영업 관리 사무원	경기	경기-하남시	#육아 #직장인	정형순 씨는 하남에 거주하며 건설업 영업 관리자로 일하는 42세 가장으로, 성실한 직장 생활과 가족에 대한 책임감, 그리고 온…
B0382	B	49	여자	주방 보조원	경기	경기-안성시	#육아 #저디지털 #직장인	김운자 씨는 안성시 공공기관 주방에서 묵묵히 일하며 가족의 안녕과 소박한 일상의 즐거움을 소중히 여기는 40대 후반의 여성입니…
B0383	B	41	여자	마케팅 전문가	서울	서울-마포구	#고디지털 #육아 #직장인	박윤아 씨는 마포구에서 가족과 함께 사는 40대 마케팅 전문가로, 분석적인 업무 능력과 예민한 감수성 사이에서 균형을 잡으며 …
B0384	B	49	여자	그 외 상점 판매원	인천	인천-미추홀구	#육아 #직장인 #테크회의론	김혜선 씨는 농학 지식을 활용해 상점에서 인정받는 숙련된 판매원이자, 건강 관리와 자녀 뒷바라지에 정성을 쏟는 인천의 40대 …
B0385	B	49	여자	국가행정 사무원	부산	부산-해운대구	#육아 #저디지털 #직장인	이미옥 씨는 부산 해운대에서 성실하게 공직 생활을 이어가며, 소박한 텃밭 가꾸기와 가족과의 맛집 탐방에서 삶의 행복을 찾는 다…
B0386	B	39	여자	간병인	경기	경기-광주시	#육아 #직장인	박혜란 씨는 경기 광주에서 자녀를 홀로 키우며 성실하게 일하는 간병인으로, 소박한 일상의 휴식과 사람 간의 정을 통해 삶의 에…
B0387	B	46	여자	신차 영업원	서울	서울-강서구	#육아 #직장인	이승희 씨는 실전 감각과 직관력을 앞세워 성공한 40대 여성 자동차 영업원으로, 가족과 함께하는 캠핑과 미식 기록을 통해 삶의…
B0388	B	41	남자	그 외 전기·전자기기 설치 및 수리원	경기	경기-부천시 원미구	#육아 #직장인	권성욱 씨는 부천에서 전기 설비 전문가로 일하며 가족을 위해 헌신하고, 역사 여행과 요리를 즐기는 다정하지만 내면의 불안을 안…
B0389	B	46	여자	데이터 관리 및 운영자	부산	부산-남구	#고디지털 #육아 #직장인	어현진 씨는 부산 남구에서 데이터 관리 전문가로 일하며, 완벽주의적인 업무 태도와 정적인 휴식을 사랑하는 섬세한 성격의 40대…
B0390	B	26	남자	법무 사무원	서울	서울-은평구	#육아 #직장인	권태준 씨는 꼼꼼한 법무 사무원이자 미래의 법무사를 꿈꾸는 청년으로, 고기 맛집 탐방과 격투기 관람으로 스트레스를 풀며 부모님…
B0391	B	41	남자	육군 장교	서울	서울-서대문구	#육아 #직장인	유창우 씨는 유연한 소통 능력을 갖춘 40대 육군 장교로, 서대문구에서 가족과 함께하며 일식과 야구 관람, 강원도 숲길 산책을…
B0392	B	40	여자	주방 보조원	강원	강원-원주시	#가격깐깐 #육아 #직장인	김수진 씨는 원주 무지개시장의 정겨운 정서와 학교 급식실의 효율적인 체계를 모두 경험한 인물로, 가족을 위한 현실적인 헌신과 …
B0393	B	36	남자	철도운송 관련 종사원	경기	경기-고양시 일산동구	#고디지털 #육아 #직장인	이태경 씨는 일산에서 철도 운송 업무를 하며 효율성을 추구하는 사교적인 성격의 소유자로, 건강 관리와 정리정돈에는 서툴지만 가…
B0394	B	38	여자	일반 의사	경기	경기-화성시	#육아 #직장인 #테크회의론	김한나 씨는 가족에 대한 사랑과 환자에 대한 공감 능력이 뛰어나지만, 일상적인 정리정돈에는 조금 서툰 동탄의 따뜻한 의사입니다…
B0395	B	48	여자	컴퓨터 소프트웨어 개발 관리자	서울	서울-서초구	#고디지털 #약관정독 #육아 #직장인	김은정 씨는 서초구에 거주하며 보험사 소프트웨어 관리자로 일하는 40대 여성으로, 유연한 성격과 뛰어난 공감 능력을 바탕으로 …
B0396	B	37	남자	인사 및 노무 사무원	서울	서울-중구	#약관정독 #육아 #직장인	신의인 씨는 공학적 정밀함으로 인사 노무를 관리하는 30대 가장이며, 가족에 대한 책임감과 개인의 정서적 휴식 사이에서 아슬아…
B0397	B	44	여자	인쇄 관련 기능 종사원	경기	경기-화성시	#육아 #저디지털 #직장인	홍경실 씨는 화성시 인쇄 공단의 정밀한 기술자로 살아가면서도, 가슴 속에는 자신만의 작은 출판 공방을 꿈꾸는 낭만적인 40대 …
B0398	B	43	남자	가스 점검원	전북	전북-익산시	#육아 #직장인	박종균 씨는 익산에서 가스 점검원으로 일하며 특유의 넉살과 사교성으로 주변 사람들과 어울리기를 좋아하는, 안정을 추구하는 40…
B0399	B	38	남자	금형공학 기술자 및 연구원	대구	대구-동구	#육아 #직장인	차준수 씨는 대구에서 정밀 금형 기술자로 일하며 고소득을 올리지만, 내면은 정적이고 섬세하여 아버지와의 평온한 일상과 개인적인…
B0400	B	30	여자	상담 전문가	충청북	충청북-청주시 흥덕구	#육아 #직장인	정효정 씨는 청주에서 활동하는 세심한 상담 전문가로, 안정적인 경제력과 가정환경 속에서 정서적 소모를 휴식과 식도락으로 치유하…
B0401	B	33	남자	특수 경비원	경상남	경상남-창원시 마산회원구	#고디지털 #보안민감 #육아 #직장인	김상범 씨는 예민한 감각을 보안 업무에 활용하는 성실한 가장으로, 라디오와 바둑 그리고 야구 중계로 삶의 균형을 잡는 마산의 …
B0402	B	40	남자	범용 소프트웨어 프로그래머	경기	경기-오산시	#고디지털 #육아 #직장인	장진규 씨는 실용주의적 가치관을 가진 40대 소프트웨어 개발자로, 가족에 대한 책임감과 개인의 휴식 사이에서 균형을 찾으려 애…
B0403	B	40	여자	승용차 및 승합차 운전원	경기	경기-안산시 단원구	#육아 #직장인 #테크회의론	권현미 씨는 안산의 도로를 꿰고 있는 유능한 운전원이자, 치밀한 자산 계획과 활발한 성격으로 가족과 지역 사회의 중심을 잡고 …
B0404	B	42	남자	방송장비 설치 및 수리원	경기	경기-화성시	#육아 #직장인	심태영 씨는 화성시 봉담에서 부모님과 함께 사는 능숙한 방송장비 기술자로, 현장의 베테랑다운 면모와 달리 일상에서는 게으른 식…
B0405	B	33	여자	치과위생사	경기	경기-동두천시	#육아 #직장인 #테크회의론	유민선 씨는 동두천에서 근무하는 꼼꼼한 치과위생사이자, 건강 관리와 계획적인 일상을 통해 일과 육아의 균형을 잡으려 노력하는 …
B0406	B	36	여자	데스크 안내원	경상북	경상북-포항시 북구	#육아 #직장인	손하늘 씨는 예술적 감수성과 행정적 꼼꼼함을 동시에 갖춘 스포츠 센터 직원으로, 건강 관리와 가족의 행복을 최우선으로 여기며 …
B0407	B	28	남자	국가행정 사무원	대전	대전-유성구	#육아 #직장인 #테크회의론	백태희 씨는 유성구의 여유로움과 공직 사회의 성실함을 동시에 갖춘, 야구와 배드민턴을 사랑하는 20대 후반의 국가행정 사무원입…
B0408	B	36	여자	경리 사무원	경기	경기-남양주시	#가격깐깐 #육아 #직장인	윤미림 씨는 남양주에서 성실하게 경리 사무원으로 근무하며, 철저한 자기관리와 가족에 대한 애정 사이에서 균형을 잡으며 살아가는…
B0409	B	48	남자	전화 상담원	경상북	경상북-구미시	#육아 #직장인	이정우 씨는 구미에서 성실하게 가정을 일궈낸 베테랑 상담원이자, 사우나와 자연 영상을 통해 마음을 치유하는 책임감 강한 가장입…
B0410	B	49	남자	관리 비서	대구	대구-달서구	#약관정독 #육아 #직장인	지영교 씨는 대구 달서구에서 부모님과 함께 사는 49세 보험사 비서로, 완벽한 업무 처리 능력과 무뚝뚝한 겉모습 뒤에 만화책과…
B0411	B	40	여자	가스 배관공	서울	서울-송파구	#육아 #직장인	정진아 씨는 송파구에 거주하며 남성 중심의 건설 현장에서 정밀한 기술력으로 인정받는 가스 배관공이자, 내 집 마련의 꿈을 위해…
B0412	B	25	남자	교도관	전라남	전라남-목포시	#육아 #직장인 #테크회의론	김진우 씨는 목포 교도소에서 근무하는 25세 교도관으로, 복지 전공의 섬세함과 실용적인 가치관을 가지고 건강과 외모 관리에 진…
B0413	B	29	남자	직물 패턴사	경기	경기-안성시	#육아 #직장인	박원준 씨는 안성의 정밀한 직물 패턴사로서 전문성을 쌓으며, 부모님과의 식도락 여행과 야식 치킨 사이에서 소박한 행복을 찾는 …
B0414	B	27	남자	관리 비서	경상남	경상남-산청군	#가격깐깐 #고디지털 #육아 #직장인	백도연 씨는 산청에서 농업 행정을 담당하는 20대 후반의 수학 전공자로, 실용적인 사고와 체계적인 업무 능력을 갖췄지만 일상에…
B0415	B	44	여자	국가행정 사무원	인천	인천-미추홀구	#고디지털 #약관정독 #육아 #직장인 #테크회의론	정지윤 씨는 미추홀구청의 유능한 행정 사무원이자 꼼꼼한 모임 총무이며, 건강 관리의 필요성을 알면서도 배달 음식과 휴식을 사랑…
B0416	B	31	남자	그 외 컴퓨터 시스템 및 소프트웨어 전문가	경상남	경상남-창원시 성산구	#고디지털 #육아 #직장인	박종일 씨는 창원의 계획도시 정서와 공학적 정밀함을 갖춘 소프트웨어 전문가로, 가족의 안녕과 정시 퇴근이라는 실리를 추구하며 …
B0417	B	44	여자	공공행정 전문가	경기	경기-용인시 기흥구	#육아 #직장인	전금향 씨는 용인 기흥에 거주하며 공공행정 전문가로 활동하는 40대 여성으로, 철저한 계획성과 세심한 배려심을 통해 일과 가정…
B0418	B	41	남자	영업 관리 사무원	광주	광주-광산구	#고디지털 #육아 #직장인	정보현 씨는 광주 수완지구에 뿌리를 내리고 금융 영업의 노련함과 가족에 대한 책임감, 그리고 당구와 축구라는 소박한 취미를 통…
B0419	B	40	남자	전기 감리 기술자 및 연구원	경상북	경상북-경주시	#육아 #직장인 #테크회의론	김승민 씨는 경주의 전통과 현대적 기술을 동시에 수용하며, 가족의 안녕과 직업적 신뢰를 최우선으로 여기는 성실하고 세심한 전기…
B0420	B	37	여자	화장품 판매원	부산	부산-부산진구	#육아 #직장인	박서윤 씨는 부산 서면의 유행을 읽는 뷰티 전문가이자, 가족의 안녕과 개인의 정적인 휴식 사이에서 균형을 찾으려는 37세의 여…
B0421	B	36	여자	토목 제도사	경기	경기-화성시	#육아 #직장인	류선주 씨는 화성시에서 아이를 키우며 성실하게 도면을 그리는 토목 제도사로, 고단한 현실과 경제적 어려움 속에서도 자격증 취득…
B0422	B	35	남자	종이 제조 장치 조작원	경기	경기-평택시	#고디지털 #육아 #직장인	이정철 씨는 평택의 숙련된 종이 제조 기술자이자, 가족을 향한 책임감과 예술적 감수성 사이에서 균형을 잡으며 살아가는 성실한 …
B0423	B	49	여자	의무 기록사	서울	서울-은평구	#육아 #직장인	강유경 씨는 은평구에서 성실하게 근무하는 의무 기록사로, 가족의 안녕과 정적인 취미 생활을 통해 삶의 균형을 찾는 실용적인 성…
B0424	B	46	남자	경영 기획 사무원	경기	경기-안양시 동안구	#고디지털 #육아 #직장인	하정웅 씨는 인문학적 소양과 실무적 능력을 겸비한 소매업 기획자로, 피부 관리에 진심인 흡연자이자 가족의 안정을 위해 묵묵히 …
B0425	B	35	남자	경영 기획 사무원	경기	경기-안양시 만안구	#약관정독 #육아 #직장인	임재석 씨는 안양 만안구에서 가족을 부양하며 물류 업계의 전문성을 쌓아가는, 사교적이면서도 내면의 불안을 안고 사는 35세의 …
B0426	B	43	여자	식품 영업원	경기	경기-평택시	#고디지털 #육아 #직장인	나지혜 씨는 평택에서 식자재 영업직으로 일하며 가족의 행복과 내면의 평온을 동시에 추구하는, 배려심 깊지만 내적인 고민이 많은…
B0427	B	48	여자	초등학교 교사	경기	경기-성남시 분당구	#육아 #직장인	이세희 씨는 분당에서 성실하게 살아가는 베테랑 초등교사이자 헌신적인 딸이며, 정돈된 삶 속에서 소소한 휴식과 관계의 온기를 찾…
B0428	B	45	남자	관리 비서	경기	경기-안산시 단원구	#육아 #저디지털 #직장인	이범식 씨는 안산 공단 지역의 생리를 꿰뚫고 있는 능숙한 관리 비서이자, 가족과 소박한 일상을 소중히 여기는 넉살 좋은 40대…
B0429	B	49	남자	산업 안전원	경상남	경상남-창원시 성산구	#육아 #직장인	유정환 씨는 창원 국가산단에서 근무하는 원칙주의적 산업 안전원으로, 논리적인 업무 처리 능력과 남해안의 고요함을 사랑하는 내향…
B0430	B	49	여자	마케팅 전문가	경기	경기-김포시	#육아 #직장인	김민경 씨는 김포 한강신도시에 거주하며 스포츠 마케팅 분야의 전문성과 인문학적 감성을 조화롭게 유지하며 살아가는 40대 후반의…
B0431	B	26	여자	출판 및 자료편집 사무원	경기	경기-성남시 분당구	#육아 #직장인	남시현 씨는 분당에서 자라 교육 콘텐츠 편집자로 일하며, 완벽주의적 성향과 내면의 불안 사이에서 균형을 찾으려 노력하는 20대…
B0432	B	49	여자	장례 지도사	부산	부산-해운대구	#육아 #직장인	방채원 씨는 공학적 치밀함으로 죽음의 현장을 설계하고 인문학적 감성으로 유족을 위로하는, 차가운 머리와 따뜻한 가슴을 동시에 …
B0433	B	27	남자	데이터 관리 및 운영자	경기	경기-군포시	#고디지털 #육아 #직장인 #테크회의론	전도경 씨는 군포에 거주하며 전자부품 기업에서 데이터를 다루는 27세 직장인으로, 노포 탐방과 전략 보드게임을 즐기며 효율적인…
B0434	B	46	여자	그 외 하역 및 적재 단순 종사원	서울	서울-강북구	#육아 #직장인	은미선 씨는 강북구 수유동에서 가족의 안정을 위해 물류 현장에서 땀 흘리며 살아가는, 강인한 생활력과 소박한 낭만을 동시에 가…
B0435	B	44	남자	자재 관리 사무원	강원	강원-원주시	#가격깐깐 #육아 #저디지털 #직장인	박요셉 씨는 강원도 원주에서 자재 관리직으로 근무하며, 가족의 안정과 미식의 즐거움을 중시하는 현실적이고 성실한 40대 가장입…
B0436	B	38	남자	데이터 분석가	서울	서울-중랑구	#고디지털 #육아 #직장인	김성환 씨는 고소득 데이터 분석가로서의 전문성과 중랑구 골목길의 소박한 일상을 동시에 살아가는, 현실적이고 정 많은 30대 가…
B0437	B	46	남자	가죽 및 모피 가공원	서울	서울-강서구	#육아 #직장인	김영종 씨는 강서구에서 가죽 가공원으로 일하며 낮은 소득에도 불구하고 가족을 위해 헌신하고, 소박한 공방의 꿈과 웹툰, 술 한…
B0438	B	41	남자	병무행정 사무원	경기	경기-이천시	#고디지털 #육아 #직장인 #테크회의론	김효섭 씨는 이천에서 근무하는 성실한 병무행정 사무원이자, 가족에 대한 사랑과 건강 관리 사이에서 적당한 타협점을 찾으며 살아…
B0439	B	47	여자	그 외 판매 관련 단순 종사원	전라남	전라남-진도군	#육아 #저디지털 #직장인	박은미 씨는 진도 농산물 판매소에서 꼼꼼하게 일하며, 가족과의 맛집 탐방과 라디오 청취로 소박한 행복을 찾는 실용적인 성격의 …
B0440	B	46	남자	산업 안전원	전북	전북-전주시 완산구	#육아 #직장인	이영중 씨는 전주시 하수처리장에서 근무하며 가족의 안녕과 정년퇴직 후의 안정적인 삶을 꿈꾸는, 조금은 불안하지만 성실한 40대…
B0441	B	25	남자	품질 관리 사무원	경기	경기-고양시 덕양구	#육아 #직장인	백태윤 씨는 꼼꼼한 성격의 식품 품질 관리자로, 조부모님과 함께 살며 식도락 여행과 음악 감상을 통해 일상의 균형을 찾는 20…
B0442	B	32	여자	산업 안전원	서울	서울-마포구	#육아 #직장인	나수경 씨는 마포구에 거주하며 자동차 제조 현장의 안전을 책임지는 산업 안전원으로, 가족의 안녕과 소박한 일상의 즐거움을 최우…
B0443	B	40	남자	행사 및 홍보 도우미	부산	부산-금정구	#육아 #직장인	정대규 씨는 꼼꼼한 일 처리와 친화력을 갖춘 행사 전문가이자, 건강 관리와 유혹 사이에서 갈등하며 가족의 미래를 설계하는 부산…
B0444	B	45	여자	건물 내 전기 설치 및 정비원	경기	경기-구리시	#육아 #직장인	심해연 씨는 구리시에서 교육 시설 전기 정비원으로 일하며 기술적 숙련도와 내 집 마련의 안정을 동시에 쥔, 조용한 휴식과 소소…
B0445	B	43	남자	보험 사무원	경기	경기-고양시 덕양구	#고디지털 #육아 #직장인	최승택 씨는 안정적인 직장 생활과 아버지에 대한 효심을 바탕으로, 바둑과 등산을 즐기며 소박하게 살아가는 40대 미혼 남성입니…
B0446	B	30	남자	마케팅 전문가	인천	인천-남동구	#육아 #직장인	김인휘 씨는 화학 마케팅 분야의 창의적인 역량과 깊은 효심을 가졌으나, 낮은 소득과 건강 관리 부재라는 현실적 결핍을 안고 살…
B0447	B	41	남자	여행 사무원	서울	서울-송파구	#고디지털 #육아 #직장인	김명호 씨는 공학적 치밀함과 예술적 감수성을 동시에 지닌 채, 송파구에서 어머니와 함께 살며 자신만의 독특한 여행 브랜드를 꿈…
B0448	B	30	여자	바텐더	서울	서울-강남구	#육아 #직장인	주지선 씨는 교육학적 통찰력으로 사람의 마음을 읽는 강남의 바텐더이자, 고요한 일상과 가족의 행복을 위해 저축하며 마당 있는 …
B0449	B	42	여자	그 외 미용 관련 서비스 종사원	서울	서울-강서구	#육아 #직장인	오은성 씨는 서울 강서구에서 속눈썹 샵을 운영하며 배우자와의 별거라는 생활의 변화 속에서도 자신의 전문성과 일상을 차분하게 가…
B0450	B	47	남자	음료 서비스 종사원	제주	제주-서귀포시	#고디지털 #육아 #직장인	이건우 씨는 법학 석사의 지성과 카페 종업원의 성실함을 동시에 지닌, 고요한 일상 속에서 작은 질서와 건강을 찾아가는 서귀포의…
B0451	B	40	여자	그 외 돌봄 및 보건 서비스 종사원	경기	경기-수원시 권선구	#육아 #직장인 #테크회의론	신혜영 씨는 수원에서 돌봄 노동자로 일하며 사회복지사라는 더 큰 목표를 향해 나아가는, 가족애가 깊고 자기관리가 철저한 40대…
B0452	B	45	여자	그 외 전기·전자기기 설치 및 수리원	경상남	경상남-김해시	#약관정독 #육아 #저디지털 #직장인	전승아 씨는 김해에서 정밀 의료기기 수리 전문가로 일하며, 실용적인 삶의 태도와 가족에 대한 책임감으로 일상을 가꾸는 40대 …
B0453	B	36	여자	전직 지방행정 사무원, 현재 구직중	세종	세종-세종시	#가격깐깐 #비경제활동 #육아	최윤정 씨는 세종시에 거주하며 전직 행정직의 체계성과 육아의 유연함 사이에서 균형을 찾으려는, 지적 호기심과 자기관리가 철저한…
B0454	B	47	남자	그 외 상점 판매원	인천	인천-남동구	#육아 #직장인	이상호 씨는 인천 남동구에서 성실하게 매장을 운영하며 가족의 행복과 개인의 정서적 안정을 동시에 추구하는 현실적이고 따뜻한 가…
B0455	B	30	여자	인사 및 노무 사무원	전라남	전라남-담양군	#육아 #직장인 #테크회의론	이예령 씨는 담양의 고요한 자연 속에서 가족과 함께하며, 성실하게 자신의 커리어를 쌓아가는 30대 인사 사무원입니다.
B0456	B	25	남자	그 외 금속 및 재료 공학 시험원	경상남	경상남-창원시 의창구	#육아 #직장인	최제준 씨는 창원 공단에서 실속 있게 살아가는 20대 금속 시험원으로, 게임과 술, 친구를 좋아하는 무던하고 현실적인 청년입니…
B0457	B	26	남자	전직 그 외 물품 이동 장비 조작원, 현재 구직중	전북	전북-군산시	#비경제활동 #육아	권도환 씨는 군산 공단의 정서를 가진 지게차 숙련공이자, 한화 이글스를 응원하며 가족과 함께하는 소박한 일상을 소중히 여기는 …
B0458	B	28	남자	예약 및 접수 사무원	경기	경기-오산시	#고디지털 #육아 #직장인	오성호 씨는 오산의 제조 기업 사무직으로 일하며 도시적인 세련됨과 집돌이의 안락함을 동시에 추구하는, 외모 관리에 진심인 20…
B0459	B	25	남자	품질 관리 사무원	전라남	전라남-목포시	#고디지털 #육아 #직장인 #테크회의론	정정우 씨는 목포에서 식료품 품질 관리를 담당하는 25세 청년으로, 철저한 자기관리와 체계적인 사고로 무결점 커리어를 꿈꾸는 …
B0460	B	37	여자	지방행정 사무원	서울	서울-강동구	#육아 #직장인 #테크회의론	최다솜 씨는 강동구에서 거주하며 공공행정직으로 근무하는 37세 여성으로, 농학 전공을 살린 베란다 텃밭 가꾸기와 가족 중심의 …
B0461	B	49	남자	일식 조리사	충청북	충청북-제천시	#육아 #저디지털 #직장인 #테크회의론	김광철 씨는 제천에서 가족을 위해 헌신하며 일식 조리사로서의 숙련도와 정적인 취미를 즐기는 40대 가장입니다.
B0462	B	36	여자	자동차 부품 기술 영업원	서울	서울-강남구	#약관정독 #육아 #직장인	이재아 씨는 인문학적 감수성과 냉철한 실용주의를 동시에 갖춘 자동차 부품 영업 전문가로, 강남의 전세 생활을 청산하고 내 집 …
B0463	B	45	여자	조세행정 사무원	서울	서울-송파구	#가격깐깐 #육아 #직장인	이수연 씨는 송파구에서 조세행정 사무원으로 일하며 꼼꼼한 성격과 알뜰한 생활력으로 가족의 안정을 일구어가는, 책임감 강하고 현…
B0464	B	46	여자	국어 교사	경기	경기-수원시 장안구	#육아 #저디지털 #직장인	홍수진 씨는 수원에서 학생들과 격의 없이 지내는 실용적인 국어 교사로, 반려견과의 산책과 역사 여행, 그리고 소박한 술자리를 …
B0465	B	37	남자	전기 안전 기술자 및 연구원	경기	경기-평택시	#육아 #직장인	송해철 씨는 평택에서 전기 안전 기술자로 일하며 가족의 행복과 기술적 성취를 동시에 쫓는 30대 후반의 가장입니다.
B0466	B	33	남자	그 외 직조기 및 편직기 조작원	전북	전북-전주시 덕진구	#육아 #직장인	윤현석 씨는 전주에서 섬유 기계를 다루는 숙련공이자, 가족과의 맛있는 외식과 소파 위에서의 휴식을 사랑하는 현실적이고 다정한 …
B0467	B	31	남자	조사 전문가	대전	대전-중구	#고디지털 #육아 #직장인 #테크회의론	강호진 씨는 대전 중구에서 정교한 데이터 조사 업무를 수행하며, 한화 이글스에 대한 분석적 애정과 인문학적 관찰 습관을 지닌 …
B0468	B	34	남자	프레스기 및 절단기 조작원	부산	부산-강서구	#육아 #직장인	이기태 씨는 부산 강서구에서 성실하게 프레스 기계를 조작하며 가족을 부양하는, 책임감 강하고 온화한 성품의 30대 기술자입니다…
B0469	B	44	여자	지게차 운전원	경기	경기-평택시	#육아 #직장인	이가희 씨는 평택 공단에서 지게차를 모는 숙련된 노동자이자, 내 집 마련의 꿈을 꾸며 가족을 위해 헌신하는 현실적이고 사교적인…
B0470	B	37	남자	그 외 금속·재료 공학 기술자 및 연구원	경기	경기-남양주시	#육아 #직장인	김영기 씨는 교육학에서 금속 공학으로 진로를 튼 실용적인 연구원이자, 남양주 다산신도시에서 가족의 안정을 최우선으로 여기며 살…
B0471	B	45	여자	그 외 기능 관련 종사원	충청북	충청북-청주시 상당구	#고디지털 #육아 #직장인	곽동경 씨는 청주에서 협회 직원으로 근무하며 꼼꼼한 업무 처리와 실용적인 살림 솜씨로 가족의 안정을 이끄는 40대 중반의 현실…
B0472	B	36	남자	그 외 일반 영업원	경상남	경상남-거제시	#육아 #직장인	이주연 씨는 거제도의 실용주의와 수학적 치밀함을 갖춘 영업 전문가로, 완벽주의적 성향 뒤에 깊은 불안감을 숨긴 채 가족과 게임…
B0473	B	36	여자	회계 사무원	경기	경기-김포시	#고디지털 #육아 #직장인	정나래 씨는 김포에서 성실하게 회계 업무를 수행하며 농구와 예술을 통해 삶의 균형을 잡고, 어머니와의 안락한 미래를 꿈꾸는 3…
B0474	B	42	여자	시설 경비원	전라남	전라남-순천시	#육아 #직장인	김현주 씨는 순천에서 숙박시설 경비원으로 근무하며 가족의 더 나은 주거 환경을 꿈꾸는, 다정하지만 내면에 예민한 불안을 안고 …
B0475	B	26	남자	렌즈 및 프리즘 가공기 조작원	경상남	경상남-김해시	#육아 #직장인	정태양 씨는 김해에서 정밀 렌즈 가공 업무를 하며 가족의 미래를 위해 묵묵히 땀 흘리는, 겉은 무뚝뚝하지만 속은 깊은 젊은 가…
B0476	B	44	여자	수동 포장원	경상북	경상북-경산시	#육아 #직장인	김은영 씨는 경산에서 농산물 포장원으로 일하며 가족에 대한 사랑과 미래의 빵집 운영이라는 꿈을 키워가는, 섬세하고 책임감 강한…
B0477	B	37	여자	금형원	전라남	전라남-목포시	#육아 #직장인	정은희 씨는 목포 금형 현장의 정밀한 기술자로 인정받는 완벽주의자이며, 가족과 자연 그리고 이국적인 요리를 통해 내면의 불안을…
B0478	B	49	남자	병무행정 사무원	서울	서울-서초구	#육아 #직장인	박상필 씨는 서초구에 거주하며 공공기관의 경직됨을 ICT 기술로 유연하게 풀어내려는, 덜렁거리지만 정 많은 40대 후반의 미혼…
B0479	B	37	남자	그 외 자동차 운전원	대전	대전-유성구	#육아 #직장인	오옥관 씨는 인문학적 소양을 가진 유성구의 베테랑 운전원으로, 느긋한 성격과 현실적인 생활력을 동시에 갖춘 다정한 가장입니다.
B0480	B	40	남자	병무행정 사무원	서울	서울-양천구	#약관정독 #육아 #직장인	박순길 씨는 인문학적 감성과 철저한 행정 능력을 겸비한 병무청 공무원이자, 가족을 위해 헌신하며 식도락과 캠핑에 진심인 목동의…
B0481	B	31	여자	그 외 교육 전문가	인천	인천-서구	#고디지털 #육아 #직장인	전단비 씨는 3세대 가족의 책임감과 개인의 독립적인 성취 사이에서 영리하게 균형을 잡으며 살아가는 꼼꼼한 교육 전문가입니다.
B0482	B	41	남자	외국어 교사	경기	경기-수원시 팔달구	#육아 #직장인	장정훈 씨는 수원 행궁동에서 대가족을 부양하며 실전 일본어 교육으로 안정적인 삶을 꾸려가는, 건강 관리에 힘쓰는 40대 가장입…
B0483	B	43	여자	그 외 전기·전자기기 설치 및 수리원	경기	경기-수원시 영통구	#육아 #직장인	박진경 씨는 수원 제약 공장의 세심한 기술자이자, 가족의 행복과 안정적인 노후를 위해 매일을 성실하게 일궈가는 40대 어머니입…
B0484	B	48	남자	시설 경비원	경기	경기-수원시 팔달구	#고디지털 #보안민감 #육아 #직장인	강덕우 씨는 수원 팔달구에서 가족의 안정을 위해 헌신하며, 능글맞은 처세술과 소소한 일식집 탐방으로 삶의 균형을 잡는 현실적인…
B0485	B	31	남자	시각장애인 특수교육 교사	대전	대전-중구	#육아 #직장인	박준섭 씨는 대전에서 시각장애 학생들의 실질적인 자립을 돕는 특수교사로 일하며, 자연 속의 휴식과 소박한 일상의 균형을 추구하…
B0486	B	31	남자	통계 사무원	서울	서울-강서구	#고디지털 #육아 #직장인	엄민성 씨는 수의학 전공의 금융 통계 전문가라는 독특한 커리어를 가진 31세 남성으로, 실속 있는 경제 관념과 외모 관리, 사…
B0487	B	42	남자	철도교통 관제사	서울	서울-노원구	#육아 #직장인 #테크회의론	염민석 씨는 노원구에 거주하며 가족과 안정을 추구하는 철도교통 관제사로, 논리적인 업무 처리 능력과 소박한 일상의 여유를 동시…
B0488	B	47	남자	섬유 소재 개발 기술자 및 연구원	경기	경기-광주시	#육아 #직장인	박용덕 씨는 섬유 공학 분야의 자부심 높은 전문가이자, 가족과 야구 시청을 사랑하며 건강 관리가 시급한 40대 가장입니다.
B0489	B	37	남자	화학제품 생산 관리자	경기	경기-수원시 권선구	#육아 #직장인	서현준 씨는 꼼꼼한 성격의 의약품 생산 관리자로, 어머니와 함께하는 안정적인 삶과 로드 바이크 및 당구라는 활동적인 취미를 병…
B0490	B	49	남자	그 외 일반 영업원	서울	서울-양천구	#고디지털 #육아 #직장인	김승수 씨는 목동에 거주하며 도매 영업으로 성공했지만, 가족과의 심리적 거리감과 건강 문제를 안고 살아가는 외로운 완벽주의 중…
B0491	B	35	남자	그 외 일반 영업원	경상남	경상남-거창군	#고디지털 #약관정독 #육아 #직장인	이상우 씨는 거창에서 탁월한 영업 능력으로 고소득과 자가를 일군 35세 가장이지만, 심각한 과체중과 행정 업무 기피라는 약점을…
B0492	B	32	여자	조선공학 기술자 및 연구원	경기	경기-화성시	#고디지털 #육아 #직장인	서옥비 씨는 인문학적 감성과 공학적 정밀함을 동시에 품은 채, 화성시의 단독주택에서 가족의 행복과 직업적 안정을 조용히 일궈가…
B0493	B	37	여자	레크리에이션 전문가	부산	부산-부산진구	#육아 #직장인	박소영 씨는 치밀한 기획력과 따뜻한 공감 능력을 갖춘 레크리에이션 전문가로, 부산의 역동성과 가정의 정적인 평온함 사이에서 균…
B0494	B	34	여자	상담 전문가	대구	대구-남구	#육아 #직장인 #테크회의론	김은숙 씨는 대구 남구에서 가족과 함께 단독주택에 거주하며, 따뜻한 공감 능력과 철저한 자기관리로 지역 사회의 마음을 돌보는 …
B0495	B	47	여자	전화 상담원	서울	서울-은평구	#육아 #직장인	정지원 씨는 은평구에서 성실하게 살아온 베테랑 상담원이자, 마음속에 예술가라는 낭만을 품고 북한산의 계절을 사랑하는 40대 미…
B0496	B	40	남자	해외 영업원	서울	서울-서대문구	#고디지털 #약관정독 #육아 #직장인	유승준 씨는 꼼꼼한 업무 처리 능력을 갖춘 해외 영업원이자 서브컬처와 스포츠 관람에 진심인 40대 가장으로, 안정적인 중산층의…
B0497	B	36	여자	상담 전문가	서울	서울-마포구	#육아 #직장인 #테크회의론	양소연 씨는 마포구에서 상담 전문가로 활동하며 철저한 자기 관리와 안정적인 일상을 통해 삶의 균형을 유지하는 36세 여성입니다…
B0498	B	38	여자	그 외 컴퓨터 시스템 및 소프트웨어 전문가	서울	서울-광진구	#고디지털 #육아 #직장인	이혜림 씨는 출판 IT 분야의 안정적인 전문성을 바탕으로, 수영과 서핑으로 건강을 관리하며 어머니와 함께 소박하고 평온한 일상…
B0499	B	47	남자	전기 감리 기술자 및 연구원	서울	서울-강남구	#고디지털 #육아 #직장인	김창현 씨는 강남에 거주하며 전문성을 갖춘 전기 기술자로 일하지만, 퇴근 후에는 사우나와 배달 음식, 유튜브를 사랑하는 지극히…
B0500	B	27	남자	법무 사무원	충청남	충청남-천안시 서북구	#육아 #직장인 #테크회의론	이성빈 씨는 천안 불당동에 자가를 보유한 채 화학 법무 행정을 담당하는 꼼꼼한 공학도 출신 직장인이자, 게임과 미식에 진심이지…
B0501	B	45	남자	수금원	경기	경기-안양시 만안구	#육아 #직장인	권진홍 씨는 안양에서 수금원으로 일하며 거친 세상 풍파를 견뎌왔지만, 집에서는 오직 아이들의 미래와 안온한 일상만을 생각하는 …
B0502	B	33	남자	상품 기획자	경기	경기-안산시 단원구	#육아 #직장인	황승곤 씨는 인문학적 감성과 제조업의 실용성을 결합해 생활용품을 만드는, 책임감 강하고 정 많은 30대 상품 기획자입니다.
B0503	B	39	여자	유치원 교사	경기	경기-파주시	#육아 #직장인	박경원 씨는 파주에서 아이들을 가르치는 꼼꼼한 유치원 교사이자, 필라테스와 빵집 투어로 소소한 행복을 찾는 30대 후반의 가정…
B0504	B	28	남자	지게차 운전원	광주	광주-광산구	#육아 #직장인	김시민 씨는 광주에서 지게차 운전원으로 성실히 근무하며 실용적인 가치를 추구하고, 배드민턴과 노포 탐방으로 삶의 활력을 찾는 …
B0505	B	27	여자	보육교사	전라남	전라남-여수시	#고디지털 #육아 #직장인	이나연 씨는 여수에서 아이를 키우며 보육교사로 일하는 27세 여성으로, 체계적인 업무 처리 능력과 따뜻한 공감 능력을 겸비한 …
B0506	B	46	남자	가스 배관공	강원	강원-철원군	#육아 #직장인	김준영 씨는 철원에서 성실하게 가스 배관 일을 하며 가족의 행복과 개인 설비 사무소라는 소박한 꿈을 키워가는 40대 가장입니다…
B0507	B	33	여자	지게차 운전원	전북	전북-김제시	#육아 #직장인 #테크회의론	윤지영 씨는 김제의 화학 공장에서 지게차를 운전하며 가족의 행복과 맛있는 일상을 기록하는 30대 어머니입니다.
B0508	B	44	여자	수산학 연구원	전라남	전라남-영암군	#고디지털 #육아 #직장인 #테크회의론	정지혜 씨는 영암에서 근무하는 수산학 연구원으로, 가족과의 식도락 여행과 골프를 즐기며 책임감 있게 살아가는 40대 여성입니다…
B0509	B	28	남자	산업 안전원	대구	대구-북구	#육아 #직장인	김정우 씨는 대구 북구의 정서가 배어 있는 무뚝뚝하지만 다정한 성격의 산업 안전원으로, 현실적인 성취와 안락한 일상 사이에서 …
B0510	B	35	여자	농업용 기계장비 기술 영업원	전라남	전라남-순천시	#육아 #직장인 #테크회의론	성지영 씨는 전남 순천에서 농기계 기술 영업원으로 일하며 스마트 팜의 보급을 이끄는, 생활력 강하고 사교적인 30대 워킹맘입니…
B0511	B	45	남자	지게차 운전원	대구	대구-달서구	#육아 #직장인	김승희 씨는 대구에서 지게차 운전원으로 성실히 근무하며 어머니를 모시고 사는, 투박하지만 속정 깊은 40대 중반의 남성입니다.
B0512	B	36	남자	그 외 고객 상담 사무원	울산	울산-울주군	#육아 #직장인	박현준 씨는 울산 울주군에서 가족과 함께 살며 SI 업체 고객 상담원으로 근무하는, 소박한 일상의 안정과 가족의 행복을 최우선…
B0513	B	30	남자	일반 경찰관 및 수사관	부산	부산-기장군	#고디지털 #육아 #직장인	이광웅 씨는 기장에서 근무하는 디지털 수사 전문 경찰관이자, 가족과의 소박한 일상과 자기 관리를 통해 삶의 균형을 찾아가는 3…
B0514	B	37	여자	가사 도우미	전북	전북-전주시 완산구	#육아 #직장인	신은비 씨는 전주에서 능숙한 솜씨로 집안일을 돌보는 가사 관리사이자, 가족과 이웃을 아끼며 소소한 일상의 행복을 찾는 37세 …
B0515	B	45	여자	한식 조리사	경상남	경상남-창원시 의창구	#육아 #직장인 #테크회의론	최다혜 씨는 창원 의창구의 단독주택에 거주하며 노인복지시설에서 성실하게 근무하는 한식 조리사로, 정갈한 일상과 확실한 자기 관…
B0516	B	38	여자	지방행정 사무원	강원	강원-원주시	#육아 #직장인	전채원 씨는 인문학적 감수성과 공직자의 성실함을 동시에 가졌지만, 내면의 불안과 완벽주의 사이에서 끊임없이 갈등하는 원주의 지…
B0517	B	39	남자	데이터 설계 및 프로그래머	광주	광주-북구	#고디지털 #육아 #직장인 #테크회의론	김제홍 씨는 인문학적 감성과 디지털 논리를 모두 갖춘 채, 광주 북구 단독주택에서 가족과 함께 고요한 삶을 일구는 39세의 데…
B0518	B	47	남자	영업 관련 관리자	경기	경기-남양주시	#고디지털 #육아 #직장인	배주형 씨는 남양주에 거주하며 유통업계 관리자로 일하는 40대 가장으로, 분석적인 업무 능력과 예민한 감수성, 그리고 건강에 …
B0519	B	32	남자	회계 사무원	전라남	전라남-여수시	#고디지털 #육아 #직장인	이용기 씨는 여수의 정과 현대적 감각을 동시에 지닌 채, 농업 회계 전문가로서의 성실함과 가족을 향한 헌신으로 살아가는 32세…
B0520	B	49	여자	마케팅 전문가	경기	경기-고양시 일산서구	#육아 #직장인	김선영 씨는 일산에 거주하며 교육 마케팅 전문가로 활동하는 40대 여성으로, 인문학적 감성과 철저한 계획성을 동시에 갖춘 정갈…
B0521	B	39	여자	육아 도우미	광주	광주-동구	#육아 #직장인	박소영 씨는 광주 동구 부모님 댁에서 거주하며 아이들의 마음을 보듬는 육아 도우미로 일하는, 다정함과 덜렁거림이 공존하는 30…
B0522	B	31	남자	법무 사무원	인천	인천-계양구	#약관정독 #육아 #직장인	최준호 씨는 보수적인 법무 업무와 자유로운 예술적 감성 사이에서 균형을 잡으며, 대가족의 울타리 안에서 안정을 찾고 자연과 영…
B0523	B	48	남자	교육 및 훈련 사무원	경기	경기-평택시	#육아 #직장인	김용 씨는 평택의 화학 공장에서 기술 교육을 담당하는 공학도이자, LP와 미술을 사랑하며 은퇴 후 공방 운영을 꿈꾸는 낭만적인…
B0524	B	40	여자	상품 기획자	서울	서울-광진구	#육아 #직장인 #테크회의론	박혜민 씨는 서울 광진구에서 아이들을 키우며 교육 상품 기획자로 활약하는, 실용적인 가치와 안정적인 일상을 추구하는 40대 여…
B0525	B	49	여자	사회복지사	경상북	경상북-안동시	#육아 #직장인	정민희 씨는 안동의 보수적인 정서 속에서 안정적인 사회복지사로 일하며, 가족의 화목과 친구들과의 유대감을 통해 삶의 위안을 얻…
B0526	B	41	여자	사회 교사	경상남	경상남-진주시	#육아 #직장인	김경진 씨는 원칙과 유연함을 동시에 갖춘 진주의 40대 사회 교사로, 안정적인 가정생활과 꼼꼼한 자기관리를 통해 삶의 균형을 …
B0527	B	28	남자	전직 총무 사무원, 현재 구직중	경기	경기-여주시	#고디지털 #비경제활동 #육아	지민규 씨는 여주 자가 주택에 거주하며 꼼꼼한 행정 처리 능력과 소비 중심의 스트레스 해소 습관을 가진, 안정적인 공공직 복귀…
B0528	B	45	여자	음식 서비스 종사원	경상남	경상남-창원시 진해구	#육아 #직장인	홍안이혜 씨는 진해 공공기관의 베테랑 조리원이자 가족을 위해 헌신하는 어머니로, 넉살 좋은 성격과 즉흥적인 삶의 태도를 지닌 …
B0529	B	48	남자	강구조물 건립원	경기	경기-남양주시	#육아 #직장인	이정구 씨는 남양주에 거주하며 강구조물 건립 분야의 전문성을 갖춘 40대 가장으로, 외적인 깔끔함과 가족에 대한 책임감을 중요…
B0530	B	40	여자	지방행정 사무원	대구	대구-동구	#육아 #직장인	이효정 씨는 대구 동구에서 안정적인 공무원 생활을 하며 자가 아파트와 소박한 취미를 통해 평온한 일상을 가꾸는 40대 여성입니…
B0531	B	48	남자	철도운송 관련 종사원	서울	서울-강서구	#육아 #직장인	이진우 씨는 현장 경험을 자부하는 철도 운송 전문가이자, 가족과 함께하는 소박한 일상과 고전 만화의 낭만을 사랑하는 40대 가…
B0532	B	44	여자	교육 연구관 및 교육 연구사	경기	경기-고양시 일산동구	#고디지털 #육아 #직장인 #테크회의론	백송희 씨는 일산에서 교육 전문가로 활동하며 실용적인 삶과 개인적인 쾌락 사이의 균형을 맞추려 노력하는 40대 미혼 여성입니다…
B0533	B	48	여자	조경감리 기술자	대구	대구-동구	#육아 #직장인	남정희 씨는 대구의 건설 현장을 진두지휘하는 완벽주의 조경감리 기술자이자, 만화와 빵으로 고단한 삶의 여백을 채우는 강인한 어…
B0534	B	27	여자	한식 조리사	경상북	경상북-예천군	#육아 #직장인	유수현 씨는 경북 예천에서 어르신들을 위한 치유 식단을 꿈꾸는 성실한 한식 조리사로, 철저한 자기관리와 따뜻한 배려심을 동시에…
B0535	B	31	여자	보육교사	경기	경기-군포시	#육아 #직장인	서송희 씨는 인문학적 감수성을 가진 보육교사로, 자가 아파트의 안정감과 경제적 결핍, 예술적 취향과 일상의 무력감 사이에서 균…
B0536	B	34	남자	건축설비 기술자	경기	경기-수원시 영통구	#육아 #직장인	정진명 씨는 예민한 내면과 사교적인 외면 사이에서 균형을 잡으며 살아가는 34세 건축설비 기술자로, 외모 가꾸기와 미식에 진심…
B0537	B	44	여자	주방 보조원	세종	세종-세종시	#고디지털 #육아 #직장인	신지선 씨는 세종시 복지관의 숙련된 주방 보조원으로, 가족에 대한 사랑과 전국 식도락 여행의 즐거움을 통해 삶의 활력을 찾는 …
B0538	B	36	여자	총무 사무원	경기	경기-광주시	#육아 #직장인 #테크회의론	방영희 씨는 교육학 전공 후 소매업 총무로 일하며, 남한산성의 여유와 일상의 활기찬 소통을 통해 삶의 균형을 찾아가는 30대 …
B0539	B	33	남자	그 외 건축 마감 관련 기능 종사원	광주	광주-광산구	#육아 #직장인	김태후 씨는 광주에서 활동하는 꼼꼼한 건축 마감 숙련공으로, 가족에 대한 애정과 개인적인 예술적 취향을 조화롭게 가꾸며 자신만…
B0540	B	40	남자	금속절곡기 조작원	부산	부산-북구	#육아 #저디지털 #직장인	이준영 씨는 부산 북구에서 금속 절곡 기술로 인정받으며, 롯데 자이언츠와 빵집 투어, 그리고 가족과의 소박한 일상을 사랑하는 …
B0541	B	48	남자	산업 안전원	대전	대전-유성구	#육아 #직장인	허승환 씨는 인문학적 감수성과 현장의 투박함을 동시에 가진 산업 안전원으로, 한화 이글스에 대한 열정과 독립 출판의 꿈을 품고…
B0542	B	33	남자	여행 상품 개발자	서울	서울-중랑구	#고디지털 #육아 #직장인 #테크회의론	이노아 씨는 공학적 치밀함으로 여행 상품을 개발하며, 중랑구의 자가 아파트에서 가족과 함께 소박하고 안정적인 일상을 가꾸어 나…
B0543	B	45	남자	컴퓨터 시스템 감리 전문가	서울	서울-강서구	#고디지털 #보안민감 #육아 #직장인	김재근 씨는 체계와 효율을 숭상하는 40대 중반의 시스템 감리 전문가로, 철저한 자기관리와 보수적인 가치관 사이에서 가족의 안…
B0544	B	34	여자	조세행정 사무원	서울	서울-노원구	#고디지털 #육아 #직장인	심희영 씨는 노원구에서 아이를 키우며 성실하게 근무하는 조세행정 사무원이지만, 내면에는 인문학적 감수성과 고독한 휴식을 갈망하…
B0545	B	36	남자	전자제품 개발 기술자 및 연구원	경기	경기-안산시 상록구	#육아 #직장인	박민수 씨는 안산의 자동차 연구소에서 일하며 가족의 미래와 자신의 건강 사이에서 균형을 잡으려 애쓰는, 책임감 강하고 현실적인…
B0546	B	43	남자	조경감리 기술자	경기	경기-시흥시	#육아 #직장인	박재현 씨는 가족에 대한 책임감과 직업적 치밀함을 겸비한, 안정적인 삶을 지향하는 40대 조경감리 기술자입니다.
B0547	B	35	여자	보육 관련 시설 서비스 종사원	전북	전북-군산시	#육아 #직장인	김명진 씨는 군산에서 아이들을 세심히 돌보는 꼼꼼한 보육교사로 일하며, 사진과 빵, 그리고 가족과의 조용한 산책에서 삶의 행복…
B0548	B	33	남자	관리 비서	대구	대구-북구	#육아 #직장인 #테크회의론	성용현 씨는 대구에서 운송업체 비서로 일하며 안정적인 삶과 개인의 정적인 휴식 사이에서 균형을 찾는 33세 미혼 남성입니다.
B0549	B	49	여자	기획 관리자	경기	경기-평택시	#고디지털 #육아 #직장인 #테크회의론	박종숙 씨는 수학적 사고로 매장의 효율을 극대화하는 평택의 음식점 기획 관리자로, 철저한 자기관리와 식단 조절을 통해 공복 혈…
B0550	B	42	남자	영업 관련 관리자	서울	서울-마포구	#고디지털 #육아 #직장인	이완식 씨는 마포구 망원동에서 가족과 함께 살며 교육 서비스업 영업 관리자로 일하는, 외모 관리와 내 집 마련의 꿈을 동시에 …
B0551	B	30	여자	관리 비서	대전	대전-대덕구	#육아 #직장인 #테크회의론	손나영 씨는 대전에서 관리 비서로 근무하며 정적인 취미와 미식 탐방을 통해 삶의 균형을 찾는, 성실하고 섬세한 30대 직장인입…
B0552	B	31	남자	그 외 응용 소프트웨어 프로그래머	경상남	경상남-김해시	#고디지털 #육아 #직장인	주병찬 씨는 김해에서 실무 능력이 뛰어난 개발자로 일하며 어머니를 지극히 모시는, 정 많고 푸근한 성격의 31세 남성입니다.
B0553	B	35	여자	약사	경상남	경상남-진주시	#육아 #직장인 #테크회의론	김지영 씨는 진주에서 꼼꼼하게 약국을 운영하며 가족과의 안정적인 삶과 정돈된 개인 공간을 통해 심리적 안정을 찾는 35세 약사…
B0554	B	42	여자	언어재활사	전북	전북-군산시	#육아 #직장인	정선미 씨는 전문성과 독립성을 갖춘 언어재활사로, 가족과의 조화로운 거리두기와 정적인 휴식을 통해 삶의 균형을 잡는 군산의 4…
B0555	B	33	남자	청소년 지도사	부산	부산-서구	#육아 #직장인	최상준 씨는 부산 서구에서 아이들의 마음을 보듬는 청소년 지도사로 일하며, 혼자만의 가상 세계와 가족과의 정적인 휴식 사이에서…
B0556	B	34	여자	회계 사무원	충청북	충청북-청주시 흥덕구	#육아 #직장인	박하경 씨는 공학적 논리와 정서적 유대감을 동시에 갖춘 채, 복작거리는 가족 공동체 속에서 자신의 전문성과 개인의 여유를 찾아…
B0557	B	32	남자	토목 제도사	경기	경기-부천시 오정구	#육아 #직장인	최명회 씨는 부천에서 성실하게 가정을 일군 토목 제도사로, 건강 관리와 자격증 취득이라는 목표를 향해 묵묵히 나아가는 30대 …
B0558	B	32	남자	산업 안전원	경기	경기-부천시 원미구	#고디지털 #육아 #직장인	배화준 씨는 ICT 전문성을 갖춘 꼼꼼한 산업 안전원이자, 비주류 예술과 노포 미식을 사랑하는 낭만적인 30대 가장입니다.
B0559	B	46	남자	자재 관리 사무원	경기	경기-용인시 기흥구	#고디지털 #육아 #직장인	권진혁 씨는 집요할 정도의 정확성을 가진 자재 관리 전문가이자, 숲의 고요함과 예술적 소품의 파격미를 사랑하는 모순적인 내면을…
B0560	B	48	남자	인쇄 관련 기능 종사원	경기	경기-성남시 중원구	#육아 #저디지털 #직장인 #테크회의론	신창민 씨는 성남 중원구에서 숙련된 인쇄 기능공으로 일하며, 안정적인 일상과 가족과의 유대를 중시하지만 건강 관리에는 다소 소…
B0561	B	48	남자	석유화학 기술자 및 연구원	경상남	경상남-양산시	#고디지털 #육아 #직장인	이기영 씨는 양산에 거주하며 석유화학 분야의 전문성을 바탕으로 안정적인 삶을 영위하는, 가족 중심적이고 보수적인 성향의 40대…
B0562	B	36	여자	음식 서비스 종사원	서울	서울-금천구	#가격깐깐 #육아 #직장인	신미향 씨는 금천구에서 성실하게 일하며 가족의 미래를 위해 알뜰하게 저축하고, 빵과 산책으로 마음의 안정을 찾는 조용한 성격의…
B0563	B	36	남자	배전반 조작원	경기	경기-파주시	#육아 #직장인	신우람 씨는 파주의 배전반 조작원으로 일하며 내 집 마련의 꿈과 가족의 행복을 위해 성실하게 살아가는 30대 중반의 가장입니다…
B0564	B	43	여자	전자제품 개발 기술자 및 연구원	충청남	충청남-서산시	#육아 #직장인 #테크회의론	조미숙 씨는 서산의 전자제품 개발 연구원이자, 전문직으로서의 자부심과 현실적인 육아의 고충 사이에서 균형을 찾아가는 40대 워…
B0565	B	31	여자	정보 보안 전문가	경기	경기-고양시 덕양구	#고디지털 #보안민감 #육아 #직장인	안진희 씨는 교육학적 섬세함과 정보 보안의 정교함을 결합해 무결한 시스템을 구축하며, 자연과 종교 안에서 내면의 안정을 찾는 …
B0566	B	38	남자	조사 전문가	서울	서울-관악구	#육아 #직장인	김세원 씨는 관악구에 자가 아파트를 둔 실용적인 성격의 조사 전문가로, 혼자만의 정적인 휴식과 효율적인 삶을 추구하는 38세 …
B0567	B	35	남자	청소년 지도사	경기	경기-하남시	#육아 #직장인	김기범 씨는 하남시에서 청소년들을 이끄는 현실적인 지도사이자, 빵과 한식을 사랑하고 가족과의 저녁 시간을 무엇보다 소중히 여기…
B0568	B	27	남자	마케팅 전문가	경기	경기-파주시	#고디지털 #육아 #직장인 #테크회의론	유경록 씨는 파주의 정서와 꼼꼼한 분석력을 갖춘 소매업 마케터로, 역사 여행과 게임을 사랑하며 어머니와 화목하게 지내는 성실한…
B0569	B	41	남자	자재 관리 사무원	충청북	충청북-증평군	#가격깐깐 #고디지털 #육아 #직장인 #테크회의론	최정민 씨는 충북 증평에서 성실하게 자재를 관리하며, 철저한 계획과 소박한 취미 속에서 가족의 안녕을 최우선으로 생각하는 40…
B0570	B	38	남자	건물 전기 및 전자설비 조작원	서울	서울-노원구	#육아 #직장인	임용화 씨는 서울 노원구에서 가족의 미래를 위해 성실히 근무하는 전기설비 전문가이자, 소소한 운동과 외식으로 삶의 활력을 찾는…
B0571	B	31	남자	산업기계공학 기술자 및 연구원	대전	대전-대덕구	#약관정독 #육아 #직장인 #테크회의론	김영욱 씨는 대전 대덕구에서 펄프 제조 설비를 관리하며 가족을 부양하는, 소박한 안정과 일상의 소소한 즐거움을 추구하는 30대…
B0572	B	46	남자	전기제어장치 설치 및 정비원	대전	대전-대덕구	#육아 #직장인	김인표 씨는 대덕구 공단에서 정밀한 제어 장치 정비로 인정받는 기술자이자, 가족과의 소박한 행복과 자기 계발 사이에서 균형을 …
B0573	B	40	남자	크레인 운전원	경기	경기-성남시 분당구	#약관정독 #육아 #직장인	박광섭 씨는 분당에서 3세대 가족을 부양하며 정교한 크레인 운전 기술로 삶의 안정을 일궈낸, 배려심 깊고 실용적인 40대 가장…
B0574	B	44	남자	육군 장교	세종	세종-세종시	#육아 #저디지털 #직장인 #테크회의론	김찬수 씨는 건설공학 전문성을 갖춘 부드러운 리더십의 육군 장교로, 세종시에서 가족과 거주하며 역사 탐방과 낚시로 스트레스를 …
B0575	B	41	여자	경·소형 화물차 운전원	세종	세종-세종시	#육아 #직장인	곽정희 씨는 세종시의 물류를 책임지는 철저한 화물차 운전원이자, 수영과 예술을 통해 내면의 풍요를 가꾸며 건강과 커리어의 성장…
B0576	B	27	남자	네트워크 시스템 개발자	서울	서울-관악구	#고디지털 #육아 #직장인	황석한 씨는 관악구에 거주하며 실무 능력이 뛰어난 네트워크 개발자로 일하는, 미식과 배드민턴을 사랑하는 27세 청년입니다.
B0577	B	47	남자	강구조물 가공원	부산	부산-동래구	#육아 #직장인	이동일 씨는 부산 동래구에서 철골 가공원으로 일하며 금속 공예 공방이라는 예술적 꿈을 키워가는 40대 가장입니다.
B0578	B	47	여자	용융 도금기 조작원	인천	인천-미추홀구	#육아 #직장인	고수현 씨는 인천의 제조 현장에서 숙련된 기술을 뽐내는 베테랑 작업자이자, 가족과 함께하는 소박한 일상과 자연의 평온함을 소중…
B0579	B	43	여자	회계 사무원	경기	경기-화성시	#고디지털 #육아 #직장인	손희영 씨는 화성시 가죽 제조 기업의 유능한 회계 사무원이자, 동탄의 세련된 라이프스타일을 추구하며 가족의 행복과 자신의 사회…
B0580	B	48	여자	범용 소프트웨어 프로그래머	부산	부산-부산진구	#고디지털 #육아 #직장인	허지영 씨는 부산진구에서 성실하게 살아온 40대 개발자로, 가족에 대한 사랑과 소박한 휴식을 통해 삶의 균형을 찾는 현실적인 …
B0581	B	49	여자	철도운송 사무원	경기	경기-안양시 동안구	#육아 #직장인	유경민 씨는 평촌의 안정된 일상 속에서 철도 운송 전문가로 활동하며, 클래식 음악과 산책으로 삶의 균형을 잡는 현실적이고 책임…
B0582	B	41	여자	구급 요원	광주	광주-남구	#육아 #직장인	김정아 씨는 광주에서 부모님을 모시며 성실하게 근무하는 베테랑 구급 요원으로, 철저한 자기관리와 책임감으로 일과 가정의 균형을…
B0583	B	36	여자	그 외 일반 영업원	서울	서울-구로구	#육아 #직장인	정다희 씨는 인문학적 감수성과 영업직의 현실 감각을 동시에 갖춘 30대 중반의 여성으로, 가족의 안정과 개인의 건강 관리 사이…
B0584	B	45	남자	마케팅 전문가	서울	서울-강남구	#고디지털 #육아 #직장인	장상윤 씨는 공학적 분석력으로 무장한 소매업 마케팅 전문가이자, 강남의 안락한 집에서 어머니와 함께하며 낚시와 원예로 고독을 …
B0585	B	46	여자	상품 기획자	경기	경기-수원시 영통구	#약관정독 #육아 #직장인	정현숙 씨는 원칙과 유연함 사이에서 균형을 잡으며, 교육 기획자로서의 전문성과 소박한 일상의 행복을 동시에 추구하는 수원 거주…
B0586	B	47	남자	생산관리 사무원	경상남	경상남-김해시	#고디지털 #육아 #직장인	김명덕 씨는 김해 공단에서 성실하게 커리어를 쌓아온 생산관리 전문가이자, 부모와 자녀를 동시에 부양하며 안정적인 삶을 지향하는…
B0587	B	34	여자	철도운송 관련 종사원	서울	서울-송파구	#육아 #직장인	최예슬 씨는 송파구에 거주하며 철도 운송 분야의 전문성을 키워가는 30대 직장인이자, 인문학적 감성과 체계적인 자기관리를 통해…
B0588	B	34	남자	자재 관리 사무원	경상남	경상남-진주시	#고디지털 #육아 #직장인 #테크회의론	정종민 씨는 진주에서 농기계 자재 관리를 하는 꼼꼼한 성격의 34세 남성으로, 아버지와의 유대를 소중히 여기며 자전거와 사우나…
B0589	B	35	여자	장학관 및 장학사	경상남	경상남-진주시	#육아 #직장인 #테크회의론	허유진 씨는 진주에서 교육행정가로 활동하며 전문적인 중재력을 갖췄지만, 내면에는 아이돌 노래와 뜨거운 목욕탕을 좋아하는 인간적…
B0590	B	41	남자	청소년 지도사	충청북	충청북-제천시	#육아 #직장인 #테크회의론	최호정 씨는 제천에서 청소년들을 지도하며 내 집 마련의 꿈과 가족의 행복을 위해 성실하게 살아가는 40대 가장입니다.
B0591	B	49	여자	관광버스 운전원	서울	서울-관악구	#육아 #직장인	유순덕 씨는 관악산의 정기와 서울 도로의 치열함을 모두 품은, 가족을 위해 달리는 베테랑 여성 관광버스 운전사입니다.
B0592	B	44	남자	시내버스 운전원	강원	강원-강릉시	#육아 #직장인	이지현 씨는 강릉 시내를 누비는 베테랑 버스 운전원으로, 유연한 사고와 친근한 성격을 지녔으며 건강 관리와 소소한 취미 생활 …
B0593	B	49	남자	전동차 기관사	대구	대구-서구	#육아 #저디지털 #직장인	하성구 씨는 정교한 전동차 운행 실력을 갖춘 성실한 기관사이자, 헌책과 역사 유적을 사랑하는 섬세한 감성의 소유자이며, 어머니…
B0594	B	40	남자	건물 내 전기 설치 및 정비원	서울	서울-강남구	#육아 #직장인	심종수 씨는 도곡동에서 부모님과 함께 살며 정밀한 전기 정비 기술로 인정받는 40대 미혼 남성으로, 미식과 운동을 통해 내면의…
B0595	B	43	여자	그 외 상점 판매원	경기	경기-의정부시	#육아 #직장인	유주미 씨는 의정부의 실무 감각과 안정적인 삶의 기반을 갖춘, 빵과 반려견 그리고 고요한 혼자만의 시간을 사랑하는 현실적인 4…
B0596	B	45	여자	산업 특화 소프트웨어 프로그래머	부산	부산-기장군	#고디지털 #육아 #직장인	박명자 씨는 기장의 바다와 인문학적 감성을 품은 베테랑 소프트웨어 프로그래머이자, 아이를 위해 단단한 삶을 일궈가는 다정하고 …
B0597	B	40	남자	산업 안전원	충청북	충청북-제천시	#육아 #직장인 #테크회의론	권수환 씨는 제천의 조용한 풍경 속에서 가족과 유대를 나누며, 철저한 직업 정신으로 현장의 안전을 책임지는 당뇨를 앓는 40대…
B0598	B	35	여자	웹 프로그래머	충청남	충청남-천안시 서북구	#고디지털 #육아 #직장인	구혜인 씨는 천안에서 교육 플랫폼 개발자로 일하며 가족과 친구, 그리고 소소한 먹거리의 즐거움 사이에서 안온한 균형을 찾으려 …
B0599	B	40	남자	도로운송 사무원	충청남	충청남-보령시	#육아 #직장인	유승현 씨는 보령에서 폐기물 운송 사무원으로 일하며 자녀를 홀로 키우는 책임감 강한 40대 가장으로, 사우나와 다큐멘터리 시청…
B0600	B	36	여자	주방 보조원	경상북	경상북-포항시 남구	#육아 #직장인	염나영 씨는 포항 남구에서 가족의 행복과 직업적 안정을 최우선으로 하며, 사람들과의 어울림과 맛있는 음식을 통해 삶의 활력을 …
C0001	C	61	남자	부동산 컨설턴트	제주	제주-제주시	#1인사업자	유준호 씨는 제주시 노형동의 땅과 사람을 꿰뚫어 보는 노련한 부동산 컨설턴트로, 가족의 안정을 최우선으로 여기며 자연과 함께하…
C0002	C	34	남자	온라인 쇼핑 판매원	경기	경기-안산시 상록구	#1인사업자 #고디지털 #육아	김세원 씨는 안산 상록구에서 스마트스토어를 운영하며 어머니와 함께 식도락의 즐거움을 나누는, 실용적이고 정이 많은 30대 청년…
C0003	C	46	남자	농수산물 중개인 및 경매사	경기	경기-고양시 일산서구	#1인사업자 #육아	강현준 씨는 일산에서 활동하는 베테랑 농수산물 경매사로, 가족에 대한 깊은 책임감과 내 집 마련의 꿈을 안고 건강 관리에 힘쓰…
C0004	C	27	여자	광고 디자이너	서울	서울-용산구	#1인사업자 #고디지털 #육아	박하진 씨는 용산구에 거주하며 사회과학적 통찰력으로 메시지를 설계하는 광고 디자이너이자, 반려견과 식물, 예술을 사랑하는 27…
C0005	C	56	여자	부동산 중개사	부산	부산-남구	#1인사업자 #약관정독	정태영 씨는 공학적 전문성을 갖춘 꼼꼼한 부동산 중개사로, 부산 남구의 자가 아파트에서 홀로 생활하며 자연 속 드라이브와 빵집…
C0006	C	32	여자	소규모 상점 경영자	서울	서울-구로구	#1인사업자 #고디지털 #육아	신은수 씨는 수학적 논리로 무장한 구로구의 꼼꼼한 편집숍 사장님이며, 자연 속의 휴식과 만화책이라는 정적인 취미로 삶의 균형을…
C0007	C	39	남자	노점 및 이동 판매원	경기	경기-김포시	#1인사업자 #테크회의론	박성민 씨는 김포에서 이동 판매로 생계를 꾸리며 자가 아파트의 안락함과 소소한 술자리, 인간관계에서 행복을 찾는 30대 후반의…
C0008	C	54	남자	소규모 상점 경영자	경기	경기-시흥시	#1인사업자 #육아	이승환 씨는 시흥에서 성실하게 상점을 운영하며 가족의 안녕과 노후 준비에 매진하는, 배달 치킨과 바둑 분석을 즐기는 다정한 가…
C0009	C	48	남자	그 외 제품 디자이너	경기	경기-파주시	#1인사업자	한성국 씨는 파주에 거주하며 전문적인 제품 디자인 역량과 인문학적 감성을 겸비한 채, 건강 관리와 가족 돌봄에 정성을 쏟는 4…
C0010	C	39	남자	온라인 쇼핑 판매원	경상북	경상북-경산시	#1인사업자 #가격깐깐 #고디지털 #테크회의론	박진형 씨는 철저한 자기 관리와 체계적인 사업 운영으로 안정적인 삶을 꾸리지만, 신체적 건강 관리와 정서적 고립 사이에서 고민…
C0011	C	49	남자	사진작가	경기	경기-과천시	#1인사업자 #육아	장재일 씨는 정보통신 기술의 정교함과 예술적 감성을 결합해 한국의 자연을 기록하는, 과천에 거주하는 49세의 섬세한 사진작가입…
C0012	C	41	남자	노점 및 이동 판매원	부산	부산-동래구	#1인사업자 #육아	이종훈 씨는 부산 동래구에서 노점상을 운영하며 가족의 안녕과 소박한 일상을 지키기 위해 분투하는, 겉은 투박하지만 속은 섬세한…
C0013	C	67	여자	부동산 중개사	서울	서울-송파구	#1인사업자 #약관정독 #저디지털	김경자 씨는 송파구의 변화를 몸소 겪어온 노련한 부동산 중개사로, 예민한 감성과 유연한 태도를 지닌 채 손주들을 향한 내리사랑…
C0014	C	30	남자	보험 중개인	서울	서울-성동구	#1인사업자 #약관정독	이진혁 씨는 성수동의 감성과 보험 전문가로서의 치밀함을 동시에 지닌 30대 남성으로, 건강 관리라는 숙제를 안고 아내와 함께 …
C0015	C	58	여자	노점 및 이동 판매원	충청북	충청북-옥천군	#1인사업자 #가격깐깐	박춘혁 씨는 옥천 시장의 흐름을 읽는 눈과 꼼꼼한 장부 기록 습관을 가진, 가족의 안녕과 소박한 주거 개선을 꿈꾸는 성실한 5…
C0016	C	49	여자	소규모 상점 경영자	서울	서울-강동구	#1인사업자 #고디지털	진윤주 씨는 강동구에서 상점을 운영하며 가족을 부양하는 책임감 강한 가장이자, 배드민턴과 식도락 여행으로 삶의 활력을 찾는 4…
C0017	C	44	남자	소규모 상점 경영자	경상남	경상남-산청군	#1인사업자 #저디지털 #테크회의론	김승현 씨는 경남 산청에서 성실하게 상점을 운영하며 지역 사회의 신뢰를 받는, 경제적 풍요와 개인적 외로움이 공존하는 40대 …
C0018	C	47	여자	온라인 쇼핑 판매원	경기	경기-수원시 권선구	#1인사업자 #육아 #저디지털	송미진 씨는 현실적인 생존 본능과 가족에 대한 헌신으로 수원 권선구에서 자가 마련의 꿈을 꾸며 치열하게 살아가는 온라인 상인입…
C0019	C	46	여자	온라인 쇼핑 판매원	경기	경기-남양주시	#1인사업자 #고디지털 #약관정독 #육아	이민주 씨는 남양주에서 온라인 숍을 운영하며 노포 맛집 탐방과 비즈 공예로 삶의 활력을 찾는 40대 중반의 사교적인 주부입니다…
C0020	C	44	여자	그 외 제품 디자이너	서울	서울-마포구	#1인사업자 #고디지털 #육아	최귀영 씨는 마포구 망원동에 거주하며 1mm의 오차도 허용하지 않는 철저함으로 지속 가능한 리빙 브랜드를 꿈꾸는 고소득 제품 …
C0021	C	20	여자	학습지 방문강사	대구	대구-달서구	#1인사업자	이민정 씨는 대구 달서구에서 아이들을 가르치며 자신만의 공부방을 꿈꾸는, 외유내강의 성격과 미식에 대한 열정을 가진 20세 청…
C0022	C	58	여자	노점 및 이동 판매원	부산	부산-사상구	#1인사업자	정관옥 씨는 사상역 시장통의 눈치 빠른 베테랑 상인으로, 가족을 부양하는 강인함과 혼자만의 고요함을 갈구하는 외로움을 동시에 …
C0023	C	25	남자	전직 소규모 상점 경영자, 현재 구직중	세종	세종-세종시	#1인사업자	고준한 씨는 이른 사회 경험으로 다져진 실무 감각과 외향적인 성격을 가졌으나, 현재는 세종시에서 취업 준비와 건강 관리를 동시…
C0024	C	51	남자	그 외 제품 디자이너	제주	제주-제주시	#1인사업자 #육아	김경배 씨는 공학적 전문성을 살려 제주도 식당 맞춤형 가구를 설계하는 디자이너로, 가족을 위한 내 집 마련의 꿈과 건강 관리라…
C0025	C	75	남자	노점 및 이동 판매원	경기	경기-성남시 중원구	#1인사업자 #저디지털 #접근성	황춘길 씨는 성남 중원구 시장터의 터줏대감으로, 리어카 하나에 평생의 성실함을 싣고 살아온 넉살 좋은 노점상입니다.
C0026	C	51	여자	소규모 상점 경영자	인천	인천-옹진군	#1인사업자 #육아 #테크회의론	장승옥 씨는 인천 옹진군에서 실속 있게 식당을 운영하며 가족의 미래와 공동체의 정을 소중히 여기는, 강인함과 부드러움을 동시에…
C0027	C	47	여자	소규모 상점 경영자	대전	대전-서구	#1인사업자 #저디지털	차애란 씨는 대전 서구에서 소규모 상점을 운영하며 이웃의 복지까지 챙기는 따뜻한 해결사이자, 라디오와 휴식을 통해 내면을 채우…
C0028	C	31	여자	학습지 방문강사	경기	경기-성남시 수정구	#1인사업자 #육아	최희수 씨는 성남시 수정구에서 아이들의 마음을 읽는 섬세한 학습지 강사로 일하며, 가족과 함께 노포 맛집을 찾아다니는 소박하고…
C0029	C	36	남자	온라인 쇼핑 판매원	서울	서울-강북구	#1인사업자 #가격깐깐 #고디지털 #육아 #테크회의론	윤정훈 씨는 공학적 꼼꼼함으로 온라인 쇼핑몰을 운영하며 가족을 세심하게 챙기는, 내실 있고 계획적인 30대 가장입니다.
C0030	C	67	여자	온라인 쇼핑 판매원	경상남	경상남-창원시 마산회원구	#1인사업자 #고디지털	정효숙 씨는 마산에서 온라인 쇼핑몰을 운영하며 새로운 도전을 즐기고, 가족과 자연 속의 여유를 소중히 여기는 진취적인 60대 …
C0031	C	35	여자	그 외 시각 디자이너	서울	서울-동작구	#1인사업자	조이랑 씨는 공학적 정밀함과 디자이너의 감성을 동시에 지닌 채, 동작구의 고요한 일상 속에서 자신만의 완벽한 디자인 스튜디오를…
C0032	C	29	남자	경영 컨설턴트	경기	경기-수원시 영통구	#1인사업자 #고디지털	이태희 씨는 정보통신기술을 접목한 부동산 컨설팅 전문가로, 수원 영통에서 부모님과 거주하며 데이터 기반의 효율성과 정적인 휴식…
C0033	C	26	남자	경영 컨설턴트	대전	대전-유성구	#1인사업자	황범철 씨는 정밀한 공학적 분석력과 섬세한 공감 능력을 동시에 갖췄으나, 내면의 불안감을 고도비만과 게임으로 달래는 20대 경…
C0034	C	24	여자	학습지 방문강사	서울	서울-영등포구	#1인사업자	이소은 씨는 영등포구에서 학습지 강사로 일하며 타인의 감정을 세심히 살피는 유연함과 소박한 일상의 휴식을 통해 삶의 안정을 찾…
C0035	C	41	여자	경영 컨설턴트	경상남	경상남-거제시	#1인사업자 #육아 #테크회의론	장선희 씨는 거제에서 활동하는 냉철한 경영 컨설턴트로, 분석적인 지성과 고독한 휴식을 동시에 추구하는 40대 여성입니다.
C0036	C	40	남자	기업 대표이사	서울	서울-강동구	#1인사업자 #약관정독 #육아 #테크회의론	홍가람 씨는 신중하고 꼼꼼한 성격의 임대 사업가로, 가족에 대한 책임감과 정서적 안정을 최우선으로 여기며 건강 관리에 고민이 …
C0037	C	46	남자	소규모 상점 경영자	부산	부산-기장군	#1인사업자	지정주 씨는 부산 기장에서 작은 상점을 운영하며 어머니를 지극히 모시는, 성실함과 외로움이 공존하는 40대 중반의 자영업자입니…
C0038	C	57	남자	온라인 쇼핑 판매원	서울	서울-서대문구	#1인사업자 #고디지털	정재연 씨는 법학 전공의 지식과 온라인 판매 실무 능력을 갖추고, 자녀의 자립과 소박한 식도락 여행에서 행복을 찾는 50대 가…
C0039	C	21	여자	전직 책 디자이너, 현재 구직중	서울	서울-노원구	#1인사업자 #저디지털	강혜영 씨는 아날로그한 종이책의 감성과 디지털 디자인 역량을 동시에 가진, 성수동의 감성과 상계동의 안온함을 모두 품은 구직 …
C0040	C	46	여자	소규모 상점 경영자	경상북	경상북-포항시 북구	#1인사업자 #가격깐깐 #육아	이소원 씨는 인문학적 소양과 철저한 경제 관념을 갖춘 포항의 소규모 상점 경영자로, 활기찬 사회생활과 정적인 내면 세계의 균형…
C0041	C	21	남자	소규모 상점 경영자	서울	서울-마포구	#1인사업자	박승욱 씨는 마포구에서 일식 스낵바를 운영하며 동생들을 부양하는, 감각적이면서도 책임감 있는 21세의 청년 사업가입니다.
C0042	C	48	여자	학습지 방문강사	충청북	충청북-충주시	#1인사업자	김기남 씨는 충주에서 학습지 강사로 일하며 가족을 부양하는 책임감 강한 40대 미혼 여성으로, 남한강 산책과 팝송, 소금빵이 …
C0043	C	52	남자	소규모 상점 경영자	경기	경기-안산시 상록구	#1인사업자 #가격깐깐 #육아 #테크회의론	구석민 씨는 안산에서 소규모 상점을 운영하며 가족의 안위와 내 집 마련을 위해 성실하게 살아가는, 책임감 강하고 현실적인 50…
C0044	C	42	남자	부동산 컨설턴트	충청북	충청북-청주시 흥덕구	#1인사업자 #육아	안성원 씨는 청주 지역 부동산 전문가로서 손자녀를 부양하는 삶의 무게를 견디며, 수영과 소박한 식도락으로 위안을 얻는 40대 …
C0045	C	58	여자	노점 및 이동 판매원	강원	강원-강릉시	#1인사업자	김수영 씨는 강릉 중앙시장의 억척스러운 생활력과 임영웅을 향한 순수한 팬심, 그리고 자식에 대한 깊은 사랑을 동시에 가진 50…
C0046	C	77	남자	노점 및 이동 판매원	세종	세종-세종시	#1인사업자 #저디지털 #접근성	조덕희 씨는 세종시에서 노점을 운영하며 넉살 좋은 성격으로 이웃과 소통하고, 가족의 사랑과 소박한 일상에서 행복을 찾는 77세…
C0047	C	60	여자	온라인 쇼핑 판매원	대구	대구-북구	#1인사업자	박복순 씨는 대구 북구에서 온라인 쇼핑몰을 운영하며 가족과 이웃 사이의 조화를 소중히 여기는, 성실하고 다정다감한 60대 여성…
C0048	C	21	남자	체육 및 그 외 분야 시간강사	경기	경기-용인시 수지구	#1인사업자 #가격깐깐 #고디지털 #테크회의론	정희찬 씨는 아이들을 가르치는 꼼꼼한 스포츠 강사로서의 책임감과, 고도비만 및 흡연이라는 건강상의 허점을 동시에 가진 현실적인…
C0049	C	70	남자	노점 및 이동 판매원	전라남	전라남-강진군	#1인사업자 #저디지털 #접근성	한영우 씨는 전남 강진에서 포터 트럭으로 농산물을 파는 성실한 노인으로, 소박한 수입과 평범한 일상 속에서 아내와 함께 건강하…
C0050	C	35	남자	소규모 상점 경영자	인천	인천-미추홀구	#1인사업자 #고디지털 #테크회의론	조재성 씨는 인천 미추홀구에서 사람 냄새 나는 가게를 운영하며, 가족과의 소박한 여행과 실속 있는 삶을 추구하는 30대 가장입…
C0051	C	21	여자	학습지 방문강사	경기	경기-파주시	#1인사업자	하승형 씨는 파주에서 학습지 강사로 일하며 소소한 일상의 행복과 부모님의 보호 사이에서 자신만의 균형을 찾아가는 21세 청년입…
C0052	C	21	여자	학습지 방문강사	경기	경기-화성시	#1인사업자 #가격깐깐	강혜원 씨는 동탄에서 학습지 강사로 일하며 소규모 공부방 운영이라는 꿈을 키우는, 절약 정신이 투철하고 성격이 예민한 21세 …
C0053	C	46	남자	경영 컨설턴트	서울	서울-강남구	#1인사업자 #고디지털 #육아	오종백 씨는 강남에서 활동하는 냉철한 부동산 컨설턴트이자, 가족과의 맛집 탐방과 배드민턴에 진심인 40대 가장입니다.
C0054	C	28	여자	전직 스포츠 강사 및 트레이너, 현재 구직중	광주	광주-북구	#1인사업자 #창업준비	박진주 씨는 전문적인 트레이닝 역량을 갖춘 채 본인만의 PT 숍 창업을 꿈꾸는, 외향적이면서도 내면의 불안을 안고 사는 20대…
C0055	C	56	남자	소규모 상점 일선 관리 종사원	경기	경기-의정부시	#1인사업자	신성민 씨는 의정부에서 성실하게 매장을 관리하며 야구 시청과 등산으로 스트레스를 푸는, 책임감 강하고 현실적인 50대 가장입니…
C0056	C	72	여자	부동산 중개사	서울	서울-강남구	#1인사업자 #저디지털 #접근성 #테크회의론	박미경 씨는 강남의 변화를 지켜본 지혜와 보건복지 전문성을 바탕으로 이웃을 돌보며 자립적인 노후를 일구어가는 외유내강형 부동산…
C0057	C	57	여자	소규모 상점 경영자	경기	경기-안양시 만안구	#1인사업자	고문옥 씨는 안양에서 소규모 상점을 운영하며 자립적인 삶을 꾸려가지만, 건강 불안과 외로움을 소소한 취미와 식도락으로 달래는 …
C0058	C	25	남자	온라인 쇼핑 판매원	서울	서울-송파구	#1인사업자 #고디지털 #테크회의론	김동엽 씨는 파이썬을 다루는 스마트한 온라인 판매자이자, 주말이면 고즈넉한 유적지를 찾아 떠나고 평일엔 코인 노래방에서 스트레…
C0059	C	64	여자	전직 미용사, 현재 구직중	부산	부산-동래구	#1인사업자 #저디지털	오숙자 씨는 동래구에서 평생 미용실을 운영하며 이웃들과 정을 나눈 베테랑 미용사 출신으로, 현재는 온천욕과 라디오 음악을 즐기…
C0060	C	29	남자	온라인 쇼핑 판매원	충청북	충청북-청주시 상당구	#1인사업자 #고디지털 #육아	최영진 씨는 예술적 감각과 실용적 경영 마인드를 동시에 갖춘, 보수적인 가족 분위기 속에서 성장한 성실한 20대 청년 사업가입…
C0061	C	27	여자	노점 및 이동 판매원	경기	경기-의왕시	#1인사업자 #가격깐깐 #고디지털 #육아 #창업준비	김하나 씨는 넉살 좋은 판매 기술과 꼼꼼한 관리 능력을 갖춘 20대 후반의 여성으로, 자신만의 감각적인 카페 창업을 꿈꾸는 의…
C0062	C	46	남자	온라인 쇼핑 판매원	충청북	충청북-제천시	#1인사업자 #고디지털 #육아	백재민 씨는 제천에서 꼼꼼하게 온라인 쇼핑몰을 운영하며, 외로움과 책임감 사이에서 균형을 잡으려 노력하는 40대 가장입니다.
C0063	C	49	여자	노점 및 이동 판매원	경기	경기-의정부시	#1인사업자	김수아 씨는 길거리의 먼지 속에서도 자신만의 색채와 질서를 찾는, 섬세한 예술가적 기질과 성실함을 동시에 가진 40대 후반의 …
C0064	C	41	여자	소규모 상점 경영자	울산	울산-남구	#1인사업자 #고디지털 #육아	김다리 씨는 인문학적 감수성과 실무적인 경영 능력을 동시에 갖춘 울산의 소상공인으로, 가족과 함께하는 미식 여행과 정적인 휴식…
C0065	C	34	남자	노점 및 이동 판매원	서울	서울-강동구	#1인사업자 #가격깐깐 #육아	박성대 씨는 천호동 시장의 생리를 꿰고 있는 성실한 이동 판매원으로, 가족을 향한 깊은 책임감과 소박한 내 가게 마련의 꿈을 …
C0066	C	71	여자	부동산 중개사	경기	경기-고양시 일산서구	#1인사업자 #저디지털 #접근성	최수영 씨는 공학적 식견과 따뜻한 공감 능력을 갖춘 일산의 부동산 중개사로, 식물 가꾸기와 노포 탐방을 즐기며 가족과 함께 소…
C0067	C	77	남자	경영 컨설턴트	부산	부산-해운대구	#1인사업자 #저디지털 #접근성	박남선 씨는 교육자의 품위와 부동산 전문가의 식견을 동시에 갖춘, 해운대의 변화를 몸소 겪어온 유연한 사고의 77세 컨설턴트입…
C0068	C	80	남자	노점 및 이동 판매원	인천	인천-연수구	#1인사업자 #저디지털 #접근성 #테크회의론	주정만 씨는 인천 연수구에서 리어카 장사로 삶의 궤적을 그려온, 소박한 성취감과 가족의 정을 소중히 여기는 80대 어르신입니다…
C0069	C	21	남자	온라인 쇼핑 판매원	전라남	전라남-무안군	#1인사업자 #고디지털	조혁진 씨는 전남 무안에서 스마트스토어를 운영하며 철저한 자기관리와 데이터 분석으로 월 매출 성장을 꿈꾸는, 현실적이면서도 체…
C0070	C	59	여자	온라인 쇼핑 판매원	경기	경기-성남시 분당구	#1인사업자 #저디지털	함막례 씨는 분당에서 온라인 쇼핑몰을 운영하며 성실하게 내 집 마련을 꿈꾸는, 현실적이면서도 사교적인 59세 여성입니다.
C0071	C	73	남자	노점 및 이동 판매원	서울	서울-중구	#1인사업자 #저디지털 #접근성	이주영 씨는 서울 중구에서 평생을 노점상으로 버티며 살아온, 투박하지만 책임감 강하고 정이 많은 70대 가장입니다.
C0072	C	32	남자	경영 컨설턴트	경상남	경상남-진주시	#1인사업자 #고디지털	조민근 씨는 보건복지 전문성을 부동산에 접목한 실용주의적 컨설턴트로, 진주의 단독주택에서 하이볼과 배드민턴을 즐기며 소소한 안…
C0073	C	42	여자	경영 컨설턴트	광주	광주-북구	#1인사업자 #육아	이가연 씨는 논리적인 업무 처리 능력과 단호한 성격을 가진 경영 컨설턴트로, 나홀로 식도락 여행과 배드민턴을 통해 삶의 균형을…
C0074	C	46	남자	온라인 쇼핑 판매원	광주	광주-광산구	#1인사업자 #고디지털 #육아 #테크회의론	배수한 씨는 정보통신기술 전공자의 분석력으로 온라인 쇼핑몰을 운영하며, 무등산 산행과 수영으로 건강을 관리하는 유연하고 즉흥적…
C0075	C	44	여자	소규모 상점 경영자	경기	경기-군포시	#1인사업자 #고디지털 #육아	김연주 씨는 군포 산본에서 소품샵을 운영하며 자녀를 위해 헌신하는, 현실적이고 강단 있는 40대 한부모 여성 경영자입니다.
C0076	C	43	남자	보험 중개인	부산	부산-연제구	#1인사업자 #약관정독 #육아	이성근 씨는 ICT 전공의 전문성을 보험업에 녹여낸 영리한 중개인이자, 부모님에 대한 책임감과 개인의 자유 사이에서 균형을 찾…
C0077	C	21	남자	그 외 제품 디자이너	경기	경기-동두천시	#1인사업자 #창업준비	이건희 씨는 동두천에서 실무 디자인 일을 하며 어머니를 부양하고, 퇴근 후 게임과 수제 버거로 스트레스를 푸는 현실적인 20대…
C0078	C	58	남자	소규모 상점 경영자	경상남	경상남-함안군	#1인사업자 #테크회의론	김상준 씨는 경남 함안에서 작은 가게를 운영하며 어머니를 지극히 모시는, 책임감 강하고 신중한 성정의 중년 남성입니다.
C0079	C	39	남자	소규모 상점 경영자	울산	울산-남구	#1인사업자 #테크회의론	최지수 씨는 울산에서 상점을 운영하며 어머니를 지극히 모시는 30대 후반의 남성으로, 성실한 경제 활동과 소박한 취미 사이에서…
C0080	C	31	남자	무대 및 세트 디자이너	경기	경기-용인시 수지구	#1인사업자	김상효 씨는 법학도의 길을 벗어나 무대 디자이너로서의 감각을 꽃피우며, 잠실 야구장의 열기와 강남 클럽의 베이스 소리를 통해 …
C0081	C	63	여자	온라인 쇼핑 판매원	경기	경기-안양시 동안구	#1인사업자 #고디지털 #테크회의론	원란숙 씨는 안양 평촌에서 스마트스토어를 운영하며 건강과 소박한 일상의 행복을 가꾸는, 다정하고 세심한 60대 여성입니다.
C0082	C	58	남자	소규모 상점 경영자	인천	인천-남동구	#1인사업자	윤기연 씨는 인천 남동구에서 상점을 운영하며 가족의 안녕과 실속 있는 노후를 준비하는, 겉으로는 무뚝뚝하지만 속정 깊은 50대…
C0083	C	66	남자	노점 및 이동 판매원	인천	인천-서구	#1인사업자 #저디지털	한화식 씨는 인천 서구에서 노점상을 운영하며 치열하게 살아온 실용주의자로, 건강 문제와 경제적 불안함이 있지만 자전거 타기와 …
C0084	C	31	남자	소규모 상점 일선 관리 종사원	경기	경기-용인시 수지구	#1인사업자 #고디지털	강지훈 씨는 전공 지식을 소매업 관리에 접목해 내실 있게 매장을 운영하며, 안정적인 주거 환경 속에서 미식과 스포츠 관람으로 …
C0085	C	59	남자	소규모 상점 경영자	경상남	경상남-창원시 진해구	#1인사업자	황백규 씨는 진해의 정서가 깊게 배어 있는 소규모 상점 경영자로, 뛰어난 현장 감각과 친화력을 가졌지만 꼼꼼함은 부족한 소탈하…
C0086	C	59	여자	노점 및 이동 판매원	경기	경기-동두천시	#1인사업자 #저디지털	조경순 씨는 동두천 시장의 억척스러운 생활력과 다정한 이웃 정을 동시에 가진, 작은 점포의 꿈을 키우는 50대 후반의 노점상입…
C0087	C	28	여자	그 외 시각 디자이너	서울	서울-금천구	#1인사업자	하연우 씨는 가산디지털단지에서 일하는 유능한 시각 디자이너이자, 빵과 휴식을 사랑하며 가족과의 유대와 독립 사이에서 균형을 찾…
C0088	C	43	남자	소규모 상점 경영자	경기	경기-김포시	#1인사업자 #가격깐깐 #고디지털 #육아	김도희 씨는 공학적 사고방식으로 소매점을 효율적으로 운영하며 가족과 안정을 중시하는, 건강 관리가 시급한 40대 김포 가장입니…
C0089	C	34	여자	학습지 방문강사	충청북	충청북-청주시 서원구	#1인사업자	안도연 씨는 청주에서 아이들을 가르치며 부모님과 함께 거주하는 사교적인 성격의 학습지 강사로, 안정적인 일상과 맛있는 음식, …
C0090	C	38	남자	기업 대표이사	울산	울산-울주군	#1인사업자 #고디지털 #약관정독 #육아	김도희 씨는 울주군에서 ICT 사업체를 운영하며 꼼꼼한 업무 처리와 내실 있는 삶을 추구하지만, 건강 관리와 가족 간의 유연함…
C0091	C	55	여자	노점 및 이동 판매원	경기	경기-동두천시	#1인사업자 #가격깐깐	서지희 씨는 동두천에서 노점을 운영하며 내 집 마련의 꿈을 키우는, 꼼꼼하고 생활력 강한 50대 여성입니다.
C0092	C	51	남자	노점 및 이동 판매원	서울	서울-동대문구	#1인사업자 #육아	유은성 씨는 동대문구의 노점에서 성실히 일하며 가족의 미래를 준비하는, 강인함과 섬세함을 동시에 지닌 50대 가장입니다.
C0093	C	22	남자	무대 및 세트 디자이너	서울	서울-양천구	#1인사업자	이범준 씨는 공학적 설계 능력과 예술적 감각을 동시에 갖춘 22세의 무대 디자이너로, 건강 관리의 필요성과 예술적 욕구 사이에…
C0094	C	21	남자	농수산물 중개인 및 경매사	광주	광주-북구	#1인사업자 #고디지털	김준영 씨는 광주 농수산물 시장의 빠른 호흡에 적응한 21세 경매사로, 데이터 기반의 유통 혁신을 꿈꾸며 노포 탐방과 조깅으로…
C0095	C	42	남자	경영 컨설턴트	대전	대전-서구	#1인사업자 #육아	이지웅 씨는 대전 둔산동의 논리적인 환경에서 자라 금융권 컨설턴트로 활약하며, 실리를 추구하는 삶과 가족과의 소소한 식도락을 …
C0096	C	59	여자	학습지 방문강사	대구	대구-서구	#1인사업자	임희경 씨는 대구 서구에서 성실하게 살아온 베테랑 학습지 강사로, 안정적인 삶의 궤도 안에서 주변 사람들과의 조화를 중요시하며…
C0097	C	67	남자	부동산 중개사	인천	인천-연수구	#1인사업자 #약관정독 #저디지털	박형옥 씨는 연수구에서 법보다 사람의 신뢰를 앞세워 활동하는, 넉살 좋고 소박한 부동산 중개사입니다.
C0098	C	67	남자	노점 및 이동 판매원	경상남	경상남-창원시 마산합포구	#1인사업자 #저디지털	류재영 씨는 마산의 거리에서 삶의 직관을 익힌 노점상으로, 가족에 대한 깊은 애정과 일상의 소박한 평온을 지키기 위해 매일 긴…
C0099	C	28	여자	광고 디자이너	서울	서울-성동구	#1인사업자	김미르 씨는 성수동의 트렌디함과 단독주택의 정겨움을 동시에 품은 채, 실용적인 감각으로 베스트셀러를 꿈꾸는 20대 출판 광고 …
C0100	C	25	여자	문학작가	경기	경기-시흥시	#1인사업자	신소미 씨는 시흥에서 활동하는 25세의 문학작가로, 예술적 감각과 뛰어난 사교성을 가졌으나 낮은 수입과 건강 관리 소홀, 즉흥…
C0101	C	69	남자	농수산물 중개인 및 경매사	경상남	경상남-양산시	#1인사업자 #고디지털 #테크회의론	박용백 씨는 양산 시장의 전설적인 경매사로 살아오며 억척스럽게 삶을 일궈냈고, 이제는 건강 관리와 소소한 일상의 행복을 최우선…
C0102	C	58	여자	노점 및 이동 판매원	서울	서울-강북구	#1인사업자 #가격깐깐	진화숙 씨는 수유동에서 노점을 운영하며 자녀의 미래와 내 집 마련의 꿈을 위해 성실하게 살아가는, 강인함과 섬세함을 동시에 지…
C0103	C	69	남자	부동산 감정 전문가	서울	서울-강남구	#1인사업자 #저디지털	김창구 씨는 강남의 변화를 읽어낸 베테랑 부동산 감정 전문가이자, 풍경 사진과 산책으로 마음의 평온을 찾는 온화하고 보수적인 …
C0104	C	46	남자	전직 자연과학·수학 및 통계학 시간강사, 현재 구직중	경기	경기-용인시 수지구	#1인사업자 #육아 #저디지털	신태인 씨는 학구적인 자존심과 현실적인 가장의 무게 사이에서 균형을 잡으려 애쓰는, 온화한 성품 속에 내면의 불안을 간직한 전…
C0105	C	71	여자	전직 온라인 쇼핑 판매원, 현재 구직중	경기	경기-화성시	#1인사업자 #저디지털 #접근성 #테크회의론	윤순정 씨는 디지털 도구에 능숙한 전직 온라인 판매자로, 화성시에서 새로운 사회적 역할을 찾으며 배움과 소통을 멈추지 않는 활…
C0106	C	73	여자	전직 경영 컨설턴트, 현재 구직중	부산	부산-남구	#1인사업자 #저디지털 #접근성 #테크회의론	김영희 씨는 인문학적 소양과 전문적인 경영 식견을 갖춘 부산 남구의 70대 여성으로, 가족의 사랑 속에서 지역 사회에 기여할 …
C0107	C	62	남자	소규모 상점 경영자	서울	서울-도봉구	#1인사업자	정동수 씨는 도봉구 방학동의 성실함을 대변하는 소상공인으로, 실용적인 삶의 태도와 가족에 대한 책임감을 가진 현실주의자입니다.
C0108	C	63	남자	경영 컨설턴트	충청북	충청북-청주시 상당구	#1인사업자 #테크회의론	이상종 씨는 농업 경영 컨설턴트로서의 실무 능력과 충청도 특유의 신중함을 지녔으며, 당뇨 관리와 가족과의 평온한 일상을 중요하…
C0109	C	54	남자	전직 노점 및 이동 판매원, 현재 구직중	경기	경기-고양시 덕양구	#1인사업자 #저디지털	신정헌 씨는 거리의 판매원으로 다져진 능숙한 처세술과 예민한 감수성을 동시에 지닌 채, 고양시에서 소박하고 안정적인 노후를 준…
C0110	C	32	남자	온라인 쇼핑 판매원	서울	서울-용산구	#1인사업자 #고디지털	정도윤 씨는 공학적 분석력과 유연한 소통 능력을 갖춘 온라인 쇼핑몰 운영자로, 식도락의 즐거움과 건강 관리 사이에서 매일 치열…
C0111	C	63	남자	부동산 중개사	부산	부산-수영구	#1인사업자 #테크회의론	윤영규 씨는 예술적 감수성과 꼼꼼한 업무 능력을 겸비한 수영구의 부동산 중개사로, 건강 관리와 소박한 일상 속의 관계를 소중히…
C0112	C	58	여자	온라인 쇼핑 판매원	경상북	경상북-영주시	#1인사업자 #고디지털	손미옥 씨는 공학적 정밀함으로 온라인 상점을 운영하며, 영주의 자연 속에서 체계적이고 정갈한 일상을 가꾸는 50대 여성입니다.
C0113	C	32	남자	부동산 감정 전문가	대구	대구-동구	#1인사업자 #육아	장훈 씨는 대구에서 활동하는 꼼꼼한 부동산 감정 전문가로, 공학적 전문성과 타인에 대한 배려심을 갖췄지만 복부 비만과 혈당 관…
C0114	C	79	여자	반려동물 미용사	대전	대전-중구	#1인사업자 #저디지털 #접근성	라인심 씨는 대전 중구에서 반려견 미용실을 운영하며 어머니를 모시고 사는, 신앙심 깊고 성실한 79세 할머니입니다.
C0115	C	64	남자	노점 및 이동 판매원	인천	인천-남동구	#1인사업자 #저디지털	윤용오 씨는 인천 남동구 시장의 생존 본능과 낚시의 정적이 공존하는, 책임감 강하고 유연한 60대 가장입니다.
C0116	C	25	여자	학습지 방문강사	울산	울산-울주군	#1인사업자	안수연 씨는 수학적 상상력을 교육에 접목해 아이들을 가르치는 방문강사로, 빵과 와인을 사랑하며 활동적인 여가 생활을 즐기는 울…
C0117	C	24	여자	노점 및 이동 판매원	전라남	전라남-여수시	#1인사업자 #가격깐깐 #창업준비	황규리 씨는 여수 거리의 활기찬 영업 감각과 섬세한 미적 취향을 동시에 가진, 야무진 20대 예비 창업가입니다.
C0118	C	70	남자	노점 및 이동 판매원	광주	광주-서구	#1인사업자 #저디지털 #접근성	이철수 씨는 광주 서구에서 리어카 장사로 잔뼈가 굵은 70대 어르신으로, 사람들과 어울리는 것을 좋아하며 소박한 일상의 행복을…
C0119	C	23	남자	부동산 감정 전문가	인천	인천-남동구	#1인사업자 #약관정독	남수현 씨는 인천 남동구에서 성실하게 경력을 쌓아가는 23세 부동산 감정 전문가로, 정적인 취미와 가족 중심의 삶을 통해 내면…
C0120	C	29	여자	온라인 쇼핑 판매원	인천	인천-중구	#1인사업자 #고디지털	윤희수 씨는 인천에서 스마트스토어를 운영하며 달콤한 빵집 투어와 소박한 일상의 균형을 찾아가는, 겉으로는 차분하지만 내면에는 …
C0121	C	50	여자	학습지 방문강사	강원	강원-원주시	#1인사업자 #육아	유현주 씨는 원주에서 아이들을 가르치는 학습지 강사이자, 타인의 마음을 섬세하게 읽어내는 따뜻한 중재자이며 자연과 휴식 속에서…
C0122	C	43	여자	경영 컨설턴트	서울	서울-양천구	#1인사업자 #고디지털 #육아	김지은 씨는 완벽주의적 성향을 가진 부동산 컨설턴트로, 지적인 성취욕과 가족에 대한 애정, 그리고 일상의 정갈함을 동시에 추구…
C0123	C	41	여자	온라인 쇼핑 판매원	경기	경기-파주시	#1인사업자 #고디지털 #육아	신나영 씨는 농학 전공을 살려 온라인 숍을 운영하는 파주의 40대 여성으로, 수영과 빵집 투어, 동물의 숲 게임을 통해 일상의…
C0124	C	54	여자	소규모 상점 경영자	부산	부산-금정구	#1인사업자 #가격깐깐 #육아	박현지 씨는 부산 금정구에서 성실하게 상점을 운영하며, 가족의 안정과 소박한 자연의 아름다움을 삶의 가장 큰 가치로 여기는 5…
C0125	C	78	남자	노점 및 이동 판매원	충청남	충청남-천안시 서북구	#1인사업자 #저디지털 #접근성	안환영 씨는 천안에서 성실하게 노점을 운영하며 자립적인 삶을 꾸리는 70대 후반의 상인으로, 철저한 자기관리와 온화한 성품을 …
C0126	C	71	여자	소규모 상점 경영자	경기	경기-구리시	#1인사업자 #가격깐깐 #저디지털 #접근성	이정희 씨는 구리시에서 잡화점을 운영하며 억척스러운 생활력과 철저한 자기관리로 독립적인 삶을 일궈낸 70대 여성입니다.
C0127	C	64	남자	부동산 컨설턴트	서울	서울-서초구	#1인사업자 #고디지털	김인호 씨는 서초구의 정갈한 삶의 태도와 부동산 전문성을 갖췄지만, 내면에는 주거 불안과 건강 염려를 안고 살아가는 60대 가…
C0128	C	59	남자	노점 및 이동 판매원	서울	서울-강남구	#1인사업자	김상진 씨는 강남의 변화무쌍한 거리에서 노점을 운영하며 가족을 부양해 온, 성실함과 불안함이 공존하는 50대 가장입니다.
C0129	C	48	여자	온라인 쇼핑 판매원	전라남	전라남-나주시	#1인사업자 #육아	장미진 씨는 나주의 고즈넉한 풍경 속에서 인문학적 감성과 실용적인 삶의 균형을 잡으며, 가족과 함께하는 소박한 일상과 작은 온…
C0130	C	63	남자	소규모 상점 경영자	인천	인천-미추홀구	#1인사업자	김현선 씨는 인천의 골목 상권에서 잔뼈가 굵은 경영자이자, 고독을 예술적 감성으로 승화시키며 살아가는 낭만적인 60대 남성입니…
C0131	C	50	여자	온라인 쇼핑 판매원	제주	제주-제주시	#1인사업자 #육아 #테크회의론	이효임 씨는 제주의 자연과 인문학적 소양을 사업에 녹여내며, 3세대 가족의 중심에서 안정과 화목을 일구는 50대 여성입니다.
C0132	C	20	남자	부동산 컨설턴트	경상남	경상남-진주시	#1인사업자 #창업준비	심윤호 씨는 진주의 지역 정서와 디지털 감각을 모두 갖춘 20세 부동산 컨설턴트로, 외모 가꾸기와 게임을 즐기며 성공적인 창업…
C0133	C	42	여자	노점 및 이동 판매원	충청북	충청북-청주시 흥덕구	#1인사업자	윤에라 씨는 청주에서 노점을 운영하며 가족을 살뜰히 챙기는 42세 여성으로, 수영과 빵지순례라는 확실한 취향을 통해 고단한 삶…
C0134	C	45	남자	소규모 상점 경영자	경기	경기-평택시	#1인사업자 #테크회의론	전유민 씨는 공학적 이성과 예술적 감성을 동시에 갖춘 평택의 성공한 소상공인으로, 타인에 대한 깊은 공감 능력과 여유로운 취향…
C0135	C	36	남자	정보 통신기술 분야 시간강사	서울	서울-관악구	#1인사업자	김종찬 씨는 안정적인 미래를 갈망하며 성실하게 강의 준비에 매진하는, 어머니의 사랑과 소박한 미식으로 삶을 지탱하는 30대 I…
C0136	C	50	남자	소규모 상점 경영자	충청북	충청북-제천시	#1인사업자 #약관정독 #육아 #테크회의론	김윤재 씨는 제천에서 실속 있게 상점을 운영하며 가족의 안녕과 자신의 건강한 노후를 치밀하게 준비하는 현실적인 가장입니다.
C0137	C	26	여자	경영 컨설턴트	서울	서울-강남구	#1인사업자 #가격깐깐 #고디지털	이수빈 씨는 강남의 경쟁적인 환경에서 성장해 실용적인 가치관과 철저한 계획성을 갖춘 26세의 냉철한 경영 컨설턴트입니다.
C0138	C	23	남자	농수산물 중개인 및 경매사	충청남	충청남-예산군	#1인사업자	김동주 씨는 예산 시장에서 전문성을 키워가는 20대 경매사로, 소박한 일상과 독립적인 내면 세계를 조화롭게 가꾸며 내 집 마련…
C0139	C	39	남자	온라인 쇼핑 판매원	대전	대전-동구	#1인사업자 #약관정독	남명길 씨는 법학 지식을 갖춘 감각적인 온라인 판매자로, 대전 동구에서 친구들과 공동 생활을 하며 미식과 예술적 휴식을 즐기는…
C0140	C	29	여자	그 외 제품 디자이너	전북	전북-전주시 완산구	#1인사업자 #육아	김지민 씨는 전주에서 활동하는 실용주의 제품 디자이너로, 사람들과 어울리는 활기찬 일상과 개인적인 휴식의 균형을 맞추며 살아가…
C0141	C	78	남자	노점 및 이동 판매원	경기	경기-남양주시	#1인사업자 #저디지털 #접근성	문윤학 씨는 남양주에서 리어카를 끄는 성실한 노점상으로, 고단한 삶 속에서도 아내와 소박한 외식을 즐기며 종교와 사진으로 마음…
C0142	C	48	남자	보험 중개인	울산	울산-남구	#1인사업자 #약관정독 #육아 #테크회의론	김관호 씨는 울산 남구에서 신뢰받는 보험 중개인으로 활동하며, 가족에 대한 사랑과 지역 사회의 정을 중요하게 여기는 푸근한 인…
C0143	C	65	여자	경영 컨설턴트	서울	서울-강동구	#1인사업자 #가격깐깐 #약관정독 #저디지털	김혜성 씨는 강동구에서 부동산 전문성을 바탕으로 자립적인 삶을 꾸리며, 절제된 일상과 소박한 휴식 속에서 평온함을 찾는 60대…
C0144	C	38	여자	소규모 상점 경영자	경기	경기-수원시 권선구	#1인사업자 #육아 #테크회의론	장현정 씨는 수원에서 꼼꼼하게 가게를 운영하며 가족의 행복과 자신의 작은 성장을 동시에 일궈가는 책임감 강한 30대 여성 사업…
C0145	C	47	남자	소규모 상점 경영자	강원	강원-강릉시	#1인사업자 #육아	박진호 씨는 강릉의 정서와 이웃 관계를 소중히 여기며, 안정적인 가게 운영과 부모님 부양 사이에서 자신의 자리를 지키는 40대…
C0146	C	47	여자	경영 컨설턴트	경기	경기-남양주시	#1인사업자 #육아 #테크회의론	김혜련 씨는 남양주에 거주하며 웰니스 경영을 꿈꾸는 고소득 컨설턴트로, 건강 관리의 필요성과 식도락의 즐거움 사이에서 아슬아슬…
C0147	C	37	남자	온라인 쇼핑 판매원	경기	경기-의왕시	#1인사업자 #고디지털 #육아	유택균 씨는 법학 지식을 활용한 스마트한 온라인 판매자로, 가족의 행복과 내 집 마련이라는 현실적인 목표를 향해 달리는 37세…
C0148	C	66	남자	경영 컨설턴트	대전	대전-유성구	#1인사업자 #고디지털	성형진 씨는 대전 유성구에서 활동하는 깐깐한 경영 컨설턴트로, 원칙 중심의 삶과 건강 사이의 갈등을 겪으며 안정적인 노후를 준…
C0149	C	70	남자	경영 컨설턴트	서울	서울-종로구	#1인사업자 #저디지털 #접근성 #창업준비	박영수 씨는 옛것의 가치를 소중히 여기는 태도와 현대적인 경영 전문성을 동시에 갖춘, 고독하지만 단정한 삶을 꾸려가는 70대 …
C0150	C	29	남자	온라인 쇼핑 판매원	경기	경기-남양주시	#1인사업자 #고디지털	임현성 씨는 수학적 분석력과 상업적 감각을 겸비한 온라인 판매자로, 다산동에서 3세대 가족과 어우러져 살며 건강 관리와 식도락…
C0151	C	22	남자	온라인 쇼핑 판매원	서울	서울-강동구	#1인사업자 #고디지털	박승우 씨는 정보통신기술 전공 지식을 활용해 온라인 쇼핑몰을 운영하는 22세 청년으로, 데이터 분석 역량과 느긋한 삶의 태도를…
C0152	C	20	여자	학습지 방문강사	서울	서울-서대문구	#1인사업자	전예진 씨는 서대문구에서 활동하는 20세 학습지 강사로, 빠듯한 경제 상황 속에서도 아동 교육 전문가라는 꿈을 향해 나아가는 …
C0153	C	40	남자	소규모 상점 경영자	대구	대구-서구	#1인사업자 #육아	이정훈 씨는 대구 서구에서 성실하게 상점을 운영하며 가족의 안정을 최우선으로 여기지만, 업무 스트레스를 흡연과 음주로 풀며 건…
C0154	C	40	여자	학습지 방문강사	울산	울산-울주군	#1인사업자 #육아 #테크회의론	이시내 씨는 울산 울주군에서 학습지 강사로 일하며, 적당한 소득과 낮잠의 여유, 그리고 가족과 친구들과의 소소한 즐거움을 추구…
C0155	C	57	여자	경영 컨설턴트	서울	서울-용산구	#1인사업자 #고디지털 #테크회의론	지금이 씨는 용산구 자가 아파트에 거주하며 꼼꼼한 분석력과 실용적인 해결책으로 신뢰받는 50대 후반의 베테랑 경영 컨설턴트입니…
C0156	C	70	남자	온라인 쇼핑 판매원	전라남	전라남-나주시	#1인사업자 #고디지털 #접근성	김철호 씨는 나주 지역의 넉넉한 인심과 온라인 판매 역량을 결합해 여유로운 노후를 보내는, 소박한 일상과 가족의 평온함을 사랑…
C0157	C	27	남자	노점 및 이동 판매원	대구	대구-달서구	#1인사업자	이윤호 씨는 대구 달서구에서 눈썰미 좋게 장사를 하며, 사우나와 웹툰으로 스트레스를 푸는 현실적이고 싹싹한 20대 청년입니다.
C0158	C	24	여자	소규모 상점 경영자	서울	서울-관악구	#1인사업자	정요원 씨는 서비스 전공의 전문성을 바탕으로 샤로수길에서 작은 상점을 경영하는, 실용적이고 독립적인 24세 청년 사업가입니다.
C0159	C	37	남자	전직 정보 통신 컨설턴트, 현재 구직중	경기	경기-오산시	#1인사업자 #고디지털 #보안민감 #육아	김철 씨는 분석적인 IT 전문가의 역량과 소박한 가족애를 가진 채, 오산의 작은 집에서 재도약을 꿈꾸는 37세 가장입니다.
C0160	C	35	여자	보험 중개인	경기	경기-남양주시	#1인사업자 #약관정독 #육아 #테크회의론	김민희 씨는 남양주에 거주하며 철저한 업무 처리 능력을 갖춘 보험 중개인이자, 인문학적 소양과 예술적 감성을 간직한 채 가족과…
C0161	C	38	남자	경영 컨설턴트	인천	인천-부평구	#1인사업자 #육아	최상범 씨는 인천 부평에 거주하며 협회 컨설턴트로 일하는 38세 가장으로, 가족을 향한 깊은 애정과 현실적인 업무 능력을 겸비…
C0162	C	43	남자	경영 컨설턴트	서울	서울-강남구	#1인사업자 #고디지털 #테크회의론	김승현 씨는 공학적 정밀함과 경영적 통찰력을 겸비한 강남의 컨설턴트로, 완벽주의적 성향과 세련된 예술적 취향을 동시에 가진 인…
C0163	C	67	남자	농수산물 중개인 및 경매사	부산	부산-수영구	#1인사업자 #저디지털	신창우 씨는 부산의 베테랑 수산물 경매사로서 공학적 논리와 상인의 유연함을 모두 갖췄으며, 역사 여행과 격투 스포츠를 즐기는 …
C0164	C	55	여자	노점 및 이동 판매원	서울	서울-성북구	#1인사업자 #가격깐깐	홍정희 씨는 성북구에서 성실하게 노점을 운영하며 내 집 마련의 꿈과 가족의 안녕을 위해 꼼꼼하게 삶을 일궈가는 50대 여성입니…
C0165	C	64	남자	그 외 제품 디자이너	대전	대전-동구	#1인사업자 #약관정독	김창석 씨는 법학의 논리와 디자인의 심미성을 결합해 음식점 가구를 만드는 대전의 장인으로, 안정적인 삶 속에서 소소한 일상의 …
C0166	C	50	여자	부동산 감정 전문가	경기	경기-용인시 기흥구	#1인사업자 #육아 #테크회의론	장경아 씨는 냉철한 분석력을 가진 부동산 감정 전문가이자, 성당 공동체와 가족 안에서 조화와 예의를 중시하며 살아가는 따뜻한 …
C0167	C	66	여자	온라인 쇼핑 판매원	부산	부산-사상구	#1인사업자 #저디지털	이경원 씨는 부산 사상구에서 온라인 쇼핑몰을 운영하며 성실하게 노후를 준비하는, 다정하면서도 섬세한 감성을 지닌 60대 여성입…
C0168	C	45	남자	경영 컨설턴트	서울	서울-강동구	#1인사업자 #육아	황경용 씨는 강동구에 거주하며 공학적 전문성을 바탕으로 기업의 효율을 조율하는 경영 컨설턴트이자, 가족과 자연 속의 휴식을 통…
C0169	C	74	남자	부동산 중개사	충청북	충청북-청주시 흥덕구	#1인사업자 #가격깐깐 #약관정독 #저디지털 #접근성	노인수 씨는 청주 흥덕구에서 꼼꼼함으로 인정받는 부동산 중개사이며, 성지순례와 가족 외식을 통해 삶의 평안을 찾는 따뜻하고 헌…
C0170	C	51	남자	노점 및 이동 판매원	경기	경기-안양시 동안구	#1인사업자 #저디지털	김정현 씨는 안양 범계역에서 잡화 노점을 운영하며 외로움과 건강 악화를 견디고 있지만, 작은 가판대 하나를 가질 수 있는 안정…
C0171	C	39	남자	경영 컨설턴트	경기	경기-부천시 소사구	#1인사업자	이기봉 씨는 효율과 논리를 중시하는 냉철한 금융 컨설턴트이지만, 퇴근 후에는 일식과 사우나로 힐링하는 부천의 39세 미혼 남성…
C0172	C	52	여자	부동산 감정 전문가	대전	대전-서구	#1인사업자 #테크회의론	권지은 씨는 치밀한 전문성과 정중한 태도를 갖췄으나, 집 안의 정적과 소박한 일상에서 비로소 숨을 쉬는 내향적인 부동산 전문가…
C0173	C	31	여자	온라인 쇼핑 판매원	강원	강원-춘천시	#1인사업자 #고디지털 #육아	전현희 씨는 춘천의 조용한 단독주택에서 아이를 키우며 분석적인 공학 지식으로 스마트스토어를 운영하는, 효율과 휴식의 균형을 찾…
C0174	C	66	여자	학습지 방문강사	경기	경기-안성시	#1인사업자 #저디지털 #테크회의론	임상분 씨는 안성에서 아이들을 가르치며 인문학적 소양과 여유를 간직한 채 가족과 함께 소박한 행복을 일궈가는 60대 여성입니다…
C0175	C	43	남자	온라인 쇼핑 판매원	서울	서울-서대문구	#1인사업자 #고디지털 #육아	이희진 씨는 서대문구에서 스마트스토어를 운영하며 가족의 행복과 내실 있는 성장을 꿈꾸는, 꼼꼼함과 부드러움을 겸비한 40대 가…
C0176	C	20	남자	학습지 방문강사	대구	대구-북구	#1인사업자	장시헌 씨는 대구 북구에서 성실하게 방문 강사로 일하며 훗날 자신만의 공부방을 꿈꾸는, 롤과 팔공산의 정취를 사랑하는 현실적인…
C0177	C	34	남자	경영 컨설턴트	서울	서울-관악구	#1인사업자 #저디지털	박태윤 씨는 예술적 감수성과 경영 실무 능력을 동시에 갖춘 30대 컨설턴트로, 치열한 경쟁 사회 속에서도 나름의 여유와 인문학…
C0178	C	44	남자	소규모 상점 경영자	경기	경기-시흥시	#1인사업자 #육아 #테크회의론	이병환 씨는 시흥 정왕동에서 꼼꼼한 경영 능력과 친화력으로 상점을 운영하며, 가족의 안녕과 빵집 투어라는 소박한 행복을 쫓는 …
C0179	C	41	여자	온라인 쇼핑 판매원	서울	서울-관악구	#1인사업자 #고디지털 #육아	박유진 씨는 신림동에서 스마트스토어를 운영하며 내 집 마련의 꿈을 키워가는, 생활력 강하고 감각적인 40대 어머니입니다.
C0180	C	32	남자	경영 컨설턴트	경기	경기-구리시	#1인사업자 #약관정독 #육아	정지연 씨는 구리시에 거주하며 전문적인 컨설팅 역량과 안정적인 자산을 갖추었지만, 식습관으로 인한 건강 관리라는 숙제를 안고 …
C0181	C	24	남자	경영 컨설턴트	부산	부산-부산진구	#1인사업자 #고디지털	김재성 씨는 부산진구 서면의 도심 감성과 보건복지 전공 역량을 결합해 성장하려는, 외모 가꾸기에 진심인 고도비만 사회초년생 경…
C0182	C	69	남자	사진작가	경기	경기-수원시 권선구	#1인사업자 #저디지털	손춘식 씨는 공학적 정밀함으로 찰나의 감성을 기록하며 수원 권선구에서 3세대 가족과 함께 살아가는 고집 센 사진작가입니다.
C0183	C	26	여자	전직 기업 대표이사, 현재 구직중	서울	서울-강남구	#1인사업자 #약관정독 #테크회의론	유영서 씨는 강남의 자가 아파트에 거주하며 보험사 경영 경험을 가진, 느긋한 일상과 야심 찬 커리어 목표를 동시에 품은 26세…
C0184	C	31	남자	경영 컨설턴트	서울	서울-강동구	#1인사업자 #육아 #테크회의론	신민오 씨는 공학적 논리와 컨설턴트의 유연함을 겸비한 30대 직장인으로, 사회적 성공과 개인적 게으름 사이에서 아슬아슬한 균형…
C0185	C	34	남자	전직 소규모 상점 경영자, 현재 구직중	서울	서울-송파구	#1인사업자	임영준 씨는 예술적 취향과 다정한 성품을 가졌지만, 구직 중의 불안함과 느긋한 생활 습관 사이에서 갈등하는 30대 중반의 전직…
C0186	C	41	여자	그 외 제품 디자이너	충청남	충청남-천안시 서북구	#1인사업자	안하나 씨는 천안의 자동차 산업 현장에서 완벽을 기하는 CMF 디자이너이자, 퇴근 후 불당동의 도시적 감성과 부모님 댁의 안온…
C0187	C	59	여자	기업 대표이사	서울	서울-관악구	#1인사업자 #창업준비	노진숙 씨는 인문학적 소양을 사업으로 연결한 성공한 여성 기업가이자, 숲과 식물을 사랑하며 고혈압과 비만이라는 건강 과제를 안…
C0188	C	62	여자	전직 노점 및 이동 판매원, 현재 구직중	강원	강원-삼척시	#1인사업자	김시은 씨는 삼척에서 시장 상인으로 활약했던 수완과 손재주를 가진 60대 여성으로, 건강 관리와 소소한 일자리 찾기를 통해 활…
C0189	C	47	남자	소규모 상점 일선 관리 종사원	부산	부산-해운대구	#1인사업자 #육아 #테크회의론	홍현 씨는 해운대에서 전공을 살려 식료품점을 운영하며, 건강 고민과 가족에 대한 책임감을 안고 살아가는 사교적인 40대 가장입…
C0190	C	57	남자	경영 컨설턴트	경상남	경상남-진주시	#1인사업자	이재성 씨는 분석적인 통찰력과 보수적인 가치관을 동시에 가진 진주의 경영 컨설턴트로, 건강상의 위협 속에서도 소박한 일상의 질…
C0191	C	34	남자	경영 컨설턴트	부산	부산-동구	#1인사업자 #테크회의론	손연호 씨는 높은 소득과 사교성을 갖춘 부산의 경영 컨설턴트지만, 복부 비만과 혈압 관리라는 숙제를 안고 살아가는 30대 가장…
C0192	C	54	여자	노점 및 이동 판매원	경기	경기-안산시 상록구	#1인사업자 #육아	정희 씨는 안산에서 노점을 운영하며 억척스럽게 가족을 부양해온, 정 많고 입담 좋은 50대 어머니입니다.
C0193	C	46	남자	학습지 방문강사	인천	인천-남동구	#1인사업자 #육아	신종수 씨는 인천 남동구에서 가족을 위해 헌신하며 학습지 강사로 성실히 살아가는, 조금은 넉넉지 못한 형편에도 마음만은 따뜻한…
C0194	C	55	남자	학습지 방문강사	경기	경기-성남시 분당구	#1인사업자 #육아	안정민 씨는 수학적 논리와 예술적 감성을 동시에 품은 채 분당에서 방문강사로 일하며, 당뇨라는 건강상의 제약과 경제적 결핍 속…
C0195	C	61	남자	부동산 중개사	강원	강원-춘천시	#1인사업자 #약관정독	이관용 씨는 춘천의 땅과 사람을 잘 아는 베테랑 부동산 중개사이자, 가족의 안정과 소박한 노후를 꿈꾸는 현실적인 60대 가장입…
C0196	C	35	여자	그 외 상품 중개인 및 경매사	인천	인천-계양구	#1인사업자 #육아	임미선 씨는 인천 계양구의 억척스러운 생활력과 따뜻한 정을 모두 갖춘, 가족의 안정을 위해 달리는 30대 중개인 엄마입니다.
C0197	C	30	여자	경영 컨설턴트	경기	경기-파주시	#1인사업자 #육아	서하율 씨는 파주에 거주하며 예술적 감성과 비즈니스적 통찰력을 동시에 갖춘, 독립적인 브랜드 런칭을 꿈꾸는 30대 여성 경영 …
C0198	C	53	남자	경영 컨설턴트	강원	강원-강릉시	#1인사업자	김승영 씨는 강릉의 여유와 건설 현장의 치열함을 동시에 품은 채, 어머니와의 정과 혼자만의 고독 사이에서 균형을 잡으며 살아가…
C0199	C	64	여자	사진작가	전북	전북-군산시	#1인사업자	양옥희 씨는 군산의 풍경을 담는 사진작가이자 다정하고 예민한 성정을 가진 60대 여성으로, 소박한 일상과 이웃 간의 정 속에서…
C0200	C	48	남자	부동산 컨설턴트	인천	인천-강화군	#1인사업자 #약관정독 #육아 #테크회의론	문재호 씨는 공학적 분석력과 특유의 친화력으로 강화도 지역 사회에 깊숙이 뿌리 내린 부동산 컨설팅 전문가이자 다정한 가장입니다…
C0201	C	30	남자	게임 그래픽 디자이너	서울	서울-서초구	#1인사업자 #육아	서종민 씨는 서초구에 거주하며 유니티 기반의 게임 그래픽을 설계하는 30대 디자이너로, 안정적인 삶의 기반 위에서 예술적 성취…
C0202	C	47	여자	방송 및 시나리오 작가	서울	서울-동작구	#1인사업자	전정화 씨는 동작구의 골목 정서와 현장 경험을 밑거름 삼아 인물의 심연을 그려내는 시나리오 작가로, 정적인 취향과 예술적 갈망…
C0203	C	33	여자	전직 학습지 방문강사, 현재 구직중	세종	세종-세종시	#1인사업자 #육아	이윤지 씨는 세종시의 안정적인 환경 속에서 전직 학습지 강사의 소통 역량을 갖춘 채, 소소한 기록과 배드민턴으로 삶의 균형을 …
C0204	C	21	남자	전직 온라인 쇼핑 판매원, 현재 구직중	인천	인천-연수구	#1인사업자 #고디지털	여홍서 씨는 실용적인 업무 감각과 예의를 겸비한 21세 청년으로, 물류 전문가를 꿈꾸며 송도의 일상과 역사 여행을 즐기는 구직…
C0205	C	68	남자	학습지 방문강사	서울	서울-도봉구	#1인사업자 #저디지털	최재명 씨는 도봉산 자락에 내 집 마련의 꿈을 이룬 성실한 가장이자, 세심한 기록과 소통 능력으로 아이들을 가르치는 60대 베…
C0206	C	31	남자	공학·제조 및 건설 분야 시간강사	세종	세종-세종시	#1인사업자 #약관정독	김정수 씨는 세종시에 거주하며 전임 교수를 꿈꾸는 31세의 공학 분야 시간강사로, 원칙 중심의 삶과 소소한 게으름 사이에서 균…
C0207	C	75	남자	부동산 감정 전문가	서울	서울-광진구	#1인사업자 #저디지털 #접근성	김세연 씨는 광진구의 거리와 건축물을 사랑하는 75세의 감정 전문가로, 사람 사이의 온기와 아차산의 자연을 벗 삼아 느긋하고 …
C0208	C	47	여자	학습지 방문강사	충청남	충청남-논산시	#1인사업자	채건희 씨는 논산 탑정호의 평온함을 닮은 방문강사로, 서툰 행정 능력과 건강 고민을 안고 살아가지만 특유의 공감 능력으로 주변…
C0209	C	20	남자	농수산물 중개인 및 경매사	경기	경기-김포시	#1인사업자	성태양 씨는 김포의 거친 경매 시장과 정적인 예술 세계를 동시에 품고 살아가는, 다정한 성격의 20세 청년 경매사입니다.
C0210	C	38	여자	기업 대표이사	서울	서울-성동구	#1인사업자 #고디지털 #육아	박규미 씨는 인문학적 소양을 IT 경영에 접목한 세심한 대표이사로, 성수동의 정적인 일상과 가족과의 고요한 시간을 통해 내면의…
C0211	C	32	여자	경영 컨설턴트	서울	서울-관악구	#1인사업자 #고디지털	한미진 씨는 관악구에 자가를 보유한 유능한 경영 컨설턴트로, 평일에는 날카로운 분석력으로 업계의 영향력을 키우고 주말에는 홀로…
C0212	C	52	남자	경영 컨설턴트	서울	서울-송파구	#1인사업자 #육아	서종연 씨는 높은 사회적 성취를 이룬 경영 컨설턴트이지만, 가족 부양의 책임과 성인병이라는 현실적 과제 사이에서 균형을 잡으려…
C0213	C	31	남자	게임 그래픽 디자이너	서울	서울-양천구	#1인사업자	이성일 씨는 양천구에 거주하며 예술적 감각과 기술력을 겸비한 게임 그래픽 디자이너이자, 역사 여행과 맛집 탐방을 즐기지만 건강…
C0214	C	30	여자	미용사	경기	경기-양주시	#1인사업자 #육아	이진영 씨는 양주에서 근무하는 숙련된 미용사로, 규칙적인 운동과 정갈한 식습관을 통해 안정을 추구하며 주변 사람들과 조화롭게 …
C0215	C	57	남자	학습지 방문강사	경상남	경상남-양산시	#1인사업자	박영기 씨는 양산에서 성실하게 학습지 강사로 일하며 가족의 화목과 일상의 안정을 최우선으로 여기는, 정이 많고 투박한 50대 …
C0216	C	28	남자	농수산물 중개인 및 경매사	충청남	충청남-서산시	#1인사업자	오병욱 씨는 서산 농수산물 시장의 생리를 꿰뚫고 있는 유능한 경매사이자, 운동과 독서로 내면의 균형을 잡으려 노력하는 성실한 …
C0217	C	32	남자	그 외 시각 디자이너	서울	서울-용산구	#1인사업자 #고디지털	신종혁 씨는 용산구에 거주하며 1픽셀의 오차도 용납하지 않는 철저함으로 전문 서적을 만드는 32세의 시각 디자이너입니다.
C0218	C	57	여자	학습지 방문강사	서울	서울-중랑구	#1인사업자	함상선 씨는 중랑구의 골목정을 품은 베테랑 학습지 강사로, 타인에 대한 깊은 공감 능력과 소박한 일상의 행복을 소중히 여기는 …
C0219	C	59	여자	학습지 방문강사	서울	서울-서초구	#1인사업자	전희정 씨는 서초구에서 학습지 강사로 일하며 당뇨와 고혈압을 관리하고, 자녀의 완전한 자립을 위해 묵묵히 헌신하는 강인하고 섬…
C0220	C	24	남자	그 외 제품 디자이너	충청남	충청남-논산시	#1인사업자	강경태 씨는 논산에 거주하며 자동차 내장재를 디자인하는 24세 청년으로, 세련된 예술적 감각과 소탈한 충청도 청년의 모습, 그…
C0221	C	28	여자	학습지 방문강사	대전	대전-서구	#1인사업자	김다겸 씨는 대전 둔산동의 세련된 도시 감성과 갑천의 평온함을 동시에 품은 채, 자신만의 실속 있는 미래를 설계하는 독립적인 …
C0222	C	33	여자	의상 디자이너	서울	서울-강서구	#1인사업자 #약관정독 #저디지털	우태은 씨는 법학 지식을 갖춘 실용주의 의상 디자이너로, 화곡동 자가 주택에서 홀로 지내며 정적인 휴식과 탄탄한 기본 아이템 …
C0223	C	68	남자	농수산물 중개인 및 경매사	광주	광주-서구	#1인사업자 #가격깐깐 #저디지털	백만수 씨는 예술적 감수성과 시장통의 치열함을 동시에 품은, 꼼꼼한 장부 관리와 따뜻한 인심을 겸비한 60대 중개인입니다.
C0224	C	57	남자	기업 대표이사	대구	대구-달서구	#1인사업자 #테크회의론	김명열 씨는 대구 달서구에서 건설사를 운영하는 자수성가형 기업가로, 꼼꼼한 일 처리와 가족에 대한 깊은 책임감을 바탕으로 안정…
C0225	C	27	남자	농수산물 중개인 및 경매사	서울	서울-용산구	#1인사업자 #약관정독	염우진 씨는 용산의 시장 바닥에서 익힌 실용적인 생존 감각과 대학로의 예술적 감수성을 동시에 품은 27세의 농수산물 경매사입니…
C0226	C	22	여자	학습지 방문강사	서울	서울-서초구	#1인사업자 #고디지털	장다은 씨는 서초구에서 활동하는 꼼꼼한 학습지 강사로, 정적인 취향과 배려심 깊은 성격을 가진 22세 청년입니다.
C0227	C	47	여자	농수산물 중개인 및 경매사	대구	대구-남구	#1인사업자 #육아	김영희 씨는 대구 농수산물 시장의 베테랑 경매사로서 실리를 추구하는 강인함과 홀로 자연을 찾는 고요한 내면을 동시에 지닌 40…
C0228	C	57	여자	농수산물 중개인 및 경매사	인천	인천-강화군	#1인사업자 #테크회의론	김혜원 씨는 강화도 농수산물 경매 현장의 베테랑이자, 가족과 친구를 아끼며 소소한 미용과 빵집 투어에서 행복을 찾는 현실적인 …
C0229	C	20	남자	사진작가	경기	경기-남양주시	#1인사업자	박채운 씨는 남양주를 기반으로 활동하며 따뜻한 감성의 인물 사진을 찍는 20세 프리랜서 작가로, 사람들과의 교류를 즐기지만 내…
C0230	C	41	여자	학습지 방문강사	서울	서울-마포구	#1인사업자 #육아	김미경 씨는 마포구에서 아이들을 가르치는 성실한 학습지 강사로, 부모님과 함께 살며 소박한 일상과 자연 속의 휴식을 사랑하는 …
C0231	C	38	남자	교육 분야 시간강사	서울	서울-마포구	#1인사업자 #고디지털 #육아	이인규 씨는 교육학 석사의 학문적 자부심과 시간강사라는 불안정한 현실 사이에서 갈등하며, 가족을 위해 내 집 마련을 꿈꾸는 3…
C0232	C	27	여자	학습지 방문강사	서울	서울-은평구	#1인사업자	윤민하 씨는 북한산의 여유와 도심의 활기를 동시에 품은 채, 아이들을 가르치는 다정함과 자신의 미래를 설계하는 철저함을 겸비한…
C0233	C	28	남자	농수산물 중개인 및 경매사	광주	광주-서구	#1인사업자	윤석호 씨는 광주 시장통의 활기와 개인적인 고독 사이를 오가며, 가족에 대한 책임감과 미래에 대한 불안을 안고 살아가는 20대…
C0234	C	51	남자	그 외 제품 디자이너	부산	부산-동래구	#1인사업자 #육아 #저디지털	최인선 씨는 동래구의 고즈넉한 단독주택에 거주하며 디테일에 집착하는 숙련된 제품 디자이너이자, 가족과 친구를 아끼는 속 깊고 …
C0235	C	77	여자	부동산 중개사	서울	서울-강서구	#1인사업자 #약관정독 #저디지털 #접근성	박용자 씨는 강서구의 변천사를 몸소 겪으며 성실함과 꼼꼼함으로 일궈낸 부동산 중개사로서, 규칙적인 생활과 자기관리를 통해 건강…
C0236	C	22	여자	그 외 제품 디자이너	서울	서울-동대문구	#1인사업자	여지민 씨는 동대문구의 옛 정취와 현대적 감각을 동시에 품은 22세 제품 디자이너로, 서브컬처와 역사 유적지를 사랑하며 일상의…
C0237	C	79	여자	학습지 방문강사	경상남	경상남-양산시	#1인사업자 #저디지털 #접근성	조준희 씨는 양산에서 학습지 강사로 활동하며 배움의 보람과 사회적 관계를 놓지 않는, 유연한 사고방식을 가진 79세의 현역 여…
C0238	C	51	남자	농수산물 중개인 및 경매사	제주	제주-제주시	#1인사업자 #고디지털 #육아	이찬경 씨는 제주의 거친 시장 바닥에서 잔뼈가 굵은 중개인이면서도, 마음속에는 섬세한 예술가와 미식가의 영혼을 품고 사는 50…
C0239	C	59	여자	학습지 방문강사	서울	서울-강남구	#1인사업자	박춘희 씨는 강남의 화려함보다는 논현동 골목의 정겨움을 사랑하며, 아이들에게는 싹싹한 선생님으로, 집에서는 임영웅 영상에 빠져…
C0240	C	46	여자	그 외 시각 디자이너	경기	경기-용인시 수지구	#1인사업자 #육아 #저디지털	강영 씨는 용인 수지에서 아이들을 키우며 20년째 출판 디자인 길을 걷고 있는, 실용적인 도시 취향과 아날로그적 감성을 동시에…
C0241	C	36	여자	인사 컨설턴트	서울	서울-양천구	#1인사업자	황두이 씨는 인문학적 감수성을 지닌 인사 컨설턴트로, 양천구에서 어머니와 함께 살며 빵과 게임, 그리고 소수의 소중한 사람들과…
C0242	C	45	여자	미용사	경기	경기-안산시 상록구	#1인사업자 #육아	유미경 씨는 안산에서 20년 경력의 미용사로 일하며 수영과 식도락 여행으로 활력을 찾는, 다정하면서도 책임감 있는 40대 어머…
C0243	C	44	남자	부동산 컨설턴트	세종	세종-세종시	#1인사업자 #고디지털 #육아	권현구 씨는 수학적 치밀함으로 세종시 부동산 시장을 분석하는 냉철한 전문가이자, 금강 변의 달리기와 가족과의 소박한 일상에서 …
C0244	C	60	여자	전직 학습지 방문강사, 현재 구직중	전라남	전라남-고흥군	#1인사업자	장병숙 씨는 전남 고흥에서 홀로 거주하며 재취업을 꿈꾸는 전직 학습지 강사로, 임영웅의 노래와 등산, 그리고 이웃과의 정을 소…
C0245	C	51	여자	학습지 방문강사	전북	전북-전주시 완산구	#1인사업자	엄영희 씨는 전주 완산구의 골목길에 능통한 베테랑 학습지 강사로, 가족에 대한 깊은 애정과 일본 소도시의 정취를 사랑하는 외유…
C0246	C	21	여자	학습지 방문강사	강원	강원-원주시	#1인사업자	지도연 씨는 원주에서 학습지 강사로 일하며 싹싹한 성격으로 주변을 밝히지만, 내면에는 경제적 자립과 공부방 운영이라는 구체적인…
C0247	C	64	여자	농수산물 중개인 및 경매사	전라남	전라남-나주시	#1인사업자 #고디지털	장성보 씨는 나주 배 시장의 베테랑 경매사로서 강단 있는 생활력과 넉넉한 인심을 동시에 지닌 60대 여성입니다.
C0248	C	63	남자	부동산 중개사	경상북	경상북-포항시 북구	#1인사업자 #약관정독 #저디지털	정재규 씨는 포항 지역 사회에서 정직함으로 인정받는 베테랑 중개사이자, 가족의 안녕과 화합을 최우선으로 여기는 책임감 강한 가…
C0249	C	20	여자	사회과학·경영 및 법학 시간강사	경기	경기-부천시 원미구	#1인사업자	유현정 씨는 부천에 거주하며 경영 및 법학을 가르치는 20세 시간강사로, 철저한 자기 통제와 성취욕을 바탕으로 전문 강사의 꿈…
C0250	C	69	남자	무대 및 세트 디자이너	서울	서울-송파구	#1인사업자 #저디지털	진병옥 씨는 송파구에서 평생을 보낸 베테랑 무대 디자이너로, 아날로그적 감성과 인문학적 통찰을 통해 공간의 가치를 구현하는 예…
C0251	C	34	여자	가구 디자이너	경기	경기-화성시	#1인사업자 #테크회의론	김윤아 씨는 화성시에서 활동하는 섬세한 가구 디자이너로, 예술적 감성과 제조 현장의 실용성 사이에서 균형을 잡으며 자신만의 고…
C0252	C	21	남자	농수산물 중개인 및 경매사	경상북	경상북-청도군	#1인사업자	강도훈 씨는 청도 시장의 젊은 경매사로서 지역 농민과의 신뢰를 바탕으로 성장하며, 건강 관리와 디지털 취향 사이에서 균형을 찾…
C0253	C	54	남자	기업 대표이사	서울	서울-동작구	#1인사업자	김성오 씨는 ICT 기술을 의류 제조에 접목한 냉철한 경영자이자, 홀로 지내는 고요한 일상 속에서 예술과 종교로 내면의 빈 공…
C0254	C	20	여자	학습지 방문강사	서울	서울-강서구	#1인사업자	조예진 씨는 일찍이 사회에 진출해 독립적인 삶을 일궈가는 실용적인 스무 살 학습지 강사입니다.
C0255	C	43	여자	게임 그래픽 디자이너	대구	대구-북구	#1인사업자 #육아 #테크회의론	방민정 씨는 대구 북구에서 자가 아파트에 거주하며 인문학적 소양을 게임 그래픽에 녹여내는 40대 디자이너로, 철저한 자기관리와…
C0256	C	45	남자	전직 온라인 쇼핑 판매원, 현재 구직중	경기	경기-수원시 팔달구	#1인사업자 #육아	박현우 씨는 화려한 언변과 실행력을 갖춘 전직 온라인 판매원으로, 현재는 가족의 생계를 책임지기 위해 유통 영업직 재취업을 꿈…
C0257	C	57	남자	농수산물 중개인 및 경매사	충청남	충청남-부여군	#1인사업자	김봉희 씨는 부여 전통시장의 생리를 꿰뚫고 있는 우렁찬 목소리의 경매사이자, 금강변을 산책하는 다정한 반려견 주인이며, 건강 …
C0258	C	37	여자	그 외 시각 디자이너	서울	서울-강남구	#1인사업자 #저디지털	박주희 씨는 논현동의 정겨운 동네 분위기 속에서 디지털과 아날로그를 잇는 디자인 작업을 하며, 소박한 일상의 평온과 독립 출판…
C0259	C	52	남자	농수산물 중개인 및 경매사	강원	강원-동해시	#1인사업자	최영민 씨는 동해 묵호항의 신뢰받는 수산물 경매사로, 비만이라는 건강 고민과 가족과의 거리감 속에서도 특유의 다정함과 책임감으…
C0260	C	45	여자	기업 대표이사	서울	서울-금천구	#1인사업자 #육아	이채원 씨는 가산디지털단지에서 실전 경험으로 성장한 자수성가형 CEO로, 실리와 효율을 중시하며 가족과의 쇼핑과 사우나를 통해…
C0261	C	64	남자	그 외 상품 중개인 및 경매사	경상북	경상북-포항시 남구	#1인사업자 #저디지털	임철민 씨는 포항에서 성실하게 상품 중개업을 해온 책임감 강한 가장이자, 가슴 속에 예술적 상상력을 품고 살아가는 낭만적인 6…
C0262	C	34	여자	무대 및 세트 디자이너	경상남	경상남-진주시	#1인사업자 #테크회의론	김서윤 씨는 진주에서 활동하는 무대 디자이너로, 대가족의 온기와 안정적인 일상 속에서 예술적 성취를 조용히 쌓아가는 30대 여…
C0263	C	50	남자	소규모 상점 일선 관리 종사원	광주	광주-서구	#1인사업자 #육아 #테크회의론	김재혁 씨는 광주 서구에서 식당을 운영하며 실용적인 삶을 추구하지만, 내면의 예민함과 건강 불안을 소박한 취미와 가족애로 다독…
C0264	C	25	남자	소규모 상점 일선 관리 종사원	경기	경기-성남시 분당구	#1인사업자 #고디지털 #육아	유민철 씨는 분당의 정돈된 환경에서 자라 공학적 꼼꼼함으로 매장을 관리하며, 철저한 자기 통제와 정적인 취미를 즐기는 20대 …
C0265	C	75	남자	부동산 컨설턴트	서울	서울-동작구	#1인사업자 #고디지털 #접근성	이규섭 씨는 ICT 전공 지식을 갖춘 동작구의 베테랑 부동산 컨설턴트로, 디지털 데이터와 동네 정서를 모두 아우르며 소박한 노…
C0266	C	33	남자	그 외 제품 디자이너	서울	서울-송파구	#1인사업자 #테크회의론	최민영 씨는 수학적 정밀함과 전통 예술의 정서를 동시에 추구하며, 완벽주의적 성향과 내면의 불안을 조화시키려 노력하는 30대 …
C0267	C	41	여자	방송 및 시나리오 작가	경기	경기-수원시 팔달구	#1인사업자 #육아	김현남 씨는 수원에 거주하며 실리적인 삶의 태도로 커리어의 안정과 육아라는 두 가지 핵심 가치를 균형 있게 잡으려 노력하는 베…
C0268	C	44	여자	그 외 미디어 콘텐츠 디자이너	서울	서울-강남구	#1인사업자 #육아	변혜경 씨는 강남에 거주하며 전문적인 미디어 디자인 역량과 인문학적 감성을 겸비한, 가족과의 조화로운 삶과 세련된 일상을 추구…
C0269	C	23	여자	그 외 제품 디자이너	대전	대전-대덕구	#1인사업자	윤성은 씨는 꼼꼼한 업무 처리 능력과 실용적인 생활 태도를 갖춘, 내실 있는 성장을 꿈꾸는 20대 초반의 디자이너입니다.
C0270	C	39	여자	광고 디자이너	인천	인천-남동구	#1인사업자 #육아 #저디지털	지성희 씨는 인천에서 일하는 베테랑 광고 디자이너이자, 가족과의 소소한 행복과 미래의 공방 꿈을 위해 성실하게 살아가는 39세…
C0271	C	43	남자	게임 그래픽 디자이너	서울	서울-광진구	#1인사업자	신경남 씨는 현대 미술의 실험 정신과 게임 그래픽의 정교함을 동시에 가진, 건강 관리가 시급한 40대 예술가적 직장인입니다.
C0272	C	29	여자	그 외 미디어 콘텐츠 디자이너	서울	서울-강서구	#1인사업자 #고디지털	이예지 씨는 ICT 전공 지식을 활용해 출판업계에서 영리하게 일하며, 소박한 자취 생활과 가끔의 화려한 유흥 사이에서 균형을 …
C0273	C	68	여자	소규모 상점 일선 관리 종사원	경기	경기-하남시	#1인사업자 #저디지털	김영이 씨는 하남에서 작은 가게를 운영하며 노모를 모시는 60대 후반의 여성으로, 실전 경험에서 우러난 삶의 지혜와 열린 마음…
C0274	C	63	남자	그 외 제품 디자이너	서울	서울-광진구	#1인사업자 #저디지털	박영수 씨는 교육학적 소양과 디자인 감각을 가진 60대 가장으로, 소박한 일상과 역사 탐방에서 삶의 가치를 찾는 실용주의자입니…
C0275	C	21	남자	농수산물 중개인 및 경매사	경기	경기-성남시 수정구	#1인사업자	조형성 씨는 성남에서 농수산물 경매사로 일하며 실용적인 삶의 태도와 정적인 휴식의 균형을 찾아가는 21세의 청년입니다.
C0276	C	46	남자	그 외 상품 중개인 및 경매사	강원	강원-춘천시	#1인사업자 #약관정독 #테크회의론	전성봉 씨는 춘천에서 활동하는 꼼꼼한 상품 중개인으로, 가족과 자연을 사랑하며 배드민턴과 분식집 수다로 일상의 활력을 찾는 4…
C0277	C	65	여자	그 외 미디어 콘텐츠 디자이너	충청북	충청북-청주시 흥덕구	#1인사업자 #저디지털	이춘자 씨는 고도의 전문성을 갖춘 미디어 디자이너이자, 치킨과 넷플릭스를 사랑하며 청주의 옛 풍경을 디지털로 기록하려는 60대…
C0278	C	29	남자	정보 통신 컨설턴트	경기	경기-용인시 기흥구	#1인사업자	안재현 씨는 전문성을 키워 경제적 자립을 꿈꾸는 성실한 컨설턴트이자, 외적인 세심함과 내적인 소탈함을 동시에 가진 20대 후반…
C0279	C	38	남자	정보 통신 컨설턴트	경기	경기-안산시 단원구	#1인사업자 #고디지털 #육아 #테크회의론	권종민 씨는 물류 IT 전문가로서의 냉철한 분석력과 예술적 감수성을 동시에 지닌, 안산에 거주하는 30대 가장입니다.
C0280	C	43	남자	기업 대표이사	경기	경기-성남시 중원구	#1인사업자 #약관정독 #육아	박명기 씨는 성남 중원구 기반의 실용주의 금융 기업 대표로, 가족과 자연 속 휴식을 사랑하며 현장 경험을 무엇보다 중시하는 4…
C0281	C	23	남자	전직 무대 및 세트 디자이너, 현재 구직중	서울	서울-강남구	#1인사업자	한신 씨는 공학적 역량을 갖춘 전직 무대 디자이너로, 강남의 안정적인 환경 속에서도 취업에 대한 불안과 성취욕 사이에서 고민하…
C0282	C	51	여자	부동산 중개사	경상남	경상남-남해군	#1인사업자 #육아	이은순 씨는 남해의 지리와 사람을 꿰뚫고 있는 꼼꼼한 부동산 중개사이자, 가족을 위해 헌신하며 소박한 내 집 마련의 꿈을 키워…
C0283	C	50	여자	증권 중개인	경기	경기-양평군	#1인사업자 #고디지털 #육아	장귀희 씨는 정보통신기술 전문성을 갖춘 베테랑 증권 중개인이자, 건강 고민을 안고 살지만 사람 챙기는 일에 행복을 느끼는 양평…
C0284	C	55	남자	그 외 제품 디자이너	부산	부산-남구	#1인사업자 #육아	최동진 씨는 공학적 정밀함과 디자인 감각을 겸비한 50대 디자이너로, 부산 남구의 정겨운 이웃들과 어울리며 가족과 신앙 안에서…
C0285	C	73	남자	인사 컨설턴트	부산	부산-금정구	#1인사업자 #저디지털 #접근성 #테크회의론	문철 씨는 부산 금정구에서 활동하는 73세 인사 컨설턴트로, 고학력자의 지적 자부심과 타인을 배려하는 유연한 성품을 지녔으나 …
C0286	C	21	남자	전직 노점 및 이동 판매원, 현재 구직중	경기	경기-수원시 팔달구	#1인사업자	안영우 씨는 시장통의 생존 본능과 20대 특유의 권태로움이 공존하는, 안정적인 일상을 갈구하는 수원 청년입니다.
C0287	C	34	남자	증권 중개인	서울	서울-구로구	#1인사업자 #약관정독 #육아	권원빈 씨는 구로의 빌딩 숲에서 숫자를 다루는 냉철한 중개인이지만, 내면에는 예술적 낭만과 가족에 대한 깊은 사랑을 품은 서른…
C0288	C	48	남자	보험 중개인	전라남	전라남-순천시	#1인사업자 #약관정독 #저디지털	신지원 씨는 순천에서 신뢰받는 보험 중개인으로 활동하며 외모 관리와 소소한 문화생활을 즐기지만, 대사증후군 위험과 스트레스에 …
C0289	C	29	남자	무대 및 세트 디자이너	경기	경기-화성시	#1인사업자	이완호 씨는 화성 동탄에서 활동하며 거대한 무대 연출을 꿈꾸는, 섬세한 감각과 건강 고민을 동시에 가진 20대 무대 디자이너입…
C0290	C	66	여자	전직 학습지 방문강사, 현재 구직중	경기	경기-평택시	#1인사업자 #저디지털	서학자 씨는 평택에서 홀로 지내며 전직 방문 교사의 성실함과 예술적 감수성을 바탕으로 제2의 소박한 사회 활동을 꿈꾸는 66세…
C0291	C	56	남자	농수산물 중개인 및 경매사	제주	제주-제주시	#1인사업자 #고디지털	천환 씨는 제주시 시장통의 생리를 꿰뚫고 있는 베테랑 경매사이자, 건강 걱정과 식탐 사이에서 갈등하며 가족과 친구를 아끼는 5…
C0292	C	63	여자	전직 노점 및 이동 판매원, 현재 구직중	인천	인천-미추홀구	#1인사업자	주영희 씨는 미추홀구에서 노점업으로 자식을 키워낸 강인함과 타인에 대한 세심한 눈썰미를 가진, 이제는 소박한 안정을 꿈꾸는 6…
C0293	C	50	남자	부동산 컨설턴트	경기	경기-화성시	#1인사업자 #육아	손동휘 씨는 화성시에서 부동산 컨설턴트로 활동하며 내 집 마련과 상가 건물주라는 현실적인 목표를 향해 달려가는, 가족 중심적인…
C0294	C	42	여자	소규모 상점 일선 관리 종사원	경기	경기-고양시 덕양구	#1인사업자 #육아	김에스더 씨는 인문학적 소양과 현장 경험을 갖춘 소매점 관리자로, 한적한 일상과 가족의 행복을 지키며 자신만의 작은 소품샵을 …
C0295	C	47	남자	그 외 제품 디자이너	경기	경기-오산시	#1인사업자	신철수 씨는 인문학적 소양을 갖춘 제품 디자이너로, 오산에서 자전거와 식물을 벗 삼아 소박하고 현실적인 삶을 일궈가는 40대 …
C0296	C	68	남자	그 외 제품 디자이너	경기	경기-군포시	#1인사업자 #저디지털	임철현 씨는 교육학적 통찰력을 제품 디자인에 녹여내는 60대 전문가로, 군포시에서 성실하고 계획적인 삶을 꾸려가는 유니버설 디…
C0297	C	26	남자	전직 경영 컨설턴트, 현재 구직중	경기	경기-고양시 일산동구	#1인사업자 #고디지털 #육아 #테크회의론	이태호 씨는 공학적 논리와 컨설팅 역량을 갖춘 준비된 인재이자, 어린 자녀를 둔 가장의 무게와 구직의 불안함 사이에서 고군분투…
C0298	C	34	남자	그 외 제품 디자이너	서울	서울-광진구	#1인사업자 #고디지털	홍병도 씨는 공학적 논리와 디자인 감각을 겸비한 채 광진구의 미식과 트렌드를 즐기며 살아가는, 겉으로는 유연하지만 내면은 섬세…
C0299	C	31	여자	사용자 경험 및 인터페이스 디자이너	부산	부산-부산진구	#1인사업자	김가을 씨는 부산의 도시적 감성과 인문학적 소양을 갖춘 UX 디자이너로, 주관이 뚜렷하고 자유로운 삶을 지향하면서도 일상의 소…
C0300	C	41	남자	농수산물 중개인 및 경매사	경기	경기-성남시 중원구	#1인사업자 #육아	이원호 씨는 성남의 치열한 경매 시장에서 살아남은 예리한 감각과 예술적 갈증, 그리고 가족을 향한 애틋한 책임감을 동시에 품은…
C0301	C	51	남자	농수산물 중개인 및 경매사	서울	서울-강남구	#1인사업자	최승현 씨는 가락시장의 거친 현장감과 강남의 정적인 삶을 동시에 살아가는, 거절 못 하는 성격의 유연한 농수산물 중개인입니다.
C0302	C	64	여자	전직 노점 및 이동 판매원, 현재 구직중	서울	서울-강동구	#1인사업자	김임숙 씨는 천호동 시장통의 억척스러움과 따뜻한 정을 동시에 가진 채, 소박한 일자리와 가족의 행복을 꿈꾸는 60대 여성입니다…
C0303	C	42	여자	무대 및 세트 디자이너	서울	서울-송파구	#1인사업자	장설희 씨는 송파구에 자가를 보유한 40대 무대 디자이너로, 완벽주의적인 업무 성향과 예민한 감수성을 자신만의 확고한 공간 취…
C0304	C	68	남자	농수산물 중개인 및 경매사	인천	인천-미추홀구	#1인사업자 #저디지털	장병철 씨는 시장의 질서를 세워온 자부심 강한 베테랑 경매사이자, 아내와 함께 소박한 식도락과 신앙생활을 통해 삶의 안식을 찾…
C0305	C	64	남자	그 외 작가	경기	경기-포천시	#1인사업자 #가격깐깐 #약관정독 #테크회의론	손상현 씨는 법학 전공자의 치밀함과 작가의 감성을 동시에 지닌 채 포천의 고요한 일상을 가꾸는 60대 남성입니다.
C0306	C	59	여자	소규모 상점 일선 관리 종사원	서울	서울-영등포구	#1인사업자	박선희 씨는 영등포의 변화를 온몸으로 겪으며 단단해진 내면을 가진, 성실한 일상과 작은 취향을 소중히 여기는 50대 여성입니다…
C0307	C	33	여자	멀티미디어 디자이너	서울	서울-강북구	#1인사업자 #고디지털	임수빈 씨는 강북구의 자가 아파트에 거주하며 종이와 디지털을 넘나드는 디자인 작업을 하는 30대 디자이너로, 노포 탐방과 사우…
C0308	C	43	여자	부동산 감정 전문가	서울	서울-강남구	#1인사업자	김연서 씨는 전문적인 부동산 감정 능력과 내향적인 성정을 동시에 지닌 채, 강남의 자가 아파트에서 부모님과 함께하며 정적인 휴…
C0309	C	46	남자	그 외 시각 디자이너	서울	서울-송파구	#1인사업자	김태중 씨는 송파구에 거주하며 인문학적 감성과 시각 디자인 역량을 갖춘, 느긋하고 유연한 성격의 마흔여섯 살 미혼 남성입니다.
C0310	C	49	여자	보험 중개인	경기	경기-고양시 일산서구	#1인사업자 #약관정독 #육아	박선례 씨는 철저한 자기관리와 법적 전문성을 갖춘 보험 전문가이자, 가족과 함께하는 정적인 휴식을 통해 에너지를 충전하는 일산…
C0311	C	56	여자	부동산 중개사	경기	경기-과천시	#1인사업자 #약관정독 #저디지털	최정숙 씨는 과천에서 다정한 성품으로 신뢰받는 부동산 중개사로 일하며, 자연과 빵, 그리고 가족과의 소박한 일상에서 안정을 찾…
C0312	C	57	여자	가방 및 신발 디자이너	서울	서울-마포구	#1인사업자	윤예원 씨는 마포의 예술적 정취 속에서 실용적인 가죽 디자인을 이어가며, 건강과 취향 사이에서 균형을 찾는 50대 전문직 여성…
C0313	C	59	여자	부동산 중개사	전북	전북-군산시	#1인사업자 #고디지털 #약관정독 #테크회의론	조혜경 씨는 군산에서 정직한 평판을 쌓아온 베테랑 부동산 중개사로, 지역 인적 네트워크와 식도락을 즐기며 안정적인 노후를 준비…
C0314	C	51	남자	부동산 감정 전문가	경기	경기-성남시 분당구	#1인사업자 #육아	이성렬 씨는 분당의 질서 정연함 속에 살며 부동산 가치를 분석하는 냉철한 전문가의 모습과, 낡은 골목과 식물, 전략 게임을 사…
C0315	C	48	여자	미용사	부산	부산-기장군	#1인사업자 #테크회의론	도나경 씨는 부산 기장에서 꼼꼼한 기술력으로 인정받는 미용사이며, 어머니를 모시고 살며 자기관리와 사회적 관계의 균형을 맞추려…
C0316	C	58	여자	정보 통신 컨설턴트	서울	서울-강서구	#1인사업자 #고디지털	한영숙 씨는 고도의 전문성을 갖춘 IT 컨설턴트의 커리어와 강서구 다세대 주택의 소박한 독립 생활을 동시에 영위하는, 외유내강…
C0317	C	62	여자	농수산물 중개인 및 경매사	전라남	전라남-무안군	#1인사업자 #저디지털	김대남 씨는 무안의 황토밭과 경매 시장을 누빈 실용적인 여성 경매사로, 임영웅의 노래와 소박한 짬뽕 한 그릇에서 행복을 찾는 …
C0318	C	56	남자	그 외 제품 디자이너	서울	서울-송파구	#1인사업자 #저디지털	이경조 씨는 법학 전공의 이색적 이력을 가진 송파구의 성실한 제품 디자이너이자, 가족을 위해 헌신하며 소박한 낭만을 쫓는 50…
C0319	C	52	여자	미용사	서울	서울-송파구	#1인사업자	이성옥 씨는 송파구에서 내 집 마련의 꿈을 이룬 베테랑 미용사로, 친구와 함께 사는 자유로운 삶과 일본 만화라는 소소한 취미를…
C0320	C	42	남자	정보 통신 컨설턴트	서울	서울-강남구	#1인사업자 #고디지털	전준희 씨는 강남에서 어머니와 함께 살며 고소득 ICT 컨설턴트로 일하지만, 심각한 비만과 혈압 문제를 안고 있는 정적인 성향…
C0321	C	23	여자	전직 무대 및 세트 디자이너, 현재 구직중	서울	서울-영등포구	#1인사업자	이고은 씨는 문래동의 예술적 감성을 품은 전직 무대 디자이너로, 섬세한 공간 연출 감각과 약간의 덜렁거림을 동시에 가진 23세…
C0322	C	21	여자	그 외 시각 디자이너	대전	대전-대덕구	#1인사업자	김유경 씨는 대전 대덕구에서 홀로 거주하며 실용적인 영상 디자인 작업을 하는 21세 사회초년생으로, 소금빵과 스노보드, 그리고…
C0323	C	41	남자	소규모 상점 일선 관리 종사원	경상북	경상북-포항시 남구	#1인사업자 #고디지털 #육아	이활영 씨는 포항에서 소규모 상점을 운영하며 가족의 행복과 안정적인 삶을 위해 꼼꼼하게 일상을 가꾸는 40대 가장입니다.
C0324	C	66	남자	농수산물 중개인 및 경매사	서울	서울-구로구	#1인사업자 #저디지털	박영길 씨는 구로구 농수산물 시장의 실무 감각을 갖춘 베테랑 경매사로, 바둑과 미식 여행을 즐기며 아내와 함께 소박하고 현실적…
C0325	C	65	남자	부동산 컨설턴트	서울	서울-송파구	#1인사업자 #저디지털	김철희 씨는 공학적 전문성을 갖춘 송파구의 부동산 컨설턴트로, 건강상의 제약 속에서도 배드민턴과 산책을 통해 삶의 여유를 찾는…
C0326	C	70	남자	소규모 상점 일선 관리 종사원	부산	부산-해운대구	#1인사업자 #저디지털 #접근성	박영배 씨는 해운대의 변화를 지켜본 성실한 상점 관리자로, 단호한 원칙과 소박한 인간미를 동시에 지닌 70대 가장입니다.
C0327	C	66	남자	부동산 감정 전문가	서울	서울-마포구	#1인사업자 #저디지털	이재희 씨는 마포구에서 활동하는 60대 부동산 감정 전문가로, 수학적 논리력과 섬세한 감성을 동시에 지닌 채 가족과 함께 소박…
C0328	C	58	여자	기업 대표이사	서울	서울-은평구	#1인사업자	최미리 씨는 은평구에서 사업지원서비스업을 운영하는 대표이자 인문학적 감수성을 지닌 여성으로, 강인한 생활력과 예술적 낭만을 동…
C0329	C	53	여자	농수산물 중개인 및 경매사	대전	대전-중구	#1인사업자 #육아	김난영 씨는 대전 중구 시장통에서 예리한 눈썰미로 살아남은 베테랑 경매사이자, 사별의 아픔을 딛고 자녀를 위해 단단한 경제적 …
C0330	C	50	남자	보험 중개인	경기	경기-하남시	#1인사업자 #약관정독	손우영 씨는 하남에 거주하며 어머니를 모시는 고소득 보험 중개인으로, 법학적 지식과 직관적인 영업력을 갖췄으나 건강 관리와 정…
C0331	C	57	남자	농수산물 중개인 및 경매사	경상남	경상남-하동군	#1인사업자 #저디지털	이용희 씨는 하동의 예리한 경매사로서의 삶과 예술을 향한 은밀한 동경 사이에서 균형을 잡으며 살아가는 중년 남성입니다.
C0332	C	42	여자	보험 중개인	경기	경기-용인시 기흥구	#1인사업자 #고디지털 #약관정독 #육아	천명수 씨는 기흥에서 고수익 보험 중개인으로 활동하며 내 집 마련과 여성의 경제적 자립을 꿈꾸는, 강인함과 섬세함을 동시에 지…
C0333	C	38	여자	게임 그래픽 디자이너	서울	서울-광진구	#1인사업자 #저디지털	서은주 씨는 인문학적 감성과 디지털 기술을 결합해 게임 세상을 그리는, 철저한 자기관리와 예술적 야심을 동시에 가진 30대 그…
C0334	C	26	남자	그 외 상품 중개인 및 경매사	경기	경기-화성시	#1인사업자 #육아 #저디지털	유진홍 씨는 화성시에서 활동하는 젊고 유능한 상품 중개인으로, 실리적인 가치관과 가족 중심적인 생활을 하며 안정적인 성장을 꿈…
C0335	C	40	여자	유치원 원장	서울	서울-노원구	#1인사업자 #테크회의론	장안나 씨는 꼼꼼한 행정력과 예민한 감수성을 동시에 지닌 채, 수락산의 정기와 소금빵의 안락함으로 삶의 균형을 맞추는 40대 …
C0336	C	30	여자	그 외 제품 디자이너	경기	경기-화성시	#1인사업자 #육아	정다슬 씨는 교육학 전공의 제품 디자이너로서 동탄에서 육아와 일을 병행하며, 실용적인 가치와 사교적인 삶을 동시에 추구하는 3…
C0337	C	25	남자	정보 통신 컨설턴트	경기	경기-고양시 덕양구	#1인사업자 #고디지털	민종일 씨는 덕양구의 여유로움과 IT 기술의 정교함을 동시에 갖춘, 사람 냄새 나는 물류 컨설턴트입니다.
C0338	C	35	여자	정보 통신 컨설턴트	서울	서울-동작구	#1인사업자 #고디지털 #육아	김진영 씨는 사회과학적 통찰력을 IT 컨설팅에 접목한 효율 중심의 전문가이자, 상도동의 낡은 빌라를 자신만의 감성으로 가꾼 세…
C0339	C	35	남자	정보 통신 컨설턴트	경기	경기-파주시	#1인사업자 #고디지털 #육아	박지훈 씨는 파주에서 안정적인 가정을 꾸리고 꼼꼼하게 시스템을 관리하는 정보 통신 컨설턴트이지만, 건강 관리보다는 사회적 교류…
C0340	C	31	여자	방송 및 시나리오 작가	충청북	충청북-진천군	#1인사업자	정혜숙 씨는 진천의 평온한 일상 속에서 꼼꼼함과 실용성을 무기로 묵묵히 자신의 길을 걷는 30대 방송 작가입니다.
C0341	C	24	남자	농수산물 중개인 및 경매사	대구	대구-수성구	#1인사업자 #약관정독	손승주 씨는 수성구의 정돈된 배경과 경매 시장의 거친 활기를 동시에 품은 24세 청년으로, 법학 지식을 갖춘 유능한 중개인이자…
C0342	C	74	남자	의상 디자이너	서울	서울-광진구	#1인사업자 #저디지털 #접근성	손원식 씨는 지적인 분석력과 예술적 감각을 동시에 지닌 70대 의상 디자이너로, 소박한 일상 속에서 조화와 평온을 찾는 인물입…
C0343	C	20	남자	무대 및 세트 디자이너	서울	서울-강서구	#1인사업자	한승민 씨는 실용적인 감각으로 무대를 세우는 20세 디자이너로, 소소한 일상의 안온함과 전문적인 성장 사이에서 균형을 잡으려 …
C0344	C	46	남자	정보 통신 컨설턴트	경기	경기-수원시 영통구	#1인사업자 #고디지털 #육아 #테크회의론	윤재민 씨는 인문학적 소양을 갖춘 노련한 IT 컨설턴트로, 광교의 정돈된 일상 속에서 건강과 예술, 그리고 사람 사이의 조화를…
C0345	C	75	남자	농수산물 중개인 및 경매사	서울	서울-중랑구	#1인사업자 #저디지털 #접근성	안승태 씨는 중랑구 시장의 베테랑 경매사로서의 강단과 시를 사랑하는 노신사의 섬세함을 동시에 지닌 채, 가족에 대한 그리움을 …
C0346	C	21	여자	미용사	경기	경기-하남시	#1인사업자 #창업준비	신서현 씨는 하남에서 일하는 21세 미용사로, 실용적인 성격과 뛰어난 기술력을 바탕으로 자신만의 작은 1인 숍 창업을 꿈꾸는 …
C0347	C	79	여자	부동산 중개사	대구	대구-달서구	#1인사업자 #약관정독 #저디지털 #접근성 #테크회의론	윤정숙 씨는 대구 달서구에서 꼼꼼한 부동산 중개사로 활동하며, 소박한 경제력 속에서도 금호강 산책과 트로트 음악으로 삶의 여유…
C0348	C	42	여자	사용자 경험 및 인터페이스 디자이너	서울	서울-서초구	#1인사업자 #육아	백지해 씨는 서초구에 거주하며 인문학적 감성과 디지털 기술을 잇는 UX 디자이너로 살아가는, 다정하지만 내면의 예민함을 간직한…
C0349	C	28	여자	그 외 제품 디자이너	경기	경기-김포시	#1인사업자	최수민 씨는 김포에 거주하며 실용적인 제품을 설계하는 디자이너로, 가족 중심의 평온한 일상을 사랑하지만 내면에는 완벽주의적 책…
C0350	C	51	여자	광고 디자이너	경기	경기-수원시 영통구	#1인사업자 #육아 #저디지털	유정희 씨는 수원 영통에 거주하며 전문성을 갖춘 광고 디자이너이자, 강인한 외유내강형의 태도로 자녀를 키우는 한부모 가정의 가…
C0351	C	21	여자	그 외 상품 중개인 및 경매사	전북	전북-군산시	#1인사업자 #가격깐깐 #테크회의론	서서은 씨는 군산에서 상품 중개인으로 일하며 성실함과 꼼꼼함으로 신뢰를 쌓아가는, 정적인 일상의 행복을 소중히 여기는 21세 …
C0352	C	42	여자	그 외 시각 디자이너	경상남	경상남-창원시 마산합포구	#1인사업자 #육아 #저디지털 #창업준비 #테크회의론	양현주 씨는 창원의 지역색을 담은 1인 출판을 꿈꾸는 베테랑 시각 디자이너로, 사람들과의 교류와 식도락 여행을 통해 삶의 활력…
C0353	C	33	여자	농수산물 중개인 및 경매사	서울	서울-강북구	#1인사업자	류솔 씨는 강북구 미아동의 정서와 거친 농수산물 시장의 생리를 모두 품은, 유연한 협상력과 소박한 취향을 가진 30대 중개인입…
C0354	C	54	남자	농수산물 중개인 및 경매사	경기	경기-부천시 오정구	#1인사업자 #육아	라동선 씨는 농학 전공의 지식과 시장의 처세술을 겸비한 50대 농수산물 중개인으로, 가족과 운동을 사랑하는 실속 있는 가장입니…
C0355	C	54	남자	보험 중개인	서울	서울-양천구	#1인사업자 #약관정독 #육아	박성훈 씨는 양천구 신월동의 정서를 품고 살아온, 사람 냄새 나는 넉살 좋은 50대 보험 중개인입니다.
C0356	C	59	여자	반려동물 미용사	부산	부산-동래구	#1인사업자	성채숙 씨는 부산 동래구에서 강아지들의 마음을 읽어내는 능숙한 미용사로 활동하며, 임영웅의 노래와 온천천 산책으로 삶의 활력을…
C0357	C	55	남자	무대 및 세트 디자이너	부산	부산-수영구	#1인사업자	이재우 씨는 공학적 정밀함과 예술적 감수성을 동시에 지닌 무대 디자이너이자, 부산 수영구의 골목 정취를 사랑하는 다정한 중년 …
C0358	C	60	남자	소규모 상점 일선 관리 종사원	경기	경기-성남시 수정구	#1인사업자	박운철 씨는 성남 수정구에서 성실하게 매장을 관리하며, 소박한 일상과 가족의 평화를 최우선으로 여기는 책임감 강한 60대 가장…
C0359	C	72	남자	전직 부동산 감정 전문가, 현재 구직중	경기	경기-용인시 기흥구	#1인사업자 #저디지털 #접근성	전일환 씨는 용인 기흥에 거주하는 전직 부동산 감정 전문가로, 인문학적 소양과 전문성을 바탕으로 지역 사회에 기여하며 건강한 …
C0360	C	21	여자	의상 디자이너	서울	서울-강서구	#1인사업자	노시연 씨는 강서구 마곡지구에 거주하며 자신의 이름을 건 브랜드를 꿈꾸는, 꼼꼼하고 주관이 뚜렷한 21세 의상 디자이너입니다.
C0361	C	23	여자	증권 중개인	서울	서울-도봉구	#1인사업자	조은서 씨는 서울 도봉구에 거주하며 실전 감각과 사교성으로 빠르게 성장 중인 23세의 현실적인 증권 중개인입니다.
C0362	C	51	남자	인사 컨설턴트	서울	서울-양천구	#1인사업자 #고디지털 #육아	송지훈 씨는 교육학적 소양과 인사 전문가의 냉철함을 동시에 가진 50대 가장으로, 철저한 자기관리와 가족에 대한 책임감 사이에…
C0363	C	40	남자	부동산 컨설턴트	경기	경기-성남시 분당구	#1인사업자 #육아	박진석 씨는 분당에서 자가를 보유한 교육 전공의 부동산 컨설턴트로, 체계적인 자기관리와 사회적 성공 사이에서 건강과 소득의 균…
C0364	C	34	남자	그 외 제품 디자이너	경기	경기-동두천시	#1인사업자 #육아	최아랑 씨는 동두천에서 실용적인 식당 집기를 디자인하며, 가족과 반려견 그리고 소소한 술자리를 통해 삶의 위안을 얻는 30대 …
C0365	C	21	여자	방송 및 시나리오 작가	서울	서울-강남구	#1인사업자	김윤서 씨는 강남의 소박한 월세방에서 글로벌 플랫폼 진출을 꿈꾸며 숏폼 대본을 쓰는, 상상력 풍부한 21세의 방송 작가입니다.
C0366	C	33	여자	무대 및 세트 디자이너	서울	서울-은평구	#1인사업자	송선현 씨는 은평구에 거주하며 무대 세트 디자이너로 일하는 33세 여성으로, 탁월한 현장 실무 능력과 내면의 예민함, 그리고 …
C0367	C	51	남자	전직 노점 및 이동 판매원, 현재 구직중	전라남	전라남-나주시	#1인사업자 #육아	음준희 씨는 나주 시장통의 영업 베테랑 출신으로, 능글맞은 처세술과 피부 관리에 진심인 면모를 동시에 지닌 구직 중인 50대 …
C0368	C	65	남자	공학·제조 및 건설 분야 시간강사	광주	광주-남구	#1인사업자 #저디지털 #테크회의론	박용환 씨는 교육자로서의 자부심과 경제적 결핍 사이에서 줄타기하며, 마당의 꽃과 전략 게임, 그리고 옛 동료들과의 막걸리 한 …
C0369	C	57	남자	그 외 작가	전라남	전라남-영암군	#1인사업자	서정일 씨는 전남 영암에서 4세대 대가족을 이끌며 지역의 숨은 이야기를 기록하는 담백한 문체의 작가이자, 자연과 가족을 사랑하…
C0370	C	42	남자	기업 대표이사	경기	경기-고양시 덕양구	#1인사업자 #약관정독 #육아	심기표 씨는 고양시에서 사업지원서비스 회사를 운영하는 꼼꼼한 경영자이자, 현대 미술과 건축에 매료된 낭만적인 가장입니다.
C0371	C	77	남자	증권 중개인	광주	광주-서구	#1인사업자 #저디지털 #접근성	이창기 씨는 광주 서구에서 활동하는 노련한 증권 중개인으로, 사람에 대한 애정과 유연한 성격을 바탕으로 삶의 황혼기를 활기차게…
C0372	C	54	여자	반려동물 미용사	강원	강원-속초시	#1인사업자	정희정 씨는 속초에서 소형견 미용실을 운영하며 당뇨를 관리하고 텃밭 가꾸기와 사진 찍기를 즐기는 현실적이고 정이 많은 50대 …
C0373	C	42	여자	의상 디자이너	서울	서울-용산구	#1인사업자 #육아	장나영 씨는 한남동의 세련된 감성과 90년대의 빈티지한 향수를 동시에 품은 채, 섬세한 손끝으로 옷을 짓고 가족과의 미식을 즐…
C0374	C	42	남자	증권 중개인	대구	대구-수성구	#1인사업자 #육아	이원일 씨는 수성구에서 활동하는 능숙한 증권 중개인으로, 현실적인 내 집 마련의 꿈을 품고 가족과 함께 살아가는 외유내강형 4…
C0375	C	41	남자	정보 통신 컨설턴트	경기	경기-성남시 분당구	#1인사업자 #육아	조병환 씨는 분당에서 대가족을 부양하며 안정적인 커리어를 쌓아가는 정보 통신 컨설턴트로, 기술적 정밀함과 가장의 책임감 사이에…
C0376	C	41	여자	그 외 상품 중개인 및 경매사	서울	서울-강동구	#1인사업자 #고디지털 #육아	김승원 씨는 강동구에서 활동하는 탁월한 감각의 상품 중개인으로, 가족과 함께하는 식도락 여행을 즐기며 외향적인 사회성과 내면의…
C0377	C	43	여자	정보 통신 컨설턴트	경기	경기-과천시	#1인사업자 #고디지털 #육아	서연화 씨는 과천에서 자가를 보유한 고소득 IT 컨설턴트로, 정온한 일상과 가족과의 식도락을 즐기며 삶의 균형과 은퇴 후의 여…
C0378	C	38	여자	부동산 감정 전문가	인천	인천-계양구	#1인사업자 #육아	이수경 씨는 논리적인 전문성과 사교적인 성격을 겸비한 부동산 감정 전문가로, 안정적인 가정생활 속에서 소소한 취향과 휴식을 통…
C0379	C	26	남자	그 외 제품 디자이너	대전	대전-유성구	#1인사업자	박기태 씨는 유성구에서 활동하는 감각적인 제품 디자이너로, 외향적인 사교성과 예민한 예술적 감수성을 동시에 지닌 20대 청년입…
C0380	C	23	남자	문학작가	경기	경기-양주시	#1인사업자	반동환 씨는 보건복지 전공의 관찰력을 바탕으로 소설을 쓰는 23세 작가로, 가족과 함께하는 안정적인 삶 속에서 예술적 성취를 …
C0381	C	41	남자	소규모 상점 일선 관리 종사원	경상남	경상남-창원시 성산구	#1인사업자 #고디지털 #육아	조현동 씨는 창원에서 소매점을 관리하는 꼼꼼한 관리자이자, 건축과 역사에 심취한 낭만을 꿈꾸는 40대 가장입니다.
C0382	C	34	여자	책 디자이너	인천	인천-남동구	#1인사업자 #육아 #저디지털	이은비 씨는 섬세한 감각의 책 디자이너이자 가족의 건강을 살피는 든든한 버팀목이며, 자신의 건강 결핍을 운동과 예술로 채워가는…
C0383	C	68	남자	무대 및 세트 디자이너	서울	서울-서초구	#1인사업자 #약관정독 #저디지털	황영석 씨는 법학의 논리와 무대 예술의 감각을 지닌 채 서초구의 작은 작업실에서 실용적인 삶을 가꾸며, 가족과 소박한 일상을 …
C0384	C	33	여자	그 외 제품 디자이너	경기	경기-오산시	#1인사업자	이솔아 씨는 인문학적 감성과 공학적 정밀함을 동시에 갖춘 자동차 디자이너로, 오산천 러닝과 식도락 여행으로 삶의 활력을 찾는 …
C0385	C	45	남자	정보 통신 컨설턴트	경기	경기-파주시	#1인사업자 #고디지털 #육아	김민수 씨는 독학으로 성공한 IT 컨설턴트이자 파주의 예술적 정취와 가족의 행복을 소중히 여기는, 배 나온 중년의 다정한 가장…
C0386	C	49	여자	전직 경영 컨설턴트, 현재 구직중	부산	부산-북구	#1인사업자 #육아	고영희 씨는 세련된 컨설팅 능력과 부산 북구의 정겨운 정서를 동시에 가진 40대 후반의 여성으로, 구직의 불안함 속에서도 배드…
C0387	C	26	남자	소규모 상점 일선 관리 종사원	서울	서울-서초구	#1인사업자	이태정 씨는 서초구에서 소매점 관리를 하며 예술적 감각과 서비스 능력을 키워가고 있는, 겉모습은 세심하게 가꾸지만 내면의 게으…
C0388	C	55	여자	부동산 중개사	서울	서울-강서구	#1인사업자 #테크회의론	최정화 씨는 마곡지구의 흐름을 꿰뚫는 노련한 공인중개사이자, 빵과 수다를 사랑하며 소박한 베란다 텃밭에서 행복을 찾는 강서구의…
C0389	C	61	여자	전직 노점 및 이동 판매원, 현재 구직중	경상북	경상북-포항시 북구	#1인사업자 #가격깐깐	김선순 씨는 포항 시장통의 억척스러운 생활력과 꼼꼼한 살림꾼의 면모를 동시에 지닌, 제2의 사회생활을 준비하는 강인한 60대 …
C0390	C	21	여자	전직 스포츠 강사 및 트레이너, 현재 구직중	경기	경기-용인시 수지구	#1인사업자	안채윤 씨는 수지구에 거주하며 안정적인 강사직을 꿈꾸는 현실적인 21세 청년으로, 반려견과의 산책과 배달 음식, 판교 나들이를…
C0391	C	44	여자	그 외 제품 디자이너	경기	경기-용인시 수지구	#1인사업자 #육아 #창업준비 #테크회의론	김지영 씨는 기술적 전문성과 아날로그적 감성을 동시에 지닌 채, 가족을 향한 헌신과 자신의 꿈 사이에서 신중하게 균형을 잡으며…
C0392	C	31	남자	전직 정보 통신 컨설턴트, 현재 구직중	서울	서울-마포구	#1인사업자 #고디지털 #육아	정형주 씨는 가족을 향한 깊은 애정과 IT 시스템 통합 전문성을 동시에 갖춘, 마포구 망원동의 다정하고 유연한 성격의 전직 컨…
C0393	C	81	남자	부동산 컨설턴트	경상북	경상북-경산시	#1인사업자 #저디지털 #접근성 #테크회의론	손연호 씨는 경산에서 복지 전문성을 접목한 부동산 컨설팅으로 이웃을 돕고, 남천강 산책과 역사 공부로 평온한 노후를 보내는 꼼…
C0394	C	23	남자	무대 및 세트 디자이너	부산	부산-해운대구	#1인사업자	임민호 씨는 실무적인 감각과 꼼꼼함을 겸비한 20대 무대 디자이너이자, 정적인 휴식과 미식을 통해 삶의 균형을 찾는 해운대의 …
C0395	C	33	남자	의상 디자이너	서울	서울-성동구	#1인사업자 #육아	김원일 씨는 성수동의 미학을 옷에 담아내는 섬세한 의상 디자이너이자, 가족의 품과 독립의 갈망 사이에서 균형을 찾는 서른세 살…
C0396	C	53	여자	부동산 중개사	제주	제주-제주시	#1인사업자 #약관정독 #육아 #테크회의론	안금숙 씨는 제주시의 토박이 정서와 세련된 도시 감각을 모두 갖춘 성공한 부동산 중개사로, 완벽주의적인 업무 스타일과 예술을 …
C0397	C	25	여자	전직 보험 중개인, 현재 구직중	인천	인천-연수구	#1인사업자 #약관정독	서수진 씨는 보험 중개인의 사회적 감각과 사무직의 안정감을 동시에 갈구하며, 송도의 세련됨과 구도심의 편안함 사이에서 삶의 균…
C0398	C	27	남자	전직 광고 디자이너, 현재 구직중	서울	서울-동대문구	#1인사업자 #저디지털	김성우 씨는 감각적인 디자인 실력과 활발한 사교성을 갖췄지만, 현재는 자신의 디자인 철학을 실현할 직장을 찾는 구직 중인 20…
C0399	C	64	남자	전직 노점 및 이동 판매원, 현재 구직중	경기	경기-성남시 수정구	#1인사업자	김상권 씨는 성남 수정구에서 자수성가한 전직 노점상으로, 철저한 자기관리와 세심한 관찰력을 갖춘 채 제2의 인생을 준비하는 6…
C0400	C	50	남자	그 외 제품 디자이너	대전	대전-유성구	#1인사업자 #육아	김태일 씨는 공학적 정밀함과 예술적 감성을 동시에 가진 50대 제품 디자이너로, 안정적인 직장 생활 속에서도 자신만의 가구 브…
C0401	C	51	남자	전직 온라인 쇼핑 판매원, 현재 구직중	경기	경기-용인시 수지구	#1인사업자 #고디지털 #육아 #테크회의론	이성호 씨는 사회과학적 분석력과 온라인 사업 경험을 갖춘 50대 가장으로, 별거의 아픔과 실업의 불안 속에서도 자녀를 위해 안…
C0402	C	27	여자	활자 디자이너	대전	대전-유성구	#1인사업자	김하영 씨는 대전 유성구에서 활동하는 실무형 활자 디자이너로, 예술적 감성과 현실적인 분석력을 동시에 갖춘 20대 후반의 여성…
C0403	C	55	여자	광고 디자이너	경기	경기-광주시	#1인사업자 #육아 #저디지털	김윤화 씨는 꼼꼼한 성격의 베테랑 광고 디자이너이자, 자녀의 미래를 위해 성실하게 삶을 일궈온 단단한 내면의 소유자입니다.
C0404	C	30	여자	그 외 제품 디자이너	서울	서울-중구	#1인사업자 #육아	박소연 씨는 서울 중구에 거주하며 실용적인 제품 디자인과 세련된 도시 생활, 그리고 효율적인 육아의 균형을 맞추어 나가는 30…
C0405	C	43	여자	의상 디자이너	서울	서울-동대문구	#1인사업자 #육아	김지현 씨는 동대문 가죽 시장의 실력파 디자이너이자, 북한산의 정취와 식물 가꾸기를 통해 삶의 균형을 찾는 40대 미혼 여성입…
C0406	C	31	남자	그 외 제품 디자이너	경기	경기-평택시	#1인사업자 #창업준비	임주성 씨는 인문학적 감성을 제품 디자인에 녹여내는 섬세한 전문가로, 평택에서 자가 아파트에 거주하며 건강 관리와 개인 스튜디…
C0407	C	57	남자	기업 대표이사	광주	광주-광산구	#1인사업자	조기식 씨는 인문학적 소양을 갖춘 포용력 있는 의료기기 기업 대표로, 무등산 조깅과 분재 가꾸기로 삶의 여유를 찾는 광주의 신…
C0408	C	26	여자	의상 디자이너	서울	서울-동대문구	#1인사업자 #테크회의론	김민정 씨는 동대문 시장의 실무 감각을 갖춘 20대 디자이너로, 실용적인 가치를 추구하며 홀로서기를 실천하는 현실적인 예술가입…
C0409	C	31	여자	멀티미디어 디자이너	충청북	충청북-청주시 서원구	#1인사업자 #고디지털 #육아 #테크회의론	지태희 씨는 실무 능력이 탁월한 멀티미디어 디자이너이자, 청주에서 가족과 함께 예술적인 소소한 일상을 가꾸며 자신만의 디자인 …
C0410	C	63	여자	의상 디자이너	서울	서울-용산구	#1인사업자 #저디지털	박진애 씨는 용산구에서 중년 여성의 편안함을 디자인하는 노련한 의상 디자이너이자, 사람 사이의 정과 남산의 풍경을 사랑하는 6…
C0411	C	34	여자	그 외 시각 디자이너	서울	서울-강서구	#1인사업자 #육아	김미선 씨는 공학적 정밀함과 예술적 감각을 동시에 갖춘 3D 디자이너로, 유교적인 대가족의 책임감과 개인적인 자아실현 사이에서…
C0412	C	54	남자	부동산 컨설턴트	서울	서울-서대문구	#1인사업자 #육아 #저디지털	강민 씨는 서대문구의 지역색을 꿰뚫고 있는 유연한 사고의 부동산 컨설턴트로, 예술적 감수성과 인간미를 동시에 지닌 50대 가장…
C0413	C	60	여자	전직 반려동물 미용사, 현재 구직중	경상북	경상북-김천시	#1인사업자	이승연 씨는 김천에서 반려견 미용사로 일했던 숙련된 솜씨를 가진 60대 여성으로, 식물 키우기와 친구들과의 수다를 통해 삶의 …
C0414	C	37	여자	의상 디자이너	인천	인천-서구	#1인사업자 #가격깐깐 #테크회의론	안혜빈 씨는 인천에서 실용적인 의상을 만드는 디자이너로, 적은 소득과 건강상의 어려움 속에서도 정갈한 일상과 소박한 꿈을 가꾸…
C0415	C	47	남자	부동산 컨설턴트	인천	인천-서구	#1인사업자 #약관정독 #테크회의론	문성균 씨는 인천 서구의 지리를 꿰뚫고 있는 부동산 컨설턴트로, 사람을 좋아하는 외향적인 성격과 전문성을 바탕으로 경제적 재기…
C0416	C	43	남자	기업 대표이사	경기	경기-안양시 동안구	#1인사업자 #약관정독 #육아	박형진 씨는 원칙 중심의 기업 경영과 철저한 자기관리를 추구하면서도, 가족과 지인 사이의 유대를 소중히 여기는 40대 제지 기…
C0417	C	66	여자	전직 노점 및 이동 판매원, 현재 구직중	경상남	경상남-김해시	#1인사업자 #저디지털	정춘희 씨는 김해 시장의 산전수전을 다 겪은 강인한 생활력과 소박한 일상의 행복을 아는 60대 여성입니다.
C0418	C	38	남자	스포츠 강사 및 트레이너	충청남	충청남-서산시	#1인사업자 #테크회의론	박준영 씨는 서산에서 활동하는 실속 있는 자세 교정 전문가이자, 정적인 취미와 패스트푸드를 즐기는 모순적인 건강 고민을 가진 …
C0419	C	23	남자	그 외 시각 디자이너	서울	서울-강북구	#1인사업자	윤성현 씨는 경영과 법학 지식을 겸비한 고소득 시각 디자이너로, 철저한 계획성과 예민한 감수성을 동시에 가진 실용주의적 청년입…
C0420	C	67	남자	부동산 중개사	서울	서울-강동구	#1인사업자 #저디지털	이양진 씨는 강동구의 골목길을 꿰뚫는 성실한 부동산 중개사로, 가족에 대한 책임감과 현실적인 자산 관리 능력을 갖춘 전형적인 …
C0421	C	24	남자	전직 온라인 쇼핑 판매원, 현재 구직중	경기	경기-용인시 처인구	#1인사업자 #고디지털 #테크회의론	황태현 씨는 수학적 논리력과 온라인 판매 실무 경험을 겸비한 데이터 분석가 지망생으로, 섬세한 감수성과 신중함 뒤에 구직 활동…
C0422	C	48	남자	스포츠 강사 및 트레이너	경기	경기-오산시	#1인사업자 #고디지털 #육아	이재훈 씨는 ICT 전공 지식을 운동에 접목한 스마트한 트레이너이자, 오산의 정겨운 골목 문화와 술자리를 사랑하는 40대 가장…
C0423	C	31	여자	무대 및 세트 디자이너	경기	경기-시흥시	#1인사업자 #저디지털	장현진 씨는 시흥 배곧신도시에서 어머니와 거주하며 대형 무대를 꿈꾸는 31세의 섬세한 무대 디자이너이자, 전국의 노포를 섭렵하…
C0424	C	52	여자	그 외 제품 디자이너	대전	대전-유성구	#1인사업자 #육아	한춘미 씨는 대전 유성구에서 가족을 살뜰히 보듬는 따뜻한 어머니이자, 소상공인의 공간을 세밀하게 설계하는 전문 디자이너로서 지…
C0425	C	53	여자	그 외 제품 디자이너	서울	서울-도봉구	#1인사업자 #육아	이은수 씨는 도봉구에서 활동하는 섬세한 감각의 제품 디자이너로, 일상의 작은 아름다움을 통해 위로를 건네며 가족과 함께 서울의…
C0426	C	38	여자	유치원 원장	부산	부산-수영구	#1인사업자 #육아	김선옥 씨는 부산 수영구에서 내실 있는 유치원을 운영하며 내 집 마련의 꿈을 향해 달려가는, 강단 있고 실속 있는 성격의 30…
C0427	C	34	여자	전직 온라인 쇼핑 판매원, 현재 구직중	경기	경기-안양시 동안구	#1인사업자 #육아	김한샘 씨는 인문학적 소양과 치밀한 계획성을 겸비한 34세 여성으로, 과거 온라인 판매업의 경험을 바탕으로 안양 지역에서 안정…
C0428	C	40	남자	기업 대표이사	경기	경기-김포시	#1인사업자 #육아 #테크회의론	권정현 씨는 김포에서 내실 있는 사업 성장을 꿈꾸는 사업가이자, 고도비만이라는 건강 숙제를 안고 가족과 지역 사회에 헌신하는 …
C0429	C	20	남자	소규모 상점 일선 관리 종사원	경상남	경상남-창원시 의창구	#1인사업자	정도현 씨는 창원의 소규모 매장을 관리하며 안정적인 일상과 소소한 취미 생활을 즐기는 현실적인 20대 청년입니다.
C0430	C	61	남자	교육 분야 시간강사	서울	서울-관악구	#1인사업자 #저디지털	유창백 씨는 관악구에서 자가 주택에 거주하며 손주들과 함께 사는 61세 교육 강사로, 꼼꼼한 성격과 다정한 품성을 지녔으며 자…
C0431	C	32	여자	그 외 제품 디자이너	서울	서울-구로구	#1인사업자 #고디지털 #육아	류은혜 씨는 보건복지 지식과 정밀한 디자인 기술을 결합해 모두를 위한 생활 보조 기구를 만들고자 하는, 체계적이고 야심 찬 3…
C0432	C	42	남자	게임 그래픽 디자이너	서울	서울-강서구	#1인사업자 #육아	박한철 씨는 강서구 화곡동에서 자수성가한 실력파 게임 디자이너로, 가족에 대한 깊은 책임감과 내면의 예민함을 동시에 지닌 인물…
C0433	C	57	여자	보험 중개인	광주	광주-서구	#1인사업자 #약관정독	박은경 씨는 광주 서구에서 활동하는 고소득 보험 중개인으로, 날카로운 비즈니스 감각과 전라도의 풍요로운 정서를 동시에 지닌 실…
C0434	C	44	남자	그 외 시각 디자이너	서울	서울-마포구	#1인사업자 #고디지털 #육아	송익선 씨는 마포구에 거주하며 기술적 정밀함과 예술적 감각을 겸비한 44세의 베테랑 영상 디자이너이자, 가족과 자연을 사랑하는…
C0435	C	33	여자	인사 컨설턴트	서울	서울-동작구	#1인사업자 #고디지털	이시현 씨는 세련된 외면과 날카로운 전문성을 갖춘 인사 컨설턴트이지만, 내면에는 완벽주의적 강박과 정서적 불안을 안고 살아가는…
C0436	C	53	여자	소규모 상점 일선 관리 종사원	대구	대구-서구	#1인사업자 #육아	오은숙 씨는 대구 서구의 성실한 상점 관리자로, 부모님을 향한 깊은 효심과 완벽한 일 처리 능력을 갖췄지만 건강 관리에 서툰 …
C0437	C	37	남자	그 외 시각 디자이너	경기	경기-부천시 원미구	#1인사업자 #육아	홍승재 씨는 가족의 안정을 최우선으로 생각하며 꼼꼼한 디자인 작업과 소소한 게임, 그리고 고단한 건강 관리 사이에서 삶의 균형…
C0438	C	50	여자	그 외 상품 중개인 및 경매사	대구	대구-남구	#1인사업자 #저디지털	이경미 씨는 꼼꼼한 일 처리와 털털한 성격을 지닌 50대 상품 중개인으로, 외로움을 친구와 취미로 달래며 소박한 노후를 준비하…
C0439	C	42	남자	부동산 감정 전문가	서울	서울-강남구	#1인사업자 #고디지털	양기정 씨는 강남의 세련된 도시 감성과 꼼꼼한 전문성을 갖췄지만, 혈당 관리라는 현실적인 숙제와 디저트에 대한 갈망 사이에서 …
C0440	C	53	남자	보험 중개인	경기	경기-양주시	#1인사업자 #약관정독 #육아 #테크회의론	이재희 씨는 양주 지역 사회의 신뢰를 받는 베테랑 보험 중개인이자, 가족의 행복과 안정을 최우선으로 여기는 다정하고 사교적인 …
C0441	C	35	남자	디스플레이 디자이너	경기	경기-안양시 동안구	#1인사업자 #육아	문한호 씨는 효율과 실용을 중시하는 디스플레이 디자이너이자, 가족의 안정을 최우선으로 생각하는 안양의 30대 가장입니다.
C0442	C	32	여자	유치원 원장	경기	경기-남양주시	#1인사업자 #육아	김미희 씨는 다산신도시에서 유치원을 운영하는 꼼꼼하고 예민한 원장으로, 내면의 불안을 미식과 예술, 정적인 휴식으로 다스리며 …
C0443	C	72	남자	액세서리 디자이너	서울	서울-송파구	#1인사업자 #저디지털 #접근성	전석조 씨는 송파구에서 평생을 보낸 섬세한 감각의 액세서리 디자이너로, 가족과 신앙 그리고 예술적 성취 속에서 조용한 노후를 …
C0444	C	34	남자	전직 온라인 쇼핑 판매원, 현재 구직중	광주	광주-광산구	#1인사업자 #고디지털 #창업준비	이준순 씨는 공학적 분석력과 온라인 판매 경험을 모두 갖춘 34세 구직자로, 화려한 성공보다는 규칙적인 일상이 주는 안정을 꿈…
C0445	C	54	여자	전직 학습지 방문강사, 현재 구직중	경기	경기-군포시	#1인사업자 #육아	김경순 씨는 군포 산본에서 방문강사로 활동하며 다져진 탁월한 공감 능력과 유연함을 가진 50대 여성으로, 가족과 자연이 주는 …
C0446	C	84	여자	부동산 중개사	경상남	경상남-창원시 진해구	#1인사업자 #저디지털 #접근성 #테크회의론	양소임 씨는 진해의 역사와 사람을 잇는 부동산 중개사로 살아가며, 소박한 일상과 가족의 사랑 속에서 평온함을 찾는 84세 어르…
C0447	C	21	여자	전직 학습지 방문강사, 현재 구직중	강원	강원-동해시	#1인사업자 #고디지털	허류은 씨는 강원도 동해시에 거주하며 꼼꼼한 성격으로 교육 행정직 취업을 준비하는, 역사 유적지 혼자 여행을 즐기는 21세 청…
C0448	C	54	남자	부동산 컨설턴트	서울	서울-은평구	#1인사업자 #육아	최경일 씨는 은평구에서 발로 뛰는 부동산 전문가로, 건강 관리의 필요성을 느끼면서도 낚시와 온천 여행을 즐기며 내 집 마련의 …
C0449	C	39	남자	소규모 상점 일선 관리 종사원	인천	인천-남동구	#1인사업자 #저디지털 #창업준비 #테크회의론	이호석 씨는 인천 남동구에서 소매점을 관리하며 안정적인 자영업자의 꿈을 키우는, 책임감 강하고 가족을 아끼는 39세 남성입니다…
C0450	C	20	남자	무대 및 세트 디자이너	서울	서울-송파구	#1인사업자	한민혁 씨는 K-팝 무대 정복을 꿈꾸는 꼼꼼한 20세 무대 디자이너로, 외향적인 성격과 고도비만이라는 건강 고민을 동시에 안고…
C0451	C	40	여자	예술 및 인문학 시간강사	경기	경기-성남시 분당구	#1인사업자 #육아	김성미 씨는 분당에서 거주하며 인문학적 소양과 현실적인 육아 사이의 간극을 메우려 노력하는, 독립적인 교육 브랜드 운영을 꿈꾸…
C0452	C	54	여자	부동산 중개사	대구	대구-동구	#1인사업자 #약관정독 #육아 #테크회의론	조주영 씨는 대구 동구에서 성실하게 뿌리를 내린 베테랑 부동산 중개사로, 소박한 일상의 휴식과 가족의 안정을 최우선으로 여기는…
C0453	C	43	여자	그 외 미디어 콘텐츠 디자이너	세종	세종-세종시	#1인사업자 #육아	이영신 씨는 세종시에 거주하며 기술적 토대와 실용적 감각을 겸비한 미디어 디자이너로, 가족과의 화목한 일상과 개인적인 휴식의 …
C0454	C	74	남자	부동산 중개사	부산	부산-영도구	#1인사업자 #저디지털 #접근성	이동식 씨는 부산 영도구의 지리에 능통한 74세 부동산 중개사로, 소박한 소득에도 불구하고 가족과 이웃, 그리고 롯데 자이언츠…
C0455	C	29	남자	보험 중개인	경기	경기-고양시 일산서구	#1인사업자 #육아	김동현 씨는 탁월한 공감 능력으로 성공한 젊은 보험 중개인이자, 가족의 온기와 역동적인 여가 활동 사이에서 삶의 균형을 찾아가…
C0456	C	41	여자	부동산 감정 전문가	서울	서울-용산구	#1인사업자 #육아 #저디지털	정효주 씨는 용산의 공간 가치를 읽어내는 냉철한 감정평가사이며, 예술적 감성과 가족에 대한 사랑으로 일상을 채우는 40대 여성…
C0457	C	38	남자	그 외 상품 중개인 및 경매사	서울	서울-서초구	#1인사업자 #테크회의론	윤용탁 씨는 경매 현장의 치열함과 일상의 고요함 사이에서 균형을 잡으며, 소박한 안정과 정갈한 삶을 추구하는 신중한 관찰자입니…
C0458	C	51	여자	게임 그래픽 디자이너	경기	경기-수원시 영통구	#1인사업자	배진희 씨는 인문학적 소양을 바탕으로 게임 그래픽의 정교함을 추구하며, 철저한 자기 관리와 규칙적인 일상으로 삶의 안정을 유지…
C0459	C	46	남자	기업 대표이사	경기	경기-수원시 영통구	#1인사업자 #고디지털 #약관정독	문청묵 씨는 수원에서 정밀 의료기기 업체를 운영하는 40대 중반의 경영자로, 원칙과 유연함을 겸비했으나 건강 관리와 가족 관계…
C0460	C	31	여자	정보 통신 컨설턴트	서울	서울-성동구	#1인사업자 #고디지털	김나은 씨는 성동구 단독주택에 거주하며 인문학적 감성과 IT 전문성을 동시에 갖춘 정보 통신 컨설턴트로, 안정적인 일상과 가족…
C0461	C	49	여자	인사 컨설턴트	인천	인천-연수구	#1인사업자 #육아	한지윤 씨는 수학적 정밀함과 타인에 대한 세심한 배려를 동시에 갖춘, 송도에 거주하는 꼼꼼하고 유연한 인사 컨설턴트입니다.
C0462	C	56	여자	의상 디자이너	서울	서울-강동구	#1인사업자	인유경 씨는 강동구에 거주하며 가죽 공예의 장인 정신과 인문학적 소양을 겸비한, 활기차고 계획적인 50대 전문직 여성입니다.
C0463	C	32	여자	부동산 중개사	대구	대구-달성군	#1인사업자	김은영 씨는 대구 달성군에서 신뢰받는 부동산 중개사로 활동하며, 건강 관리와 자산 증식이라는 두 마리 토끼를 잡으려는 32세 …
C0464	C	46	남자	부동산 감정 전문가	부산	부산-동구	#1인사업자 #고디지털 #육아	이우근 씨는 부산 원도심의 가치를 정밀하게 매기는 부동산 감정 전문가이자, 90년대 감성과 가족에 대한 깊은 애정으로 일상을 …
C0465	C	57	남자	사용자 경험 및 인터페이스 디자이너	경기	경기-수원시 영통구	#1인사업자 #저디지털	한진호 씨는 아날로그 출판의 기억을 디지털 UX 디자인으로 승화시킨 50대 전문가이자, 가족과 동료를 아끼는 정 많은 수원 영…
C0466	C	74	남자	체육 및 그 외 분야 시간강사	서울	서울-노원구	#1인사업자 #저디지털 #접근성 #테크회의론	김상언 씨는 노원구의 평범한 아파트에 거주하며 가르치는 기쁨으로 살아가는, 예술적 감수성과 소박한 일상을 사랑하는 70대 시간…
C0467	C	40	여자	교육 분야 시간강사	충청남	충청남-아산시	#1인사업자 #테크회의론	이은주 씨는 아산에서 활동하는 교육학 전공의 시간강사로, 전문성에 대한 자부심과 고용 불안 사이의 갈등을 골프와 산책, 소소한…
C0468	C	64	남자	보험 중개인	서울	서울-마포구	#1인사업자 #약관정독	심대규 씨는 인문학적 소양을 갖춘 꼼꼼한 보험 중개인이자, 건강 관리와 소소한 술자리 사이에서 균형을 잡으려 애쓰는 마포구의 …
C0469	C	23	여자	전직 부동산 감정 전문가, 현재 구직중	서울	서울-관악구	#1인사업자 #저디지털	박수정 씨는 공학적 분석력과 예술적 감수성을 동시에 가진 전직 부동산 감정 전문가로, 사람의 기억이 머무는 공간 기획자를 꿈꾸…
C0470	C	19	여자	그 외 상품 중개인 및 경매사	대전	대전-동구	#1인사업자	박해솔 씨는 대전 동구 시장통에서 잔뼈가 굵은 19세 상품 중개인으로, 가족의 더 나은 주거 환경을 위해 야무지게 돈을 모으는…
C0471	C	54	여자	부동산 중개사	경기	경기-고양시 일산서구	#1인사업자 #약관정독 #육아	김경남 씨는 일산서구에서 활동하는 친절한 부동산 중개사이자, 내 집 마련의 꿈을 품고 가족과 반려견을 지극히 아끼는 50대 여…
C0472	C	50	남자	보험 중개인	제주	제주-제주시	#1인사업자 #고디지털 #약관정독 #육아 #테크회의론	정상재 씨는 제주의 공동체 정서를 바탕으로 신뢰받는 보험 중개인으로 활동하며, 건강 관리와 가족의 안정을 최우선으로 생각하는 …
C0473	C	53	남자	기업 대표이사	경상북	경상북-영덕군	#1인사업자 #테크회의론	임동국 씨는 법과 행정 지식을 바탕으로 지역 사회에 헌신하는 영덕의 운송업체 대표로, 소박한 일상과 관계의 소중함을 아는 중년…
C0474	C	25	남자	그 외 시각 디자이너	서울	서울-서초구	#1인사업자 #고디지털	최민혁 씨는 서초구에 뿌리를 둔 인문학적 감성의 시각 디자이너로, 완벽주의적 업무 태도와 역동적인 스포츠 활동 사이에서 삶의 …
C0475	C	30	여자	그 외 미디어 콘텐츠 디자이너	경기	경기-용인시 수지구	#1인사업자 #육아 #저디지털 #테크회의론	허다혜 씨는 용인 수지의 조용한 일상 속에서 디지털 디자인 기술과 아날로그적 감성의 균형을 맞추며 살아가는, 배려심 많고 현실…
C0476	C	43	여자	전직 소규모 상점 일선 관리 종사원, 현재 구직중	부산	부산-해운대구	#1인사업자 #육아 #테크회의론	이지혜 씨는 고학력자의 논리와 시장 상인의 유연함을 모두 가진 채, 가족과의 균형 잡힌 삶을 꿈꾸며 재취업을 준비하는 해운대의…
C0477	C	63	남자	부동산 감정 전문가	서울	서울-서대문구	#1인사업자	홍강호 씨는 서대문구에서 활동하는 유연한 사고의 부동산 감정 전문가이자, 가족과 스포츠를 사랑하는 활동적인 60대 가장입니다.
C0478	C	27	남자	부동산 컨설턴트	경기	경기-부천시 소사구	#1인사업자 #육아 #저디지털	김호연 씨는 부동산 컨설턴트로 일하며 공간 재생의 꿈을 키우는, 섬세한 예술적 감성과 현실적인 분석력을 동시에 지닌 20대 청…
C0479	C	24	여자	의상 디자이너	경기	경기-화성시	#1인사업자	김서윤 씨는 보건복지 지식을 패션에 접목해 유니버설 디자인을 꿈꾸는 사회초년생 디자이너로, 동탄의 안정적인 가정 환경 속에서 …
C0480	C	73	여자	부동산 중개사	인천	인천-계양구	#1인사업자 #약관정독 #저디지털 #접근성 #테크회의론	이길순 씨는 계양구의 지리에 밝은 베테랑 부동산 중개사이자, 가족의 사랑과 트로트의 흥으로 노년의 외로움을 이겨내는 강인한 여…
C0481	C	38	여자	보험 중개인	부산	부산-남구	#1인사업자 #약관정독 #육아 #테크회의론	임혜리 씨는 부산 남구에서 자수성가한 보험 중개인으로, 꼼꼼한 성격과 지역 사회의 신뢰를 바탕으로 안정적인 삶을 꾸려가는 30…
C0482	C	21	여자	유치원 원장	서울	서울-송파구	#1인사업자	김예원 씨는 21세라는 어린 나이에 원장이라는 무거운 책임감을 짊어졌지만, 톡톡 튀는 감성과 세심한 공감 능력으로 자신만의 교…
C0483	C	72	남자	부동산 중개사	서울	서울-광진구	#1인사업자 #약관정독 #저디지털 #접근성	유상준 씨는 서울 광진구 구의동의 살아있는 역사이자, 이웃의 신뢰를 바탕으로 정직하게 일하는 성실하고 노련한 70대 부동산 중…
C0484	C	27	여자	보험 중개인	대전	대전-서구	#1인사업자 #고디지털 #약관정독 #육아	오담경 씨는 꼼꼼한 업무 능력으로 인정받는 보험 중개인이자, 원도심에 자신만의 취향이 담긴 숍을 꿈꾸며 예술과 미식을 탐닉하는…
C0485	C	48	여자	보험 중개인	광주	광주-광산구	#1인사업자 #약관정독 #육아	윤민주 씨는 타인의 시선에 민감한 불안감을 전문적인 상담 능력과 가족에 대한 사랑으로 승화시키며 살아가는 광주의 섬세한 보험 …
C0486	C	29	남자	인테리어 디자이너	서울	서울-관악구	#1인사업자 #육아	송주혁 씨는 현장 경험을 무기로 성장 중인 29세 인테리어 디자이너로, 부모님과 함께 살며 게임과 운동으로 일상의 균형을 잡으…
C0487	C	60	여자	전직 그 외 제품 디자이너, 현재 구직중	울산	울산-동구	#1인사업자	송명숙 씨는 울산 동구의 정밀한 자동차 디자이너 출신으로, 철저한 자기관리와 예술적 감수성을 겸비한 채 지역 소상공인을 위한 …
C0488	C	56	남자	보험 중개인	대전	대전-동구	#1인사업자 #약관정독	최영철 씨는 대전 동구의 정취를 사랑하며, 따뜻한 공감 능력으로 보험업에 종사하며 가족의 안정을 최우선으로 생각하는 50대 가…
C0489	C	38	여자	정보 통신 컨설턴트	인천	인천-연수구	#1인사업자 #육아	이수연 씨는 인천 송도에서 활동하는 38세 정보 통신 컨설턴트로, 전문적인 커리어와 소박한 가정생활 사이의 균형을 찾으며 살아…
C0490	C	70	남자	부동산 중개사	부산	부산-금정구	#1인사업자 #저디지털 #접근성	심종호 씨는 부산 금정구의 지리를 꿰뚫고 있는 무뚝뚝한 부동산 중개사로, 당뇨와 비만이라는 건강상의 결점을 안고 살면서도 가족…
C0491	C	51	남자	부동산 감정 전문가	서울	서울-송파구	#1인사업자 #약관정독	오영수 씨는 송파구에서 활동하는 51세의 베테랑 부동산 감정 전문가로, 보수적인 가치관과 실용적인 공학적 전문성을 바탕으로 부…
C0492	C	40	남자	부동산 중개사	서울	서울-종로구	#1인사업자	유시환 씨는 서촌의 정취와 현대적 감각을 동시에 품은 부동산 중개사로, 건강한 신체와 유연한 성격으로 지역 사회에 녹아들어 마…
C0493	C	44	남자	소규모 상점 일선 관리 종사원	경기	경기-양주시	#1인사업자 #고디지털 #육아	마현준 씨는 양주시에서 소규모 상점을 관리하며 자가 아파트와 가족의 안정을 지키기 위해 성실히 살아가는, 예민함과 다정함을 동…
C0494	C	43	남자	소규모 상점 일선 관리 종사원	경기	경기-남양주시	#1인사업자 #육아 #창업준비	조경배 씨는 서비스 경영의 전문성과 현장의 치열함을 모두 갖춘 40대 가장으로, 소박한 일상 속에서 낚시와 음악으로 숨을 고르…
C0495	C	45	남자	기업 대표이사	부산	부산-부산진구	#1인사업자 #약관정독	이현민 씨는 운송업을 경영하는 실속파 지식인이자, 건강 적신호와 업무 스트레스를 예술과 가족에 대한 사랑으로 다스리는 부산의 …
C0496	C	64	남자	기업 대표이사	경기	경기-부천시 소사구	#1인사업자	김우기 씨는 ICT 기술을 접목해 폐기물 처리 업체를 경영하는 꼼꼼한 대표이자, 등산과 임영웅 영상 시청을 즐기며 아내와 평온…
C0497	C	43	남자	기업 대표이사	서울	서울-노원구	#1인사업자 #육아 #저디지털 #테크회의론	유성현 씨는 사회과학 전공의 통찰력과 부드러운 리더십을 가진 사업가로, 노원구의 안정적인 가정생활 속에서 시사 상식과 소소한 …
C0498	C	21	남자	방송 및 시나리오 작가	서울	서울-관악구	#1인사업자 #고디지털	임재영 씨는 관악구에 거주하며 숏폼 트렌드를 읽는 성실한 방송 작가로, 실용적인 삶과 미식의 즐거움을 동시에 추구하는 21세 …
C0499	C	25	여자	전직 학습지 방문강사, 현재 구직중	인천	인천-서구	#1인사업자 #육아	박세라 씨는 인천 서구에 거주하며 아이를 키우는 25세의 전직 학습지 강사로, 뛰어난 친화력과 실용적인 삶의 태도를 바탕으로 …
C0500	C	33	남자	부동산 감정 전문가	서울	서울-송파구	#1인사업자 #약관정독 #육아	김호근 씨는 송파구에 거주하는 33세 부동산 감정 전문가로, 체계적인 업무 능력과 유연한 대인 관계를 갖췄지만 건강 관리와 보…
C0501	C	32	남자	전직 노점 및 이동 판매원, 현재 구직중	서울	서울-금천구	#1인사업자 #가격깐깐 #육아	김용식 씨는 금천구 시흥동에서 부모님과 함께 살며, 거리 판매의 영업 감각과 꼼꼼함을 바탕으로 물류 관리직 재취업을 준비하는 …
C0502	C	71	남자	기업 대표이사	서울	서울-강동구	#1인사업자 #저디지털 #접근성	정현태 씨는 수학적 이성과 인간적인 느슨함을 동시에 지닌 채, 강동구에서 사업과 가족을 돌보며 노포의 맛과 최신 기술을 동시에…
C0503	C	48	여자	부동산 감정 전문가	서울	서울-동작구	#1인사업자 #육아 #테크회의론	김선미 씨는 전문적인 부동산 감정 역량과 인문학적 소양을 겸비한 채, 3세대 가구의 책임감 있는 중심축으로 살아가는 40대 여…
C0504	C	53	남자	기업 대표이사	서울	서울-서대문구	#1인사업자 #육아	이동훈 씨는 현장의 거친 숨결을 다스리는 부드러운 리더십과 내면의 불안을 동시에 품은, 내실을 중시하는 50대 건설업 대표입니…
C0505	C	32	남자	무대 및 세트 디자이너	경기	경기-화성시	#1인사업자 #육아 #테크회의론	이진형 씨는 공학적 정밀함으로 무대를 설계하는 30대 디자이너로, 동탄에서 어머니와 함께하며 배달 음식의 유혹과 건강 관리 사…
C0506	C	44	여자	의상 디자이너	광주	광주-광산구	#1인사업자 #육아	고설화 씨는 광주에서 활동하는 섬세한 감성의 의상 디자이너로, 가족에 대한 책임감과 예술적 자아 사이에서 균형을 잡으며 살아가…
C0507	C	41	여자	스포츠 강사 및 트레이너	서울	서울-마포구	#1인사업자 #육아	이선희 씨는 마포구에서 활동하는 베테랑 스포츠 트레이너로, 철저한 자기관리와 전국 빵지순례라는 소박한 일탈 사이에서 균형을 잡…
C0508	C	20	남자	소규모 상점 일선 관리 종사원	서울	서울-동작구	#1인사업자	김대선 씨는 동작구에서 성실하게 일하며 자신만의 작은 가게를 꿈꾸는, 현실적이면서도 섬세한 감성을 가진 20대 청년입니다.
C0509	C	35	여자	소규모 상점 일선 관리 종사원	인천	인천-서구	#1인사업자 #고디지털 #육아	오주원 씨는 인천에서 아이를 키우며 소매점 관리자로 일하는 35세 여성으로, 꼼꼼한 업무 처리 능력과 스노보드라는 강렬한 취미…
C0510	C	38	남자	전직 그 외 상품 중개인 및 경매사, 현재 구직중	경기	경기-안양시 동안구	#1인사업자 #고디지털 #육아	박수훈 씨는 평촌에 거주하며 공학적 정밀함과 상업적 유연함을 동시에 갖췄지만, 현재는 구직의 불안함과 건강 관리의 어려움 사이…
C0511	C	39	남자	부동산 감정 전문가	서울	서울-용산구	#1인사업자 #육아	홍찬웅 씨는 전문적인 부동산 감정 능력을 갖췄음에도 경제적 결핍과 현실의 벽에 부딪혀 고군분투하는, 하지만 가족에 대한 사랑과…
C0512	C	57	여자	부동산 감정 전문가	서울	서울-마포구	#1인사업자	김미정 씨는 공학적 지식과 부동산 감정 전문성을 갖춘 50대 여성으로, 예술적 취향과 가족에 대한 깊은 책임감을 지닌 채 마포…
C0513	C	38	남자	그 외 시각 디자이너	경기	경기-수원시 권선구	#1인사업자	박호철 씨는 수원에서 실무 능력을 인정받는 베테랑 디자이너로, 안정적인 일상과 가족에 대한 사랑, 그리고 소소한 유흥을 통해 …
C0514	C	24	여자	전직 그 외 상품 중개인 및 경매사, 현재 구직중	인천	인천-연수구	#1인사업자	안차연 씨는 송도의 정돈된 감성과 유통 시장의 야생성을 모두 가진 24세 구직자로, 소금빵 투어와 사우나를 사랑하며 소통의 가…
C0515	C	40	여자	전직 예술 및 인문학 시간강사, 현재 구직중	서울	서울-송파구	#1인사업자 #육아 #테크회의론	강성미 씨는 미학을 전공한 지적 욕구와 현실의 육아 및 구직 사이에서 균형을 찾으려 애쓰는, 섬세하고 예술적인 감성을 지닌 4…
C0516	C	41	남자	전직 온라인 쇼핑 판매원, 현재 구직중	인천	인천-미추홀구	#1인사업자 #육아	피성환 씨는 인천 미추홀구에 거주하며 공학적 분석력과 유통 경험을 바탕으로 제조 브랜드 런칭을 꿈꾸는, 넉살 좋고 손재주 많은…
C0517	C	33	여자	무대 및 세트 디자이너	강원	강원-영월군	#1인사업자 #육아	유수민 씨는 영월의 자연을 세련된 무대로 구현해내고 싶어 하는, 감각적이고 외향적인 무대 디자이너입니다.
C0518	C	44	남자	보험 중개인	울산	울산-중구	#1인사업자 #약관정독 #육아	김현호 씨는 울산 중구에서 실전 감각으로 승부하는 고소득 보험 중개인이자, 가족과 스포츠, 웹툰을 사랑하는 40대 가장입니다.
C0519	C	46	여자	보험 중개인	강원	강원-정선군	#1인사업자 #약관정독 #테크회의론	조서아 씨는 정선의 믿음직한 보험 전문가이자, 배드민턴과 영화로 삶의 균형을 맞추며 단단한 자아를 가꿔가는 40대 여성입니다.
C0520	C	29	여자	무대 및 세트 디자이너	경기	경기-성남시 분당구	#1인사업자	문유희 씨는 분당에 거주하며 무대 디자인을 통해 공간의 서사를 구현하는 20대 후반의 예술가적 기질을 가진 직장인입니다.
C0521	C	33	여자	그 외 시각 디자이너	서울	서울-강동구	#1인사업자 #저디지털	우은지 씨는 강동구에 거주하며 정갈한 책을 만드는 시각 디자이너로, 빵에 대한 집착과 뱃살이라는 작은 고민을 가진 차분하고 계…
C0522	C	51	남자	보험 중개인	경기	경기-양주시	#1인사업자 #고디지털 #약관정독 #육아 #테크회의론	이종헌 씨는 양주시에서 정직함과 꼼꼼함으로 승부하는 성공한 보험 중개인이자, 건강 관리와 식탐 사이에서 갈등하면서도 가족의 행…
C0523	C	58	남자	부동산 감정 전문가	경기	경기-수원시 권선구	#1인사업자	이승호 씨는 수원 권선구에서 현장 감각이 뛰어난 부동산 감정 전문가로 활동하며, 가족과 자연 그리고 사진을 사랑하는 다정하고 …
C0524	C	34	여자	부동산 감정 전문가	서울	서울-성북구	#1인사업자 #고디지털 #육아	장유리 씨는 성북동의 정갈함을 닮은 부동산 감정 전문가로, 완벽주의적인 업무 태도와 미식에 대한 집요한 탐구심을 가진 34세 …
C0525	C	66	남자	그 외 상품 중개인 및 경매사	서울	서울-은평구	#1인사업자 #저디지털	남문남 씨는 은평구에서 잔뼈가 굵은 노련한 경매사로, 당뇨라는 약점이 있지만 사람 냄새 나는 관계와 소소한 취미를 통해 삶의 …
C0526	C	48	남자	기업 대표이사	부산	부산-남구	#1인사업자 #고디지털 #육아 #테크회의론	김승수 씨는 부산의 건설 현장을 진두지휘하는 실속파 대표이자, 사직구장의 열광과 베란다 분재의 고요함을 동시에 품고 사는 40…
C0527	C	40	남자	전직 경영 컨설턴트, 현재 구직중	서울	서울-동대문구	#1인사업자 #고디지털	정삼열 씨는 뛰어난 분석 역량을 가진 전직 컨설턴트이자 고도비만과 불안감을 안고 살아가는, 겉모습의 정돈됨과 내면의 위축됨이 …
C0528	C	51	남자	소규모 상점 일선 관리 종사원	경기	경기-남양주시	#1인사업자 #육아	김태훈 씨는 남양주에서 작은 식당을 관리하며 가족의 안녕과 평범한 일상을 지키기 위해 성실하게 살아가는, 넉살 좋은 중년의 가…
C0529	C	63	남자	전직 온라인 쇼핑 판매원, 현재 구직중	서울	서울-강북구	#1인사업자 #고디지털	정덕환 씨는 강북구에서 온라인 쇼핑몰을 운영했던 실무 경험을 가진 60대 가장으로, 안정적인 재취업과 소박한 일상의 행복을 추…
C0530	C	44	남자	부동산 감정 전문가	경기	경기-김포시	#1인사업자 #고디지털 #육아 #테크회의론	이인식 씨는 논리적인 공학 지식과 외향적인 친화력을 겸비한 부동산 감정 전문가로, 가족과의 미식 여행과 동호회 농구 활동을 통…
C0531	C	54	남자	정보 통신 컨설턴트	서울	서울-강남구	#1인사업자 #고디지털 #테크회의론	최갑수 씨는 철저한 계획성과 전문성을 갖춘 강남의 IT 컨설턴트로, 정적인 취미와 반려견을 통해 삶의 균형을 찾는 신중한 성격…
C0532	C	36	여자	액세서리 디자이너	경기	경기-안양시 동안구	#1인사업자	배승현 씨는 안양 평촌에 거주하며 섬세한 감각으로 장신구를 만드는 30대 중반의 예민하고 다정한 액세서리 디자이너입니다.
C0533	C	53	남자	기업 대표이사	경상남	경상남-김해시	#1인사업자 #육아	김상국 씨는 김해에서 폐기물 처리 업체를 운영하며 내 집 마련을 꿈꾸는, 뚝심 있는 현장 전문가이자 가족을 사랑하는 푸근한 5…
C0534	C	20	남자	사회과학·경영 및 법학 시간강사	경기	경기-남양주시	#1인사업자	이기민 씨는 남양주에 거주하며 디지털 트렌드에 밝은 감각으로 사회과학을 가르치는, 자유분방하고 사교적인 20세 청년입니다.
C0535	C	60	남자	소규모 상점 일선 관리 종사원	서울	서울-서초구	#1인사업자	손재민 씨는 서초구의 작은 상점을 관리하며 그림책 서점의 꿈을 키우는, 외유내강형의 예술가적 소양을 가진 60대 가장입니다.
C0536	C	37	남자	의상 디자이너	서울	서울-강동구	#1인사업자	최성빈 씨는 보건복지 전공의 따뜻한 시선과 의상 디자이너의 정밀한 손끝을 모두 가진, 강동구에 거주하는 30대 후반의 미혼 남…
C0537	C	51	여자	소규모 상점 일선 관리 종사원	충청북	충청북-음성군	#1인사업자	이영자 씨는 음성군에서 상점을 관리하며 사람들과 어울리는 것을 좋아하는, 넉살 좋고 손재주 있는 50대 여성입니다.
C0538	C	41	여자	의상 디자이너	경기	경기-광주시	#1인사업자	김향미 씨는 언론학적 통찰을 옷에 투영하는 섬세한 디자이너로, 정적인 취미와 사회적 활력을 동시에 추구하며 삶의 균형을 찾아가…
C0539	C	45	여자	액세서리 디자이너	부산	부산-사하구	#1인사업자	이정이 씨는 부산 사하구에서 정교한 세공 기술로 신뢰를 쌓아온 액세서리 디자이너이며, 혼자만의 정돈된 삶과 예술적 취향을 가꾸…
C0540	C	79	남자	부동산 중개사	경기	경기-수원시 장안구	#1인사업자 #약관정독 #저디지털 #접근성	배근탁 씨는 공학적 전문성을 갖춘 수원 장안구의 베테랑 부동산 중개사로, 규칙적인 일상과 소박한 인간관계를 통해 삶의 안정을 …
C0541	C	56	여자	의상 디자이너	서울	서울-은평구	#1인사업자	안은주 씨는 수학적 정교함과 의상 디자인의 감각을 결합해 중년의 품격을 만드는 디자이너이자, 북한산의 자연과 가족의 온기를 사…
C0542	C	52	남자	게임 그래픽 디자이너	서울	서울-구로구	#1인사업자 #고디지털 #육아	이인철 씨는 구로의 IT 성장을 몸소 겪은 숙련된 게임 디자이너이자, 바둑과 유적지 산책으로 고독을 달래는 현실적이면서도 낭만…
C0543	C	69	남자	전직 노점 및 이동 판매원, 현재 구직중	부산	부산-기장군	#1인사업자 #저디지털	조태호 씨는 기장 시장의 베테랑 판매원 출신으로, 건강상의 제약과 실업 상태 속에서도 새로운 일자리를 찾으며 활기찬 노후를 설…
C0544	C	38	여자	유치원 원장	서울	서울-강동구	#1인사업자 #육아	홍세영 씨는 공학적 체계성과 교육자의 세심함을 동시에 갖춘 유치원 원장으로, 강동구에서 가족과 함께 실용적이고 평온한 삶을 일…
C0545	C	43	여자	미용사	인천	인천-계양구	#1인사업자 #테크회의론	최슬기 씨는 인천 계양구에서 중년 여성들의 마음을 사로잡은 실력파 미용사로, 부모님을 향한 효심과 개인적 성취 사이에서 균형을…
C0546	C	43	여자	정보 통신 컨설턴트	서울	서울-강남구	#1인사업자 #고디지털 #테크회의론	김지은 씨는 강남의 3세대 가구 속에서 조율자로 살아가며, IT 컨설팅 분야의 안정적인 숙련가로서 내면의 불안을 정적인 휴식과…
C0547	C	29	여자	그 외 시각 디자이너	인천	인천-중구	#1인사업자	이유빈 씨는 인천 중구의 전통과 현대가 공존하는 환경에서 자라, 꼼꼼한 업무 처리 능력과 강한 승부욕, 그리고 전통적 가치와 …
C0548	C	51	여자	방송 및 시나리오 작가	서울	서울-영등포구	#1인사업자 #육아 #저디지털	오명자 씨는 인문학적 통찰로 인간의 고독을 그려내는 섬세한 작가이자, 가족의 온기와 아날로그적 정서를 사랑하는 50대 여성입니…
C0549	C	49	남자	부동산 감정 전문가	서울	서울-중구	#1인사업자 #고디지털 #육아 #테크회의론	조상길 씨는 서울 중구에서 활동하는 치밀한 부동산 감정 전문가이자, 가족과 함께하는 정적인 휴식과 건강 관리를 위해 노력하는 …
C0550	C	36	남자	기업 대표이사	경기	경기-평택시	#1인사업자 #육아	박동근 씨는 현장 기술력으로 자수성가한 평택의 젊은 대표지만, 내면에는 학력 콤플렉스와 가족에 대한 책임감이라는 불안과 희망을…
C0551	C	39	여자	부동산 감정 전문가	경기	경기-고양시 덕양구	#1인사업자 #육아	오아름 씨는 예술적 감수성과 현실적인 전문성을 동시에 갖춘 부동산 감정 전문가이자, 가족과 함께하는 안정적인 일상을 최우선으로…
C0552	C	54	남자	소규모 상점 일선 관리 종사원	경상남	경상남-진주시	#1인사업자 #육아	오성의 씨는 특유의 친화력으로 진주에서 상점을 운영하며, 가족과 함께할 제주도 여행을 꿈꾸는 성실하고 다정한 50대 가장입니다…
C0553	C	32	남자	부동산 감정 전문가	서울	서울-양천구	#1인사업자 #육아	정성현 씨는 공학적 전문성과 예술적 감수성 사이에서 균형을 찾으며, 안양천의 바람과 시티팝의 선율 속에서 위안을 얻는 서른두 …
C0554	C	65	남자	전직 농수산물 중개인 및 경매사, 현재 구직중	경상북	경상북-성주군	#1인사업자 #저디지털 #테크회의론	강대호 씨는 성주 멜론 유통의 베테랑이었으나 현재는 별채에서 홀로 고전 영화와 퍼즐 게임으로 무료함을 달래며 재취업을 꿈꾸는 …
C0555	C	42	남자	웹 디자이너	서울	서울-영등포구	#1인사업자 #고디지털 #육아	정태환 씨는 문래동에서 일하는 40대 웹 디자이너로, 전문적인 실무 능력과 자유로운 예술가적 기질 사이에서 균형을 잡으며 가족…
C0556	C	46	남자	부동산 감정 전문가	인천	인천-남동구	#1인사업자 #육아	김현우 씨는 인천 남동구에서 활동하는 분석적인 부동산 감정 전문가이자, 건강 관리와 가족의 안정을 최우선으로 생각하는 성실하고…
C0557	C	48	남자	부동산 컨설턴트	서울	서울-성북구	#1인사업자 #육아 #테크회의론	권경민 씨는 공학적 전문성과 탁월한 사교성을 갖춘 성북구의 부동산 컨설턴트로, 불안정한 경제 상황과 건강 적신호 속에서도 가족…
C0558	C	64	남자	부동산 컨설턴트	서울	서울-광진구	#1인사업자	양은종 씨는 인문학적 감수성과 부동산 컨설팅 능력을 결합해 공간에 정서적 가치를 부여하며, 소박한 일상 속에서 예술적 영감을 …
C0559	C	44	여자	정보 통신 컨설턴트	경기	경기-고양시 일산동구	#1인사업자 #고디지털 #육아 #테크회의론	김희경 씨는 IT 컨설팅 분야의 전문성과 사교적인 성격, 그리고 일산 중산층의 세련된 생활 양식을 조화롭게 유지하며 살아가는 …
C0560	C	45	여자	게임 그래픽 디자이너	대전	대전-서구	#1인사업자 #육아	김보미 씨는 대전 둔산동에서 가족과 일의 균형을 맞추려 노력하는 숙련된 게임 디자이너이자, 배려심 깊은 모습 뒤에 자신만의 작…
C0561	C	27	여자	부동산 감정 전문가	경상남	경상남-창원시 의창구	#1인사업자 #고디지털	이민서 씨는 수학적 분석력으로 부동산 가치를 평가하며 도시 재생을 꿈꾸는, 계획적인 일상과 소란스러운 취미 사이를 오가는 27…
C0562	C	37	여자	소규모 상점 일선 관리 종사원	대전	대전-유성구	#1인사업자 #고디지털 #약관정독 #육아	이지우 씨는 법학 전공의 꼼꼼함과 서비스업의 유연함을 겸비한 유성구의 식당 관리자로, 육아와 경제적 고단함 속에서도 팟캐스트와…
C0563	C	71	여자	부동산 중개사	서울	서울-도봉구	#1인사업자 #저디지털 #접근성	류영자 씨는 도봉구 지리에 능통한 꼼꼼한 부동산 중개사이자, 가족에 대한 책임감과 실속 있는 삶의 태도로 노후를 준비하는 강인…
C0564	C	31	여자	미용사	경기	경기-이천시	#1인사업자	안희서 씨는 이천에서 일하는 성실한 미용사로, 배려심 깊은 성격 뒤에 소소한 일탈과 휴식을 즐기며 소박한 미래를 준비하는 31…
C0565	C	63	남자	정보 통신 컨설턴트	대전	대전-유성구	#1인사업자 #고디지털	김종국 씨는 대덕연구단지의 전문성과 교육학적 소양을 갖춘 IT 컨설턴트로, 한화 이글스와 막걸리, 그리고 아내와의 평온한 삶을…
C0566	C	48	남자	보험 중개인	서울	서울-영등포구	#1인사업자 #약관정독 #육아	신관희 씨는 여의도에서 활동하는 능숙한 보험 중개인이자, 가족과 90년대 감성을 사랑하는 푸근한 인상의 40대 가장입니다.
C0567	C	34	남자	부동산 감정 전문가	강원	강원-원주시	#1인사업자 #육아 #테크회의론	이상훈 씨는 원주에서 부동산 감정 전문가로 활약하며 뛰어난 사교성과 전문성을 갖췄지만, 식탐과 건강 관리 소홀이라는 인간적인 …
C0568	C	53	여자	전직 온라인 쇼핑 판매원, 현재 구직중	서울	서울-구로구	#1인사업자 #가격깐깐 #고디지털 #육아	이학연 씨는 철저한 자기관리와 가계부 작성 습관을 가진 전직 온라인 판매원이자, 연남동 서점가와 클래식 음악을 사랑하는 낭만적…
C0569	C	22	여자	무대 및 세트 디자이너	서울	서울-광진구	#1인사업자	김혜수 씨는 실무 능력과 경제적 자립을 최우선으로 생각하는 22세의 야무진 무대 디자이너입니다.
C0570	C	21	남자	전직 그 외 시각 디자이너, 현재 구직중	서울	서울-성북구	#1인사업자	김동영 씨는 성북구 정릉동에 거주하는 21세의 전직 시각 디자이너로, 예술적 고집과 사교성을 동시에 갖춘 채 자신만의 브랜드를…
C0571	C	45	여자	그 외 상품 중개인 및 경매사	경기	경기-하남시	#1인사업자 #육아	김유화 씨는 하남에서 활동하는 노련한 상품 중개인으로, 실용적인 삶의 태도와 끈끈한 이웃 관계를 소중히 여기며 가족과 함께하는…
C0572	C	41	남자	사진작가	서울	서울-구로구	#1인사업자 #고디지털 #육아	유상민 씨는 구로구에서 실무 중심의 사진 스튜디오를 운영하며 가족의 안정과 일상의 소소한 맛집 탐방을 소중히 여기는 40대 가…
C0573	C	40	남자	방송 및 시나리오 작가	서울	서울-동대문구	#1인사업자 #육아	양재호 씨는 공학적 논리로 세상을 설계하는 시나리오 작가이자, 가족의 안정을 최우선으로 여기며 건강과 내면의 불안 사이에서 균…
C0574	C	63	남자	무대 및 세트 디자이너	서울	서울-송파구	#1인사업자 #저디지털	김경수 씨는 법학의 논리와 무대 예술의 감성을 동시에 지닌 60대 무대 디자이너로, 철저한 계획성과 세심한 배려심 뒤에 작은 …
C0575	C	49	남자	소규모 상점 일선 관리 종사원	광주	광주-북구	#1인사업자 #육아 #저디지털	채진호 씨는 광주 북구에서 작은 상점을 운영하며 내실 있는 가정을 꾸리고 KIA 타이거즈와 식도락 여행으로 삶의 활력을 찾는 …
C0576	C	72	남자	기업 대표이사	경기	경기-고양시 덕양구	#1인사업자 #저디지털 #접근성	김명수 씨는 법학 전공자의 이성적인 꼼꼼함과 원예의 유연함을 동시에 지닌, 고양시의 품격 있는 기업 대표이사입니다.
C0577	C	62	여자	전직 온라인 쇼핑 판매원, 현재 구직중	서울	서울-종로구	#1인사업자	백현미 씨는 종로구에서 자가를 보유한 채 온라인 판매 경력을 가진 60대 여성으로, 새로운 기술에 개방적이며 건강한 사회활동과…
C0578	C	25	남자	인사 컨설턴트	서울	서울-관악구	#1인사업자 #고디지털 #테크회의론	박상익 씨는 공학적 분석력으로 인사를 설계하는 컨설턴트이자, 관악구의 조용한 일상과 가족의 안정감 속에서 건강 관리에 힘쓰는 …
C0579	C	29	여자	전직 온라인 쇼핑 판매원, 현재 구직중	충청남	충청남-천안시 동남구	#1인사업자 #육아	김혜별 씨는 온라인 쇼핑몰 운영 경험을 갖춘 전직 판매원으로, 현재 천안에서 육아와 구직을 병행하며 소박한 일상의 행복과 정서…
C0580	C	39	남자	기업 대표이사	부산	부산-남구	#1인사업자 #육아	김상훈 씨는 부산 남구에서 고무 제조업체를 운영하는 외향적인 대표이사로, 가족에 대한 사랑과 90년대 가요에 대한 향수를 가진…
C0581	C	43	남자	전직 경영 컨설턴트, 현재 구직중	전북	전북-전주시 덕진구	#1인사업자 #육아 #테크회의론	박현수 씨는 ICT 전문성과 경영 컨설팅 경험을 갖춘 40대 가장으로, 전주에서 가족과 함께하며 지역 사회에 기여할 제2의 커…
C0582	C	54	여자	그 외 상품 중개인 및 경매사	경기	경기-용인시 처인구	#1인사업자 #고디지털 #육아	남인숙 씨는 용인 처인구에서 중개업으로 억척스럽게 자녀를 키워낸 외유내강형 여성으로, 사람 사이의 정과 안정적인 삶을 최우선으…
C0583	C	32	남자	전직 그 외 제품 디자이너, 현재 구직중	인천	인천-연수구	#1인사업자	김종연 씨는 송도에서 부모님과 거주하며 생활 가전 디자이너로의 재취업을 준비하는, 꼼꼼한 성격과 안정적인 환경을 가진 32세 …
C0584	C	61	여자	활자 디자이너	서울	서울-구로구	#1인사업자 #저디지털	박은자 씨는 구로공단의 격변기를 거쳐 온 숙련된 활자 디자이너로, 정갈한 일상과 세밀한 직업 정신을 통해 삶의 균형을 찾아가는…
C0585	C	53	남자	선물거래 중개인	서울	서울-강남구	#1인사업자 #약관정독	한선우 씨는 강남의 치열한 금융 시장에서 살아남은 꼼꼼한 중개인이자, 내면에는 원주의 조용한 작업실을 꿈꾸는 낭만적인 미학도입…
C0586	C	41	여자	전직 액세서리 디자이너, 현재 구직중	경기	경기-성남시 분당구	#1인사업자 #약관정독	손진아 씨는 분당의 정갈한 일상 속에서 상실의 아픔을 달래며, 경영학적 실용성과 디자이너의 섬세함으로 다시 사회에 나갈 준비를…
C0587	C	27	남자	기업 대표이사	서울	서울-동작구	#1인사업자	장준혁 씨는 수학적 머리와 현장 감각을 갖춘 20대 젊은 사업가로, 동작구 상도동의 북적이는 삶 속에서 성공과 정서적 안정을 …
C0588	C	21	남자	무대 및 세트 디자이너	울산	울산-동구	#1인사업자	이재영 씨는 울산의 공업 도시 분위기 속에서 화려한 무대 예술을 꿈꾸며, 수집벽과 덤벙거리는 성격을 가진 20대 초반의 세트 …
C0589	C	42	여자	미용사	경기	경기-고양시 덕양구	#1인사업자 #육아 #창업준비	오수연 씨는 예술적 감각과 사교성을 겸비한 미용사로, 가족에 대한 책임감과 개인적인 창업의 꿈 사이에서 균형을 잡으며 살아가는…
C0590	C	66	남자	소규모 상점 일선 관리 종사원	대구	대구-동구	#1인사업자 #저디지털	이동윤 씨는 공학적 꼼꼼함과 사교적인 넉살을 동시에 갖췄으나, 내면의 불안을 다독이며 평온한 노후를 꿈꾸는 대구 동구의 소박한…
C0591	C	73	남자	부동산 감정 전문가	서울	서울-강남구	#1인사업자 #약관정독 #저디지털 #접근성	진주현 씨는 강남 개발의 역사를 몸소 겪은 노련한 부동산 감정 전문가이자, 삶의 굴곡을 지나 내면의 평온을 찾아가는 고집스러운…
C0592	C	47	남자	보험 중개인	경기	경기-화성시	#1인사업자 #약관정독 #육아	위완태 씨는 화성시 동탄에서 안정적인 자산과 신뢰를 바탕으로 활동하는 보험 중개인이자, 미식과 격투기 관람으로 일상의 활력을 …
C0593	C	60	여자	부동산 중개사	충청북	충청북-청주시 청원구	#1인사업자	신순희 씨는 청주 청원구의 지리와 사람을 꿰뚫는 생활력 강한 부동산 중개사로, 독립적인 성향과 단호한 판단력을 바탕으로 내 집…
C0594	C	53	여자	기업 대표이사	경기	경기-의정부시	#1인사업자 #고디지털 #육아	홍현미 씨는 고졸 학력으로 금융업 대표까지 오른 자수성가형 인물로, 철저한 자기관리와 책임감으로 가족과 회사를 이끄는 의정부의…
C0595	C	42	여자	유치원 원장	부산	부산-부산진구	#1인사업자 #육아	김홍실 씨는 부산에서 유치원을 운영하며 부모님을 봉양하는 책임감 있는 전문직 여성이자, 소소한 빵 쇼핑과 로또, 산책으로 삶의…
C0596	C	30	여자	유치원 원장	경기	경기-파주시	#1인사업자	전예은 씨는 파주에서 유치원을 운영하며 전문성과 독립성을 동시에 갖춘, 겉은 다정하지만 속은 단단한 30대 여성입니다.
C0597	C	31	남자	그 외 미디어 콘텐츠 디자이너	경기	경기-이천시	#1인사업자	강윤수 씨는 이천에서 활동하는 모션 그래픽 디자이너로, 인문학적 감성과 예술적 고집을 지녔지만 경제적인 궁핍함과 복부 비만이라…
C0598	C	76	여자	문학작가	인천	인천-남동구	#1인사업자 #저디지털 #접근성	이동정 씨는 인천 남동구의 옛 풍경을 기록하는 문학작가로, 당뇨와 비만을 관리하며 손주들과 함께 살아가는 책임감 강하고 섬세한…
C0599	C	58	여자	소규모 상점 일선 관리 종사원	울산	울산-동구	#1인사업자	이정숙 씨는 울산 동구에서 소규모 상점을 관리하며, 고도비만이지만 트레킹과 노래방으로 활력을 찾는 50대 여성입니다.
C0600	C	29	여자	광고 디자이너	서울	서울-금천구	#1인사업자 #고디지털 #육아	이현진 씨는 서울 금천구에 거주하며 출판 광고 디자이너로 일하는 29세 여성으로, 어머니와의 식도락 여행을 즐기며 전문적인 시…
D0001	D	46	여자	무직	경기	경기-성남시 분당구	#비경제활동	김다희 씨는 분당의 정돈된 일상 속에서 가족의 평온함을 최우선으로 여기며, 언론학 전공자의 분석력과 차분한 성격으로 삶의 균형…
D0002	D	50	여자	그 외 서비스 관련 단순 종사원	부산	부산-기장군	#약관정독 #육아 #직장인 #테크회의론	설숙자 씨는 기장군 부동산에서 근무하며 가족의 안정과 이웃 간의 정을 소중히 여기는, 소박하지만 강단 있는 50대 여성입니다.
D0003	D	44	남자	전화 상담원	강원	강원-원주시	#약관정독 #직장인 #테크회의론	박호철 씨는 원주에서 보험 상담원으로 성실히 근무하며, 내 집 마련의 안정감과 고향 친구들과의 소박한 술자리를 통해 삶의 만족…
D0004	D	50	여자	치과 일반 의사	서울	서울-서초구	#직장인	최연옥 씨는 전문직으로서의 품위와 철저한 자기관리를 유지하면서도, 마음 한구석에는 작은 변화에도 쉽게 흔들리는 섬세한 불안을 …
D0005	D	54	남자	무직	서울	서울-용산구	#가격깐깐 #비경제활동 #육아	김정우 씨는 공학적 재능을 가진 용산구의 가장으로, 비만과 혈당 관리라는 숙제를 안은 채 가족에 대한 책임감과 소소한 일상의 …
D0006	D	54	여자	일반 비서	전북	전북-익산시	#육아 #직장인	유현 씨는 익산에서 성실하게 직장 생활과 가정을 꾸려가며, 꼼꼼한 행정 능력과 따뜻한 이웃 사랑을 실천하는 50대 여성입니다.
D0007	D	53	남자	전자제품 개발 기술자 및 연구원	경기	경기-시흥시	#저디지털 #직장인	조승용 씨는 시흥에서 자가 아파트에 거주하며 자동차 전자제어 분야의 정밀함을 추구하는 연구원이자, 고혈압 관리를 위해 성실하게…
D0008	D	50	남자	전기 용접원	경상남	경상남-양산시	#직장인	김영걸 씨는 양산에서 활동하는 노련한 전기 용접공으로, 고소득과 자가를 보유했으나 건강 관리에는 소홀하며 당구와 풍경 사진으로…
D0009	D	53	여자	그 외 데이터 및 네트워크 관련 전문가	대전	대전-서구	#가격깐깐 #고디지털 #육아 #직장인	김남희 씨는 대전의 정보통신기술 연구 전문가로서 치밀한 직업 정신과 정적인 휴식을 동시에 추구하는, 계획적이고 실용적인 50대…
D0010	D	50	남자	일반 비서	경상남	경상남-거제시	#육아 #직장인 #테크회의론	이현준 씨는 거제도의 조선소 문화 속에서 성실하게 살아온 50대 비서로, 가족과 함께하는 소박한 일상의 평온함을 인생의 가장 …
D0011	D	40	남자	통신장비 기사	경기	경기-성남시 수정구	#직장인	김규태 씨는 성남 수정구에서 통신장비 기사로 일하며, 안정적인 삶과 소소한 휴식, 그리고 낚시와 만화라는 자기만의 도피처를 가…
D0012	D	57	여자	무직	대구	대구-북구	#가격깐깐 #비경제활동 #저디지털	이복례 씨는 대구 북구에서 자녀와 함께 살며 금호강변 산책과 트로트 감상으로 일상의 행복을 찾는, 겉은 무뚝뚝해도 속은 한없이…
D0013	D	52	남자	육군 장교	부산	부산-강서구	#육아 #직장인	주종훈 씨는 부산 강서구에서 정년을 준비하는 육군 장교로, 엄격한 규율과 가족에 대한 애정 사이에서 균형을 잡으며 건강 관리에…
D0014	D	54	여자	미디어 콘텐츠 창작자	경기	경기-성남시 분당구	#육아 #직장인	남삼례 씨는 분당의 정갈한 일상 속에서 글쓰기와 가드닝으로 내면을 가꾸며, 소외된 이들의 기록을 담아낼 독립 출판의 꿈을 키워…
D0015	D	56	남자	냉난방기 관련 설비 조작원	충청남	충청남-서산시	#고디지털 #직장인	장재홍 씨는 서산에서 공조 설비 전문가로 일하며, 철저한 자기관리와 가족에 대한 책임감을 바탕으로 느긋하지만 주관 뚜렷한 삶을…
D0016	D	51	남자	그 외 물품 이동 장비 조작원	대구	대구-달서구	#저디지털 #직장인	박명준 씨는 대구에서 지게차 숙련공으로 일하며 외로움과 고독을 게임과 산책으로 달래는, 무뚝뚝하지만 내면의 유연함을 가진 50…
D0017	D	43	남자	회계사	서울	서울-마포구	#고디지털 #직장인	표병관 씨는 공학적 효율성과 회계적 정밀함을 동시에 갖춘 건설 전문 회계사로, 마포구에서 부모님을 모시며 골프와 만화, 목욕탕…
D0018	D	47	여자	그 외 일반 영업원	대전	대전-동구	#저디지털 #직장인	연승미 씨는 대전 동구에서 자동차 부품 영업원으로 일하며, 고단한 하루를 사우나와 반려견 산책, 라디오 소리로 달래는 강인하고…
D0019	D	54	남자	국어 교사	대구	대구-동구	#직장인	박창용 씨는 수학적 분석력과 문학적 감수성을 동시에 지닌 국어 교사로, 대구의 정취 속에서 어머니와 함께하며 소소한 일상의 기…
D0020	D	52	여자	조사 전문가	서울	서울-양천구	#고디지털 #육아 #직장인	이은미 씨는 양천구 신월동에서 가족과 함께 살며, 섬세한 관찰력과 책임감으로 지역 사회 복지 발전을 꿈꾸는 조사 전문가입니다.
D0021	D	54	남자	위험 관리원	충청북	충청북-청주시 청원구	#저디지털 #직장인 #테크회의론	이진택 씨는 청주에서 위험 관리원으로 근무하며 디지털 전환을 이끄는 전문성과 예술적 감수성을 동시에 지녔지만, 고도비만과 성인…
D0022	D	42	남자	그 외 일반 영업원	대구	대구-동구	#직장인	김성지 씨는 대구 동구의 자가 아파트에서 어머니와 함께 살며 도매 영업직으로 성실하게 삶을 일궈온, 안정과 신뢰를 중시하는 4…
D0023	D	57	남자	일식 조리사	경기	경기-파주시	#직장인	박현도 씨는 파주에서 노부모를 모시며 살아가는 성실한 일식 조리사로, 현장의 기술력을 믿는 실용주의적 태도와 스스로를 가꾸는 …
D0024	D	55	여자	그 외 자동차 운전원	서울	서울-중랑구	#육아 #직장인	박정숙 씨는 서울의 길을 훤히 꿰뚫는 숙련된 운전원이자, 가족을 위해 검소하고 성실하게 살아가는 중랑구의 다정한 이웃입니다.
D0025	D	55	여자	주방 보조원	경상남	경상남-창원시 마산합포구	#직장인 #창업준비	김경아 씨는 마산의 털털한 정서를 가진 주방 보조원으로, 안정적인 직장 생활과 소소한 개인적 취향 사이에서 균형을 잡으며 살아…
D0026	D	59	남자	그 외 철도 및 전동차 기관사	부산	부산-해운대구	#직장인	정대성 씨는 정밀한 열차 운행 능력과 ICT 지식을 갖춘 베테랑 기관사로, 해운대에서 가족의 생계와 노후 준비라는 현실적인 고…
D0027	D	54	남자	전직 전기 용접원, 현재 구직중	전라남	전라남-광양시	#비경제활동 #육아 #테크회의론	서동욱 씨는 광양의 정밀 용접 기술자 출신으로, 가족에 대한 사랑과 지역 사회의 유대를 소중히 여기며 제2의 안정적인 일터를 …
D0028	D	52	남자	사무 보조원	경기	경기-안양시 동안구	#직장인	이병희 씨는 안양의 연구소에서 성실히 근무하며 철학적 사유와 사회적 교류 사이에서 균형을 찾으려 노력하는, 외유내강형의 50대…
D0029	D	42	여자	조사 전문가	경기	경기-부천시 원미구	#고디지털 #직장인	조민경 씨는 보건복지 전공을 살려 리서치 전문가로 성장하며, 독립적인 도시 생활과 가족에 대한 애정 사이에서 균형을 잡고 살아…
D0030	D	52	여자	총무 사무원	경기	경기-안산시 단원구	#육아 #직장인	최연경 씨는 안산에서 3세대 가족을 부양하며 사회복지기관의 행정을 빈틈없이 책임지는, 외유내강형의 성실한 살림꾼입니다.
D0031	D	51	여자	전직 전화 상담원, 현재 구직중	경상남	경상남-밀양시	#비경제활동	서안진 씨는 보험사 상담원 출신의 꼼꼼함과 예민한 촉을 가진 50대 여성으로, 안정적인 재취업과 소소한 취미 생활을 통해 삶의…
D0032	D	59	여자	지게차 운전원	충청남	충청남-천안시 서북구	#저디지털 #직장인	한복경 씨는 천안에서 정교한 지게차 운전 실력으로 인정받는 베테랑이자, 빵과 골프를 사랑하며 성실하게 삶을 일궈온 59세 여성…
D0033	D	56	여자	화장품 판매원	경상남	경상남-김해시	#직장인	최경희 씨는 김해에서 화장품을 판매하며 사람들과 어울리는 것을 좋아하는 사교적인 성격의 소유자로, 식물을 가꾸고 건강을 관리하…
D0034	D	41	남자	택배원	경기	경기-파주시	#직장인	이민영 씨는 파주의 지리를 꿰뚫는 성실한 택배원이자, 가족의 생계를 책임지며 집안 꾸미기와 자연 여행에서 위안을 찾는 40대 …
D0035	D	49	남자	언어재활사	경상남	경상남-진주시	#직장인 #테크회의론	김원석 씨는 진주에서 단독주택에 거주하며 환자들에게 신뢰받는 언어재활사로 살아가는, 내실 있고 안정적인 성향의 중년 남성입니다…
D0036	D	58	여자	대형 화물차 운전원	경상북	경상북-경산시	#직장인	신정숙 씨는 투박한 화물 운송 업계에서 정교한 운전 실력과 꼼꼼한 자기관리로 입지를 다진, 외유내강형의 50대 여성 운전원입니…
D0037	D	54	남자	영업 관리 사무원	대전	대전-대덕구	#육아 #직장인	이재호 씨는 대전 대덕구에서 성실하게 근무하며 가족의 안식처인 내 집 마련을 꿈꾸는 유연하고 배려심 깊은 50대 가장입니다.
D0038	D	56	여자	음료 배달원	경상남	경상남-양산시	#저디지털 #직장인	김미경 씨는 양산에서 음료 배달을 하며 소박한 디저트 카페의 꿈을 키우는, 넉살 좋고 정 많은 50대 여성입니다.
D0039	D	51	여자	전직 연선기 조작원, 현재 구직중	인천	인천-서구	#비경제활동 #저디지털	정희연 씨는 인천 공단에서 잔뼈가 굵은 성실한 기술자 출신으로, 정교한 손재주와 체계적인 생활 습관을 바탕으로 제2의 직업 인…
D0040	D	55	남자	음료 서비스 종사원	경기	경기-광주시	#육아 #저디지털 #직장인	김종수 씨는 교육학을 전공하고 음료 서비스업에 종사하며, 가족과 함께하는 소박한 일상과 종합격투기 시청, 남한산성 산책을 즐기…
D0041	D	56	여자	회계 사무원	경기	경기-수원시 영통구	#직장인	박보윤 씨는 꼼꼼한 회계 업무 능력과 원만한 대인 관계를 갖춘, 실속과 안정을 중시하는 수원 영통의 중년 여성입니다.
D0042	D	55	여자	지게차 운전원	인천	인천-부평구	#직장인	김경희 씨는 부평 공단에서 지게차를 운전하며 성실하게 살아온 50대 여성으로, 가족에 대한 책임감과 소박한 일상의 즐거움 사이…
D0043	D	55	남자	위성방송 안테나 설치 및 수리원	부산	부산-사하구	#육아 #직장인	강희철 씨는 부산 사하구의 거친 현장에서 몸으로 삶을 일궈온, 의리와 가족 사랑이 지극한 50대 안테나 설치 전문가입니다.
D0044	D	53	남자	경·소형 화물차 운전원	서울	서울-도봉구	#직장인 #테크회의론	신경태 씨는 숙련된 화물차 운전 기술로 가정을 일군 성실한 가장이며, 신앙심과 가족애를 바탕으로 건강한 은퇴를 꿈꾸는 신중하고…
D0045	D	47	여자	관세행정 사무원	경상남	경상남-창원시 진해구	#직장인	주미선 씨는 진해에서 성실하게 관세 행정직으로 근무하며 안정적인 삶과 소소한 일상의 행복을 가꾸어 나가는 40대 여성입니다.
D0046	D	49	남자	항해사	경상남	경상남-거제시	#고디지털 #직장인	조윤식 씨는 숫자와 논리로 세상을 읽는 꼼꼼한 항해사이며, 거제 바다의 정밀함과 90년대 발라드의 서정성을 동시에 품고 살아가…
D0047	D	52	남자	상·하수 배관공	경기	경기-부천시 원미구	#육아 #직장인	고순배 씨는 부천의 노후 아파트 배관을 책임지는 숙련공이자, 투박한 손마디에 가족에 대한 사랑과 성실함을 담아 살아온 50대 …
D0048	D	58	여자	사무 보조원	대구	대구-북구	#저디지털 #직장인 #테크회의론	정혜숙 씨는 부족한 학력을 성실함과 생활력으로 극복하고 자동차 부품 업계의 살림꾼으로 자리 잡았으며, 가족에 대한 헌신과 개인…
D0049	D	58	여자	사무 보조원	경기	경기-의왕시	#가격깐깐 #직장인	남금숙 씨는 의왕시 부동산 사무소의 꼼꼼한 살림꾼이자, 베란다 텃밭과 소박한 캠핑에서 행복을 찾는 안정적인 삶을 지향하는 50…
D0050	D	58	여자	건물 청소원	전북	전북-순창군	#직장인	김소영 씨는 순창 지역 공동체 속에서 끈끈한 인맥과 성실한 청소 노동으로 안정적인 삶을 꾸려가며, 맛있는 음식과 뜨끈한 사우나…
D0051	D	58	남자	경리 사무원	부산	부산-북구	#직장인	김용대 씨는 부산 북구의 투박한 공단 정서와 전포동의 세련된 감성을 동시에 품은 채, 정년퇴직 후 반찬 가게 사장님을 꿈꾸는 …
D0052	D	56	남자	자동 조립라인 조작원	대전	대전-서구	#직장인	박경근 씨는 숙련된 현장 감각과 유연한 사고를 지닌 대전의 50대 가장으로, 성실한 직장 생활과 소소한 자연 속 휴식을 통해 …
D0053	D	59	남자	시설 경비원	제주	제주-서귀포시	#직장인 #테크회의론	이찬규 씨는 서귀포에서 성실하게 근무하는 학교 경비원이자, 건강한 노후를 꿈꾸며 운동과 지역 사회 활동에 적극적인 50대 후반…
D0054	D	43	남자	중형 화물차 운전원	인천	인천-연수구	#직장인	김승현 씨는 가족에 대한 깊은 책임감과 성실함으로 무장한 채, 연수구의 정겨운 풍경 속에서 화물차 운전과 소소한 기록의 삶을 …
D0055	D	56	여자	건물 내 전기 설치 및 정비원	경기	경기-성남시 중원구	#직장인	최연미 씨는 성남에서 활동하는 숙련된 전기 기술자로, 현장의 투박함과 예술적 감수성을 동시에 품은 채 자연과 사람 속에서 여유…
D0056	D	54	남자	관리 비서	서울	서울-마포구	#육아 #직장인	김종식 씨는 마포구에 거주하며 스포츠 VIP의 일정을 관리하는 세심한 비서이자, 예술과 종교에서 정서적 안식을 찾는 50대 가…
D0057	D	59	남자	정보 시스템 운영자	서울	서울-은평구	#고디지털 #직장인	고현 씨는 은평구의 자가 아파트에서 자녀를 키우며 교육기관의 시스템 운영자로 성실하게 살아가는, 책임감 강하고 보수적인 50대…
D0058	D	54	남자	그 외 시설 및 특수 경비원	대전	대전-대덕구	#직장인	윤준범 씨는 대전 대덕구에서 성실하게 경비직으로 근무하며 가족과의 소박한 일상과 안정을 최우선으로 여기는 50대 가장입니다.
D0059	D	56	여자	매장 정리원	울산	울산-남구	#직장인	이채원 씨는 울산 남구에서 매장 정리원으로 일하며 사교적인 성격과 건강에 대한 깊은 불안감을 동시에 지닌, 빵과 트로트를 사랑…
D0060	D	53	남자	택시 운전원	인천	인천-부평구	#육아 #직장인	이종필 씨는 부평의 골목길을 꿰뚫는 성실한 택시 운전사로, 가족의 미래를 위해 묵묵히 땀 흘리며 소박한 일상의 행복을 가꾸는 …
D0061	D	57	남자	통신장비 설치 및 수리원	충청북	충청북-옥천군	#저디지털 #직장인	유장훈 씨는 옥천에서 통신장비를 수리하며 살아가는 50대 후반의 기술자로, 외로운 독거 생활의 적막함을 수영과 야구, 그리고 …
D0062	D	58	여자	그 외 돌봄 및 보건 서비스 종사원	대구	대구-동구	#저디지털 #직장인	김순희 씨는 대구 동구의 정서를 간직한 채 어르신들을 세심하게 돌보는 전문 요양보호사이며, 소박한 일상의 즐거움과 이웃 간의 …
D0063	D	48	남자	이용사	울산	울산-북구	#직장인	윤민수 씨는 울산 북구에서 성실하게 가위를 잡으며 이웃의 신뢰를 받는 이용사이자, 소박한 일상의 맛과 휴식을 소중히 여기는 다…
D0064	D	55	여자	음식료품 판매원	경기	경기-이천시	#육아 #저디지털 #직장인 #테크회의론	문수정 씨는 이천에서 성실하게 일하며 라인댄스와 빵 투어로 삶의 활력을 찾는, 외유내강의 면모를 지닌 50대 여성입니다.
D0065	D	57	남자	전직 건물 경비원, 현재 구직중	경기	경기-의정부시	#고디지털 #보안민감 #비경제활동	고종태 씨는 의정부에서 성실하게 살아온 전직 경비원으로, 가족에 대한 책임감과 소박한 취미 생활 사이에서 삶의 안정을 찾는 중…
D0066	D	58	남자	전화 상담원	경상남	경상남-사천시	#직장인	양재훈 씨는 사천의 자동차 부품 상담원으로 일하며 가족과 함께 소박한 일상을 가꾸는, 무뚝뚝하지만 속 깊은 50대 가장입니다.
D0067	D	50	여자	음식 서비스 종사원	경기	경기-수원시 권선구	#직장인	박현주 씨는 수원에서 학교 급식 조리원으로 성실히 근무하며 자가를 마련한 꼼꼼한 성격의 50대 여성으로, 임영웅의 노래와 사우…
D0068	D	47	남자	사무 보조원	인천	인천-서구	#고디지털 #직장인	김영보 씨는 꼼꼼한 업무 처리 능력과 정적인 취향을 가졌으나, 건강 관리의 부재와 정서적 공허함을 인테리어와 문화생활로 채우며…
D0069	D	56	남자	공연·영화 및 음반 기획자	서울	서울-마포구	#직장인	조상철 씨는 예술적 낭만과 현실의 궁핍함 사이에서 타인에 대한 배려로 삶의 균형을 잡으려 애쓰는 마포구의 중년 기획자입니다.
D0070	D	57	여자	교육 및 훈련 사무원	인천	인천-부평구	#고디지털 #직장인	정맹옥 씨는 인천 부평에서 교육 행정직으로 근무하며 완벽한 업무 처리와 헌신적인 자녀 사랑을 실천하는, 외유내강의 50대 여성…
D0071	D	57	남자	대형 화물차 운전원	경상남	경상남-양산시	#고디지털 #직장인	우재욱 씨는 양산에서 화학 탱크로리를 운행하며 성실하게 가족을 부양해온, 무뚝뚝하지만 속 깊은 50대 가장입니다.
D0072	D	42	여자	시설 경비원	경기	경기-부천시 원미구	#직장인	최혜경 씨는 정규 교육의 빈자리를 부천 시장통의 삶의 지혜로 채우고, 경비원으로서의 성실함과 내 집 마련의 자부심으로 단단하게…
D0073	D	45	여자	일반 비서	광주	광주-남구	#약관정독 #직장인	신미혜 씨는 법학 기반의 전문성을 갖춘 농정 비서이자, 내면에는 예술적 낭만과 독립심을 품고 무등산과 인디 음악 속에서 휴식을…
D0074	D	51	남자	농업용 기계장비 기술 영업원	충청북	충청북-괴산군	#육아 #저디지털 #직장인 #테크회의론	최상헌 씨는 괴산 농민들의 절대적 신뢰를 받는 농기계 전문가이자, 건강 관리와 특유의 신중함 사이에서 갈등하는 따뜻한 50대 …
D0075	D	58	여자	그 외 일반 영업원	서울	서울-동작구	#직장인	이순자 씨는 능숙한 처세술과 단단한 자아를 가진 금융업 베테랑으로, 철저한 자기관리와 가족에 대한 책임감 속에 내면의 예민함을…
D0076	D	58	여자	전화 상담원	광주	광주-북구	#저디지털 #직장인	김금옥 씨는 광주 북구의 안정된 일상 속에서 금융 상담원으로서의 책임감과 임영웅의 노래, 그리고 소박한 이웃 관계를 통해 삶의…
D0077	D	57	여자	국가행정 사무원	대전	대전-유성구	#약관정독 #직장인 #테크회의론	이미숙 씨는 유성구에서 공직 생활을 하며 쌓은 절제미와 합리성을 바탕으로, 베란다 텃밭과 빵집 투어라는 소소한 기쁨을 누리는 …
D0078	D	46	여자	그 외 법률 관련 사무원	울산	울산-남구	#약관정독 #직장인	장윤희 씨는 울산 남구에서 자가 주택을 보유한 채 건축 설계 사무소의 살림꾼으로 일하며, 영남알프스 등산과 웹툰으로 스트레스를…
D0079	D	52	여자	지방행정 사무원	대구	대구-달성군	#육아 #직장인 #테크회의론	류은정 씨는 원칙과 배려를 동시에 갖춘 달성군의 베테랑 공무원으로, 정갈한 일식과 한식을 즐기며 가족 및 친구들과의 유대를 통…
D0080	D	58	남자	일반 비서	경상남	경상남-진주시	#직장인	정문석 씨는 진주에서 농업 행정과 공학적 소양을 결합해 일하는 성실한 직장인이자, 배드민턴과 UFC 그리고 텃밭 가꾸기로 삶의…
D0081	D	44	남자	전직 토목시공 기술자, 현재 구직중	경기	경기-수원시 영통구	#비경제활동	박준우 씨는 토목 시공의 전문성과 꼼꼼함을 갖췄지만 현재는 구직의 불안함 속에서 어머니를 모시며 소박한 일상을 살아가는 40대…
D0082	D	58	남자	전화 상담원	대구	대구-달서구	#약관정독 #저디지털 #직장인	정재영 씨는 대구 달서구에서 보험 상담원으로 일하며 낚시와 사우나로 외로움을 달래고, 내 집 마련의 꿈을 위해 성실히 저축하는…
D0083	D	50	남자	그 외 일반 영업원	경기	경기-수원시 영통구	#육아 #직장인	김상열 씨는 공학적 분석력과 뛰어난 사교성을 겸비한 수원 영통구의 친근한 도매 영업맨이자, 가족과 함께 전국 맛집 탐방을 즐기…
D0084	D	53	남자	그 외 금속가공 기계 조작원	경상남	경상남-김해시	#육아 #직장인	김상협 씨는 김해 금속가공 현장의 숙련된 기술자이자, 가족에 대한 그리움을 롯데 자이언츠 경기와 낙동강 산책으로 달래는 외로운…
D0085	D	59	남자	그 외 건축 도장공	울산	울산-남구	#저디지털 #직장인	양병섭 씨는 울산에서 잔뼈가 굵은 베테랑 도장공이자, 건강한 생활 습관과 유연한 사고방식으로 가족과 함께하는 일상의 소소한 행…
D0086	D	49	남자	영업 관리 사무원	부산	부산-북구	#고디지털 #직장인 #테크회의론	한연준 씨는 부산 북구에서 어머니를 모시며 살아가는 꼼꼼한 성격의 건설업 영업 관리직으로, 건강 관리와 자산 유지라는 현실적인…
D0087	D	50	남자	건물용 냉동·냉장·공조기 설치 및 정비원	경기	경기-수원시 장안구	#직장인	김동현 씨는 수원에서 공조기 정비 전문가로 일하며 신앙과 가족, 그리고 빵에 대한 소소한 애정으로 삶을 채워가는 50대 가장입…
D0088	D	54	여자	건물 청소원	서울	서울-양천구	#육아 #직장인	정희정 씨는 가족의 안녕과 자신의 건강한 노후를 위해 묵묵히 청소 도구를 든, 외강내유형의 성실한 우리 시대 어머니입니다.
D0089	D	54	남자	육군 부사관	울산	울산-중구	#육아 #직장인	이동호 씨는 울산에서 근무하는 50대 육군 부사관으로, 철저한 군인 정신과 농학 전공자의 섬세함을 동시에 지닌 채 전역 후 전…
D0090	D	58	남자	전직 경영 기획 사무원, 현재 구직중	서울	서울-송파구	#고디지털 #비경제활동 #약관정독	김지훈 씨는 공학적 전문성과 예술적 감수성을 동시에 지닌 전직 부동산 전문가로, 송파구에서 홀로 지내며 재취업과 자아실현을 꿈…
D0091	D	44	남자	품질 관리 사무원	대전	대전-중구	#직장인	백성환 씨는 대전의 건설 현장에서 품질을 책임지는 꼼꼼한 엔지니어이자, 가족을 위해 내 집 마련의 꿈을 키우는 책임감 강한 4…
D0092	D	49	남자	공공행정 사무원	서울	서울-송파구	#고디지털 #직장인	김종혁 씨는 송파구에 거주하는 40대 후반의 공공행정 사무원으로, 디지털 기기에 능숙한 행정 전문가이자 송리단길의 예술과 전국…
D0093	D	51	여자	승용차 및 승합차 운전원	서울	서울-서초구	#육아 #직장인	전말선 씨는 강남의 복잡한 길을 누비는 베테랑 운전원으로, 타인에 대한 깊은 배려심과 정서적 예민함을 동시에 지닌 채 소박한 …
D0094	D	51	남자	우편집배원	경상북	경상북-안동시	#저디지털 #직장인 #테크회의론	김병철 씨는 안동의 골목을 꿰고 있는 성실한 우편집배원이자, 건강한 노후와 소박한 전원생활을 꿈꾸는 신중한 중년 남성입니다.
D0095	D	59	남자	건물 경비원	울산	울산-북구	#직장인	김진원 씨는 울산 북구에서 자녀를 홀로 키우며 교육기관 경비원으로 성실히 근무하는, 책임감 강하고 현실적인 50대 가장입니다.
D0096	D	51	남자	그 외 건축 마감 관련 기능 종사원	전라남	전라남-여수시	#직장인	김동렬 씨는 여수에서 평생을 몸으로 부딪치며 살아온 숙련된 도배공이자, 건강과 외로움 사이에서 묵묵히 자기 자리를 지키는 50…
D0097	D	40	남자	자재 관리 사무원	경기	경기-수원시 장안구	#고디지털 #직장인	김강일 씨는 수원 장안구에서 성실하게 자재를 관리하며 가족과 함께하는 소박하고 안정적인 일상을 가꾸어가는 40대 가장입니다.
D0098	D	50	여자	냉난방기 관련 설비 조작원	서울	서울-양천구	#육아 #직장인	박순규 씨는 양천구에서 냉난방 설비 전문가로 일하며 자녀들을 위해 헌신하는, 강인한 생활력과 소박한 취향을 가진 50대 여성입…
D0099	D	52	여자	일식 조리사	제주	제주-제주시	#직장인	신은희 씨는 공학적 정밀함으로 일식의 완성도를 추구하면서도, 제주의 자연과 사람 사이에서 따뜻한 유대를 찾는 50대 전문 조리…
D0100	D	52	여자	한식 조리사	경기	경기-이천시	#직장인	박애순 씨는 이천의 리조트에서 정갈한 집밥의 가치를 전하는 조리사이자, 내 집 마련의 꿈과 반려견과의 평온한 일상을 소중히 여…
D0101	D	58	여자	사무 보조원	경기	경기-하남시	#고디지털 #직장인	남보정 씨는 하남시에서 꼼꼼하게 사무직으로 근무하며 당뇨 관리와 임영웅의 노래로 외로움을 달래는, 책임감 강하고 다정다감한 5…
D0102	D	57	여자	한식 조리사	부산	부산-북구	#직장인	양선아 씨는 부산 북구에서 조리사로 일하며 이웃과의 정과 소박한 집밥의 가치를 소중히 여기는, 푸근한 인상의 50대 여성입니다…
D0103	D	56	여자	택배원	경기	경기-광주시	#직장인	박미숙 씨는 경기 광주시의 지리를 훤히 꿰고 있는 베테랑 택배원으로, 안정적인 삶과 혈당 관리를 지향하며 소소한 식도락과 노래…
D0104	D	50	남자	그 외 전문 서비스 관리자	경상남	경상남-밀양시	#약관정독 #저디지털 #직장인	김성환 씨는 꼼꼼한 행정 전문가이자 주짓수로 스트레스를 푸는 밀양의 50대 남성으로, 정적인 취향과 강한 책임감을 동시에 지닌…
D0105	D	50	남자	교육 및 훈련 사무원	경기	경기-의정부시	#육아 #직장인	원상덕 씨는 공학적 꼼꼼함과 유연한 성격을 모두 갖춘 50대 가장으로, 의정부에서 가족과 동료들의 신뢰를 받으며 안정적인 삶을…
D0106	D	50	여자	웨딩플래너	전북	전북-완주군	#약관정독 #육아 #직장인 #테크회의론	김효진 씨는 법학 지식을 갖춘 유능한 웨딩플래너이자, 별거의 아픔을 대둔산의 자연과 배드민턴으로 치유하며 살아가는 전북 완주의…
D0107	D	54	남자	그 외 패턴사	대구	대구-서구	#육아 #직장인	정영수 씨는 대구 서구에서 30년 경력의 숙련된 패턴사로 일하며, 무뚝뚝한 성격 뒤에 가족에 대한 깊은 사랑과 성실함을 간직한…
D0108	D	56	여자	전문 간호사	부산	부산-동구	#저디지털 #직장인 #테크회의론	곽영미 씨는 냉철한 전문성과 따뜻한 교육적 배려를 겸비한 부산의 전문 간호사로, 삶의 여유와 자연의 평온함을 추구하는 인물입니…
D0109	D	43	남자	하역 및 적재 관련 단순 종사원	전라남	전라남-여수시	#직장인	최효진 씨는 여수항의 성실한 하역원이자, 예술적 감수성과 불안함을 동시에 품은 채 마당 있는 집을 꿈꾸는 40대 가장입니다.
D0110	D	54	남자	병무행정 사무원	인천	인천-계양구	#고디지털 #약관정독 #육아 #직장인	신상식 씨는 정보통신 전공 지식을 갖춘 성실한 병무 행정 공무원으로, 인천 계양구의 안정적인 삶 속에서 소박한 취미와 가족의 …
D0111	D	50	남자	머시닝센터 조작원	경기	경기-이천시	#저디지털 #직장인	장영종 씨는 정밀 기계 조작이라는 전문성을 가진 기술자이자, 당뇨라는 건강 숙제와 노후 불안을 안고 살아가는 이천의 평범한 5…
D0112	D	51	남자	경리 사무원	경상남	경상남-통영시	#고디지털 #육아 #직장인 #테크회의론	김태건 씨는 통영의 가구 공장에서 꼼꼼하게 살림을 챙기는 경리 사무원이자, 무뚝뚝하지만 자녀를 향한 사랑과 내 집 마련의 꿈을…
D0113	D	52	여자	광고 전문가	울산	울산-남구	#고디지털 #육아 #직장인	노채영 씨는 수학적 논리와 광고적 감각을 겸비한 울산의 전문직 여성으로, 안정적인 가정생활 속에서 소소한 예술적 취향과 함께 …
D0114	D	55	남자	기록물 관리사	부산	부산-동래구	#육아 #저디지털 #직장인	구수용 씨는 동래구의 기록물 관리사로서 지역의 역사에 애정을 가지며, 식도락과 가족, 그리고 소소한 취미를 통해 삶의 균형을 …
D0115	D	51	남자	사무 보조원	광주	광주-남구	#고디지털 #육아 #직장인	조준성 씨는 광주 남구에서 3세대 가족을 부양하며 성실한 직장 생활과 낚시, UFC 시청으로 삶의 균형을 잡는 50대 가장입니…
D0116	D	51	남자	건설 단순 종사원	경기	경기-안성시	#육아 #직장인	이준혁 씨는 안성에서 건설 현장 일을 하며 홀로 자녀를 키우는, 책임감 강하고 소박한 삶을 지향하는 50대 가장입니다.
D0117	D	52	남자	판금원	경기	경기-양주시	#육아 #직장인	장현우 씨는 양주에서 성실하게 판금 일을 하며 가족의 안녕과 소박한 일상의 평화를 최우선으로 여기는 50대 가장입니다.
D0118	D	40	여자	상품 기획자	서울	서울-노원구	#저디지털 #직장인	소효은 씨는 철저한 계획성과 실무 능력을 갖춘 교육 상품 기획자이자, 자연 속의 휴식과 정서적 안정을 추구하는 40대 여성입니…
D0119	D	57	남자	육군 장교	경기	경기-시흥시	#직장인 #테크회의론	이성창 씨는 절제된 군인 정신과 따뜻한 복지 마인드를 동시에 갖춘, 건강 관리에 진심인 50대 가장입니다.
D0120	D	52	여자	공공행정 사무원	충청북	충청북-청주시 흥덕구	#육아 #직장인 #테크회의론	주미영 씨는 청주에서 공직 생활을 하며 자녀를 홀로 키우는 베테랑 행정 사무원으로, 당뇨와 과체중이라는 건강 고민 속에서도 노…
D0121	D	59	여자	경리 사무원	부산	부산-수영구	#고디지털 #직장인	최미용 씨는 예술적 감수성과 경리 사무원의 꼼꼼함을 동시에 갖춘 부산 수영구의 중년 여성으로, 정돈된 일상과 소소한 공예 활동…
D0122	D	52	남자	보도블록 설치원	제주	제주-서귀포시	#육아 #저디지털 #직장인	김성수 씨는 제주 서귀포에서 성실하게 보도블록을 깔며 살아온 숙련공으로, 건강 고민과 외로움을 취미 생활과 가족에 대한 애정으…
D0123	D	51	여자	사무 보조원	경상북	경상북-경주시	#직장인	이순남 씨는 경주 황남동에서 숙박업 사무를 보며 성실하게 살아가는, 빵과 사우나를 좋아하는 정 많은 50대 여성입니다.
D0124	D	54	남자	상담 전문가	경기	경기-용인시 수지구	#육아 #직장인	박상연 씨는 용인 수지에서 가족과 함께하며 타인의 마음을 보듬는 인내심 깊은 상담 전문가이자, 소박한 일상의 미학을 즐기는 중…
D0125	D	58	남자	중고차 영업원	경상남	경상남-창원시 의창구	#가격깐깐 #직장인	박성호 씨는 정직한 영업 철학으로 신뢰받는 창원의 중고차 딜러이자, 가족을 위해 헌신하며 건강 관리에 고군분투하는 50대 가장…
D0126	D	51	여자	일반 비서	경상북	경상북-상주시	#육아 #저디지털 #직장인	성은성 씨는 상주의 사회복지시설 비서로서 전문 사회복지사를 꿈꾸며, 가족과 함께 자연을 벗 삼아 소박하고 평온한 삶을 가꾸는 …
D0127	D	58	여자	비계공	서울	서울-양천구	#직장인	최태영 씨는 서울 양천구의 건설 현장을 누비는 억척스러운 비계공이자, 이국적인 음식과 요가로 삶의 균형을 잡으려는 섬세하고 예…
D0128	D	58	남자	철도운송 관련 종사원	대전	대전-서구	#약관정독 #직장인	도상우 씨는 대전에서 철도 운송업에 종사하며 꼼꼼한 업무 능력과 부드러운 소통 능력을 갖췄지만, 내면에는 은퇴 후의 불안함과 …
D0129	D	57	남자	자재 관리 사무원	인천	인천-계양구	#직장인	정동현 씨는 인천 계양구에서 자재 관리 베테랑으로 일하며, 사별의 아픔을 손주들에 대한 사랑으로 채워가는 성실하고 인간미 넘치…
D0130	D	55	여자	일반 비서	경상남	경상남-양산시	#직장인	김임순 씨는 꼼꼼한 업무 능력과 예술적 감수성을 동시에 지닌 양산의 사회복지관 비서로, 정년 후 도자기 공방이라는 꿈을 꾸는 …
D0131	D	55	여자	건물 경비원	대구	대구-서구	#직장인	박병순 씨는 대구 서구의 오래된 골목에서 규칙적인 일상과 소박한 저축을 통해 마음의 평온을 찾아가는 중년 여성입니다.
D0132	D	58	남자	조사 전문가	경상북	경상북-경주시	#직장인	강재기 씨는 공학적 체계성과 조사 전문가의 노련함을 갖췄으나, 건강 문제와 가정의 아픔을 안고 경주에서 조용한 노후를 준비하는…
D0133	D	51	남자	그 외 전기·전자기기 설치 및 수리원	인천	인천-연수구	#육아 #직장인	이승호 씨는 인천 연수구의 자가 아파트에서 가족과 함께 살며 제약 공장의 전기 설비를 책임지는 성실한 기술자이자, 등산과 사우…
D0134	D	52	여자	보험 설계사	부산	부산-부산진구	#약관정독 #직장인	이채한 씨는 부산 서면의 정서와 실속을 겸비한 52세 보험 설계사로, 건강 관리와 안정적인 노후를 위해 매일 치열하고 성실하게…
D0135	D	58	여자	그 외 화물차 및 특수차 운전원	충청남	충청남-부여군	#직장인 #테크회의론	박현숙 씨는 부여에서 5톤 트럭을 모는 베테랑 운전원으로, 건강상의 주의점과 흡연 습관이 있음에도 실용적인 삶의 태도로 집 리…
D0136	D	56	여자	하역 및 적재 관련 단순 종사원	인천	인천-서구	#저디지털 #직장인	우경숙 씨는 인천 서구 공단에서 성실하게 일하며 내 집 마련의 꿈을 완성해가는, 겉은 거칠지만 속은 따뜻하고 책임감 강한 50…
D0137	D	40	여자	상품 기획자	경상남	경상남-창원시 마산합포구	#직장인 #테크회의론	이송희 씨는 창원에서 교육 상품 기획자로 일하며 예술적 소양과 경제적 안정을 갖춘, 정갈한 일상 속에서 소소한 일탈을 즐기는 …
D0138	D	43	여자	전화 상담원	광주	광주-서구	#직장인 #테크회의론	강성아 씨는 광주 상무지구에서 근무하는 차분한 상담원으로, 인문학적 소양과 절제된 생활 습관을 통해 일상의 평온함을 가꾸어가는…
D0139	D	58	남자	품질 관리 사무원	경상북	경상북-포항시 북구	#고디지털 #직장인	이영수 씨는 포항의 섬유 공장에서 평생을 바친 성실한 품질 관리 전문가이자 무뚝뚝하지만 가족을 아끼는 보수적이고 체계적인 50…
D0140	D	58	여자	그 외 서비스 관련 단순 종사원	경상북	경상북-구미시	#직장인	공경영 씨는 구미의 부동산 현장에서 잔뼈가 굵은 실무자로, 내 집 마련의 꿈을 품고 임영웅의 노래와 한우 맛집 탐방으로 삶의 …
D0141	D	53	남자	철도운송 관련 종사원	울산	울산-남구	#육아 #직장인	김영섭 씨는 울산에서 철도 운송 업무에 종사하며 홀로 자녀를 키우는 50대 가장으로, 조용한 정원 가꾸기와 조깅을 통해 삶의 …
D0142	D	57	남자	교육 및 훈련 사무원	서울	서울-은평구	#고디지털 #직장인	신희환 씨는 성실한 출판업 종사자이자 가족을 위해 헌신하는 가장으로, 아날로그적 감성과 디지털의 효율성 사이에서 균형을 잡으며…
D0143	D	51	남자	표백기 조작원	인천	인천-계양구	#육아 #직장인	이원돈 씨는 성실한 기술자의 자부심과 가족에 대한 책임감으로 무장한 채, 건강 관리와 소소한 도심 여행에서 삶의 낙을 찾는 5…
D0144	D	52	남자	품질 관리 사무원	인천	인천-남동구	#고디지털 #직장인	전석태 씨는 원칙과 데이터를 중시하는 품질 관리 전문가이자, 가족과 야구에 진심인 인천의 꼼꼼한 50대 가장입니다.
D0145	D	57	남자	산업 안전원	경상남	경상남-창원시 마산합포구	#약관정독 #직장인	김영호 씨는 마산의 산업 현장을 지키는 유연한 소통 능력을 갖춘 안전 전문가이자, 7080 음악과 일식, 동남아 여행을 즐기며…
D0146	D	51	여자	관리 비서	충청남	충청남-천안시 서북구	#직장인	박경미 씨는 인문학적 감성과 세밀한 업무 능력을 겸비한 50대 비서로, 건강 관리와 정적인 휴식을 통해 삶의 균형을 찾는 천안…
D0147	D	43	남자	철도운송 관련 종사원	경기	경기-광명시	#저디지털 #직장인	이용규 씨는 철도 유지보수 전문가로서의 숙련된 직관과 종이책과 그림을 사랑하는 예술적 감수성을 동시에 지닌, 조금은 게으르고 …
D0148	D	53	남자	하역 및 적재 관련 단순 종사원	강원	강원-춘천시	#육아 #직장인	최형석 씨는 춘천의 물류 현장에서 숙련된 적재 기술자로 일하며, 퇴직 후 목공방이라는 소박한 예술적 꿈을 꾸는 50대 가장입니…
D0149	D	57	남자	시설 경비원	전북	전북-전주시 완산구	#직장인	유병국 씨는 전주에서 시설 경비원으로 근무하며 성실함과 실용성을 중시하지만, 건강 관리와 오래된 생활 습관 사이에서 갈등하는 …
D0150	D	40	여자	쓰레기 수거원	인천	인천-서구	#직장인	김현경 씨는 인천 서구에서 쓰레기 수거원으로 일하며 강인한 생활력으로 시부모님을 모시고 사는, 실속 있고 소탈한 40대 여성입…
D0151	D	54	여자	대여 제품 방문 점검원	충청남	충청남-금산군	#육아 #직장인	유현숙 씨는 금산에서 방문 점검원으로 성실히 일하며, 가족에 대한 책임감과 개인적인 즐거움 사이에서 실용적인 균형을 찾아가는 …
D0152	D	53	남자	금속 주입원	충청남	충청남-당진시	#육아 #직장인	김종영 씨는 당진의 금속 가공 현장을 지키는 숙련된 기술자이자, 소박한 일상과 가족의 평온함을 소중히 여기는 느긋한 성격의 5…
D0153	D	50	남자	미디어 콘텐츠 창작자	대전	대전-서구	#육아 #저디지털 #직장인 #테크회의론	홍우종 씨는 대전에서 활동하는 베테랑 미디어 창작자로, 성실한 삶의 궤적 위에서 가족에 대한 사랑과 지역 기록의 가치를 실천하…
D0154	D	52	여자	전자공학 시험원	충청북	충청북-충주시	#고디지털 #육아 #직장인 #테크회의론	이미숙 씨는 충주에서 전자공학 시험원으로 일하며 노모와 딸을 부양하는, 현실적이고 단단한 내면을 가진 50대 가장입니다.
D0155	D	50	남자	냉난방·공조공학 기술자 및 연구원	인천	인천-부평구	#육아 #저디지털 #직장인 #테크회의론	이동묵 씨는 부평의 정서를 품은 베테랑 냉난방 기술자로, 교육학적 소양을 갖춘 현장의 멘토이자 가족과 동료를 아끼는 푸근한 성…
D0156	D	53	여자	그 외 금속가공 기계 조작원	경상남	경상남-창원시 의창구	#육아 #저디지털 #직장인	최연하 씨는 창원 산단의 숙련된 금속 가공 기술자로 살아가며, 가족을 향한 책임감과 라디오의 정서적 위안 사이에서 균형을 잡는…
D0157	D	56	여자	노인 및 장애인 돌봄 서비스 종사원	서울	서울-노원구	#직장인	이정인 씨는 노원구 자가 아파트에 거주하며 어르신들을 정성껏 돌보는 사회복지 종사자로, 성실함과 깊은 배려심을 갖췄으나 내면의…
D0158	D	57	여자	전화 상담원	충청북	충청북-청주시 상당구	#약관정독 #저디지털 #직장인	유선정 씨는 청주에서 금융 상담원으로 일하며 가족을 지탱하는 헌신적인 어머니이자, 고요한 독서와 미식 여행에서 삶의 위안을 찾…
D0159	D	53	여자	음식 서비스 종사원	서울	서울-송파구	#육아 #직장인	안경미 씨는 성실함과 꼼꼼함으로 공공기관 식당을 책임지며, 가족을 향한 헌신과 소박한 개인적 취향 사이에서 균형을 찾아가는 송…
D0160	D	44	여자	가스 용접원	충청남	충청남-아산시	#직장인 #테크회의론	최진이 씨는 아산 공단의 베테랑 용접공으로, 일터에서의 유능함과 대비되는 고독한 개인적 삶을 지역 사회의 온기와 소소한 취미로…
D0161	D	49	남자	사무 보조원	충청남	충청남-홍성군	#고디지털 #직장인 #테크회의론	김성진 씨는 충남 홍성에서 성실하게 사무 보조원으로 근무하며, 가족에 대한 깊은 책임감과 소박한 일상의 안정을 추구하는 신중한…
D0162	D	57	여자	일반 비서	경기	경기-고양시 덕양구	#직장인	김은하 씨는 덕양구에서 비서로 일하며 자녀를 홀로 키우는, 단정함 속에 삶의 애환과 강인함을 동시에 지닌 50대 여성입니다.
D0163	D	46	남자	지게차 운전원	충청북	충청북-청주시 흥덕구	#직장인	임경수 씨는 청주 공단에서 잔뼈가 굵은 숙련된 지게차 운전원으로, 가족과 동네 지인들에 대한 신뢰를 바탕으로 성실하게 살아가는…
D0164	D	50	여자	사무 보조원	경기	경기-김포시	#고디지털 #육아 #직장인	정지현 씨는 꼼꼼한 사무 처리 능력과 서양미술에 대한 깊은 조예를 동시에 지닌 채, 김포에서 소박한 일상의 행복과 내면의 평온…
D0165	D	52	남자	가스 배관공	부산	부산-기장군	#직장인	정성훈 씨는 기장에서 가스 배관공으로 일하며 투박한 부산 사나이의 의리와 현장의 전문성을 동시에 가진 50대 독신 남성입니다.
D0166	D	59	남자	가스 용접원	경상남	경상남-거제시	#직장인	김정규 씨는 거제 조선소의 숙련된 가스 용접공으로, 외로운 독신 생활 속에서도 바둑과 자연 산책으로 소소한 행복을 찾는 50대…
D0167	D	46	남자	건설 단순 종사원	경상남	경상남-창원시 진해구	#직장인	김상우 씨는 진해의 건설 현장에서 땀 흘려 일하며 관리자의 꿈을 키우는, 투박한 겉모습 속에 가족에 대한 애정과 배움에 대한 …
D0168	D	59	여자	음료 서비스 종사원	서울	서울-도봉구	#직장인	서이자 씨는 도봉산 자락에서 성실하게 일하며 예술적 갈증을 소품과 갤러리로 채우는, 현실과 낭만 사이를 균형 있게 살아가는 5…
D0169	D	54	남자	프레스기 및 절단기 조작원	울산	울산-북구	#육아 #직장인	라성득 씨는 울산 공단의 숙련된 기술과 베란다 텃밭의 소박한 정서를 동시에 품은, 다정하고 유순한 성품의 50대 가장입니다.
D0170	D	56	여자	경리 사무원	경기	경기-이천시	#직장인	신은숙 씨는 이천에서 자가 주택을 가꾸며 소매점 경리로 일하는 56세 여성으로, 안정적인 일상과 이웃 간의 정, 그리고 소박한…
D0171	D	53	남자	그 외 법률 관련 사무원	경상남	경상남-함양군	#육아 #직장인	안택근 씨는 함양에서 건설 법률 실무자로 일하며 어머니를 모시고 사는, 꼼꼼한 일 처리와 안정적인 삶을 추구하는 50대 남성입…
D0172	D	56	남자	인사 및 노무 사무원	대전	대전-서구	#약관정독 #직장인 #테크회의론	구정헌 씨는 대전 둔산동에 거주하며 꼼꼼한 업무 처리 능력과 사교성을 겸비한 56세의 인사 노무 전문가이자, 집 꾸미기와 일식…
D0173	D	49	남자	냉난방·공조공학 기술자 및 연구원	서울	서울-강동구	#고디지털 #직장인	최대현 씨는 강동구에서 공조 설비 기술자로 일하며 인문학적 소양과 외향적인 성격을 가졌으나, 배우자와의 별거로 인한 외로움과 …
D0174	D	56	여자	공동주택 관리자	서울	서울-강서구	#직장인	남경미 씨는 강서구의 넉살 좋은 아파트 관리자로, 가족에 대한 헌신과 내 집 마련의 꿈을 품고 살아가는 현실적이고 정 많은 5…
D0175	D	42	여자	그 외 법률 전문가	서울	서울-용산구	#약관정독 #직장인	박보라 씨는 용산의 여유와 금융권의 치열함 사이에서 인문학적 감성으로 균형을 잡으며 가족을 보듬는 40대 법률 전문가입니다.
D0176	D	59	여자	그 외 상점 판매원	서울	서울-관악구	#가격깐깐 #직장인	이희자 씨는 수학 전공의 치밀함과 시장 상인의 넉넉함을 동시에 지닌 50대 여성으로, 관악구 언덕집에서 가족과 함께하며 소소한…
D0177	D	57	남자	우편집배원	경기	경기-양평군	#저디지털 #직장인	최석준 씨는 양평의 길을 꿰뚫는 성실한 우편집배원이자, 당뇨와 고독이라는 삶의 무게를 규칙적인 루틴과 가족에 대한 그리움으로 …
D0178	D	57	남자	관리 비서	전북	전북-전주시 덕진구	#약관정독 #직장인 #테크회의론	이갑철 씨는 전주 덕진구에서 시설 관리 비서로 근무하며, 공학적 실용성과 지역 사회의 끈끈한 유대감을 동시에 갖춘 채 건강 관…
D0179	D	52	남자	단말기 및 통신 서비스 판매원	서울	서울-강서구	#고디지털 #육아 #직장인	김동영 씨는 강서구에서 통신 매장을 운영하며 가족의 안정을 최우선으로 생각하는, 조금은 배가 나온 친근한 우리 시대의 아버지입…
D0180	D	57	남자	금속절곡기 조작원	경기	경기-광명시	#직장인	노환수 씨는 금속 절곡 분야의 독보적인 기술력을 가진 숙련공이자, 전략 게임과 등산을 즐기며 가족과의 시간을 소중히 여기는 성…
D0181	D	51	여자	철도운송 관련 종사원	경기	경기-시흥시	#가격깐깐 #육아 #직장인	엄희정 씨는 시흥시에서 철도운송업에 종사하며 성실함과 책임감으로 삶을 일궈온, 절약 정신이 투철하고 가족과 소소한 일상을 소중…
D0182	D	50	남자	정보 시스템 운영자	대구	대구-군위군	#고디지털 #직장인 #테크회의론	강동현 씨는 군위군의 고요한 자연과 교육 전산망의 치밀함 사이에서 균형을 잡으며, 무결점의 직업 윤리와 안온한 가정을 가꾸어가…
D0183	D	51	여자	주방 보조원	경기	경기-김포시	#가격깐깐 #육아 #직장인	김은향 씨는 김포에서 학교 주방 보조원으로 성실히 일하며, 활발한 사회활동과 소박한 휴식을 통해 삶의 에너지를 얻는 50대 여…
D0184	D	54	여자	출판 및 자료편집 사무원	울산	울산-중구	#고디지털 #육아 #직장인	양은영 씨는 울산에서 교육 출판 전문가로 일하며 대가족을 부양하는 강인한 생활력과 최신 트렌드를 놓치지 않는 유연함을 동시에 …
D0185	D	55	남자	시내버스 운전원	전북	전북-군산시	#직장인	박진원 씨는 군산의 길을 꿰뚫는 베테랑 버스 운전사로, 성실한 삶 끝에 아내와 함께할 작은 집을 꿈꾸는 소박한 중년 남성입니다…
D0186	D	47	여자	주방 보조원	서울	서울-마포구	#직장인	임효영 씨는 마포의 변화를 온몸으로 겪으며 살아온 강인한 생활력을 바탕으로, 학교 주방의 능숙한 조력자에서 전문 조리실장을 꿈…
D0187	D	56	여자	건설 단순 종사원	서울	서울-광진구	#직장인	조옥희 씨는 거친 건설 현장의 생활력과 섬세한 예술적 감성을 동시에 지닌 채, 자녀의 자립과 도자기 공방의 꿈을 향해 묵묵히 …
D0188	D	53	남자	조사 전문가	경상남	경상남-하동군	#고디지털 #육아 #직장인	이형섭 씨는 경남 하동에서 도매 시장을 분석하는 조사 전문가로 일하며, 낮에는 현장을 누비고 밤에는 웹툰과 만화에 빠져 사는 …
D0189	D	54	남자	대형 화물차 운전원	울산	울산-중구	#육아 #직장인	이보성 씨는 울산 공단에서 성실하게 트럭을 운전하며 가족의 안정을 최우선으로 생각하는, 책임감 강하고 보수적인 50대 가장입니…
D0190	D	57	여자	컴퓨터 설치 및 수리원	인천	인천-부평구	#고디지털 #직장인	김은경 씨는 부평구의 정서와 실용적인 기술력을 겸비한 보건업계 컴퓨터 수리원으로, 가족과 이웃에 대한 깊은 애정을 가진 따뜻한…
D0191	D	46	여자	시내버스 운전원	경상남	경상남-창녕군	#직장인	한지영 씨는 창녕에서 성실하게 버스를 운행하며, 낚시와 반려견 산책으로 외로움을 달래는 책임감 강하고 세심한 중년 여성입니다.
D0192	D	57	여자	그 외 법률 관련 사무원	경기	경기-용인시 기흥구	#직장인	전민자 씨는 꼼꼼한 법률 사무직원으로 일하며 가족과의 소소한 식도락과 내실 있는 노후 준비를 통해 삶의 만족을 찾는 실용적인 …
D0193	D	45	남자	전직 강구조물 건립원, 현재 구직중	인천	인천-남동구	#비경제활동 #저디지털	유기만 씨는 인천 남동구의 철골 구조물 전문가로서의 자부심과 이혼 후의 쓸쓸함을 동시에 품은 채, 안전 관리자라는 새로운 시작…
D0194	D	50	여자	텔레마케터	인천	인천-미추홀구	#육아 #직장인	조경미 씨는 미추홀구에서 자가 주택을 일군 성실한 보험 텔레마케터로, 고혈압 관리와 가족의 안정을 위해 매일 문학산을 달리는 …
D0195	D	59	남자	자재 관리 사무원	서울	서울-송파구	#직장인 #테크회의론	김은수 씨는 송파구에서 성실하게 직장 생활을 하며 가족과의 안온한 일상과 건강한 노후를 준비하는 신중하고 꼼꼼한 성격의 중년 …
D0196	D	51	남자	지게차 정비원	전북	전북-익산시	#직장인	한상구 씨는 익산 공단에서 정밀한 정비 기술로 신뢰를 쌓아온 50대 가장이며, 배드민턴과 소주 한 잔의 여유를 즐기는 성실한 …
D0197	D	54	남자	자재 관리 사무원	서울	서울-강서구	#육아 #직장인	류일남 씨는 사회과학적 소양과 현장 실무 능력을 겸비한 채 가족의 안녕과 정년퇴직이라는 소박한 목표를 향해 걷는 50대 가장입…
D0198	D	47	남자	출판 및 자료편집 사무원	경기	경기-화성시	#직장인	임찬규 씨는 정교한 편집 기술로 성공한 커리어를 쌓아온 고소득자이자, 부모님에 대한 책임감과 개인의 소소한 취미 사이에서 균형…
D0199	D	59	여자	제빵사 및 제과원	충청남	충청남-당진시	#저디지털 #직장인	김연화 씨는 당진에서 소박한 빵집을 운영하며 자녀들을 홀로 키워낸, 단단한 내면과 유연한 성품을 지닌 50대 제빵사입니다.
D0200	D	56	여자	위험 관리원	충청남	충청남-천안시 서북구	#저디지털 #직장인	백미경 씨는 천안의 금속 제조 현장에서 따뜻한 카리스마로 안전을 책임지는 위험 관리원이자, 라디오와 산책으로 마음을 다스리는 …
D0201	D	50	여자	건물 청소원	경기	경기-양주시	#직장인	이선희 씨는 양주시 펄프 공장의 베테랑 청소원으로, 건강에 대한 불안과 소박한 취미 사이에서 균형을 잡으며 살아가는 50대 여…
D0202	D	52	여자	특허 사무원	부산	부산-수영구	#육아 #직장인	박혜란 씨는 부산 수영구에서 특허 사무원으로 일하며 꼼꼼한 업무 처리와 정갈한 살림 솜씨를 지닌, 외유내강형의 50대 여성입니…
D0203	D	50	여자	상담 전문가	서울	서울-송파구	#직장인	최하영 씨는 전문적인 상담 역량과 경제적 여유를 갖춘 채, 송파구에서 정갈한 독립 생활과 내면의 평화를 가꾸는 50대 여성입니…
D0204	D	51	여자	산후조리 종사원	경기	경기-의정부시	#육아 #직장인	주은혜 씨는 의정부에서 산후조리사로 일하며 따뜻한 돌봄의 가치를 전하고, 베란다 텃밭과 퍼즐 게임으로 소소한 행복을 찾는 50…
D0205	D	50	여자	텔레마케터	대구	대구-동구	#직장인	이영미 씨는 대구에서 보험사 텔레마케터로 일하며 예술적 감성과 세심한 공감 능력을 갖춘, 겉은 단단해 보이지만 속은 한없이 말…
D0206	D	53	여자	마케팅 전문가	경기	경기-용인시 처인구	#약관정독 #직장인	조세영 씨는 법률적 전문성과 예술적 감수성을 동시에 지닌 보험 마케터로, 용인의 전원생활 속에서 중년의 평온함과 새로운 성장을…
D0207	D	59	여자	전기장비 조립원	경기	경기-김포시	#직장인	김민정 씨는 김포의 의료기기 조립 전문가로서 당뇨라는 건강상의 제약과 사별의 아픔을 성실한 노동과 매일의 산책, 그리고 이웃 …
D0208	D	54	남자	상·하수 배관공	강원	강원-홍천군	#직장인 #테크회의론	이형배 씨는 홍천에서 30년 경력을 쌓은 숙련된 배관공으로, 당뇨와 비만이라는 건강 고민을 안고 있지만 성실함과 기술력으로 인…
D0209	D	58	여자	미장공	강원	강원-철원군	#가격깐깐 #직장인	김은영 씨는 철원 건설 현장의 완벽주의 미장공이자, 내 집 마련의 꿈을 위해 알뜰하게 살림을 꾸리며 부녀회를 이끄는 강인한 5…
D0210	D	48	남자	상·하수 배관공	서울	서울-마포구	#직장인	이성진 씨는 마포구의 골목 정서를 사랑하며 숙련된 배관 기술과 호탕한 성격으로 주변 사람들을 이끄는, 건강 관리가 시급한 40…
D0211	D	54	남자	철도운송 사무원	대구	대구-서구	#고디지털 #육아 #직장인	오기남 씨는 대구의 철도 운송 전산 전문가로서 보수적인 생활 양식과 현대적인 기술 역량을 동시에 지닌, 가족 중심적인 50대 …
D0212	D	51	여자	한식 조리사	서울	서울-은평구	#직장인	이미애 씨는 은평구에서 홀로 거주하며 병원 식당 조리사로 성실하게 일하는 50대 여성으로, 안정적인 노후 주거 마련을 꿈꾸며 …
D0213	D	58	여자	관리 비서	제주	제주-제주시	#직장인	강경애 씨는 제주 농업 행정의 베테랑이자 건강 관리에 진심인 50대 후반의 여성으로, 책임감 있는 직업 정신과 따뜻한 공동체 …
D0214	D	49	여자	간판 제작 및 설치원	서울	서울-노원구	#직장인	김경미 씨는 노원구에서 성실하게 간판 제작 일을 하며 내 집 마련의 꿈을 키워가는, 내면이 단단하고 섬세한 40대 여성 기술자…
D0215	D	50	남자	강구조물 건립원	전라남	전라남-순천시	#육아 #직장인	김종선 씨는 전남 순천에서 강구조물 건립원으로 일하며, 법학 지식과 현장 실무를 겸비한 채 가족과 신앙 공동체 속에서 느긋하고…
D0216	D	51	여자	그 외 제조 관련 단순 종사원	경상북	경상북-김천시	#저디지털 #직장인	장정주 씨는 김천의 전자부품 공장에서 성실하게 일하며 내 집 마련의 꿈을 키우는 50대 여성으로, 임영웅의 노래와 들꽃 사진,…
D0217	D	57	여자	치과위생사	대구	대구-수성구	#저디지털 #직장인	김순미 씨는 대구 수성구에서 근무하는 베테랑 치과위생사로, 정갈한 일식과 수성못 산책, 마크라메 공예를 즐기며 가족과 조화로운…
D0218	D	55	남자	육군 장교	경상북	경상북-영양군	#직장인	이상준 씨는 엄격한 군인의 외피 속에 섬세한 정원사의 꿈을 품고 살아가는, 고독과 다정함이 공존하는 50대 육군 장교입니다.
D0219	D	55	여자	하역 및 적재 관련 단순 종사원	서울	서울-노원구	#육아 #직장인	조영숙 씨는 거친 물류 현장의 숙련공이자, 마음속에 화려한 색채의 정원을 품고 살아가는 강인하고 섬세한 어머니입니다.
D0220	D	50	남자	하역 및 적재 관련 단순 종사원	경상남	경상남-창원시 진해구	#직장인	박경하 씨는 진해항의 성실한 하역 노동자로, 내 집 마련의 안정을 기반으로 건강 관리와 소박한 일상의 즐거움을 지키며 살아가는…
D0221	D	52	여자	김치 제조 종사원	서울	서울-송파구	#육아 #직장인 #테크회의론	이윤정 씨는 송파구에서 김치 제조 숙련공으로 일하며 사별 후 홀로 자녀들을 키워낸, 성실함과 책임감으로 무장한 50대 어머니입…
D0222	D	58	여자	음식 서비스 종사원	경상북	경상북-구미시	#저디지털 #직장인	최미선 씨는 구미에서 식당 일을 하며 보건복지 전공의 따뜻함을 실천하고, 배드민턴과 금오산 산책으로 활력을 찾는 현실적이고 정…
D0223	D	51	남자	가스 점검원	경기	경기-연천군	#육아 #직장인	허정우 씨는 연천의 가스 안전을 책임지는 베테랑 점검원이자, 가족에 대한 책임감과 소박한 이웃 정을 소중히 여기는 현실적인 5…
D0224	D	47	여자	언어학 및 문학 연구원	경기	경기-파주시	#고디지털 #직장인	이지영 씨는 파주 출판단지의 정적인 분위기를 닮은 언어학 연구원으로, 꼼꼼한 성격과 인문학적 통찰력을 바탕으로 안정적인 삶과 …
D0225	D	44	여자	전화 상담원	경기	경기-안양시 동안구	#직장인 #테크회의론	임민희 씨는 평촌의 정돈된 일상 속에서 예술적 감성으로 집을 가꾸고, 전화 상담원의 고된 감정 노동을 텃밭 가꾸기와 식도락 여…
D0226	D	42	여자	보건 및 복지 교수	인천	인천-연수구	#직장인	장수옥 씨는 송도에서 거주하며 보건 복지 분야의 전문성을 쌓아가는 40대 교수로, 철저한 자기관리와 인문학적 소양을 바탕으로 …
D0227	D	49	남자	시스템 소프트웨어 설계 및 분석가	경기	경기-수원시 영통구	#고디지털 #직장인 #테크회의론	김준영 씨는 수원 영통에서 전자출판 시스템 설계자로 일하며, 고소득의 안정감과 단독주택의 정적 속에서 반려견과 함께 소소한 디…
D0228	D	53	여자	행사 및 홍보 도우미	강원	강원-원주시	#육아 #직장인	이명희 씨는 원주에서 행사 도우미로 일하며 안정적인 삶을 꾸려가는 50대 여성으로, 마른 체형과 세심한 성격을 가졌으며 치악산…
D0229	D	53	남자	자동 조립라인 조작원	충청북	충청북-음성군	#육아 #저디지털 #직장인	양진영 씨는 음성군 공단에서 숙련된 기술로 인정받는 조립원이자, 건강에 대한 불안과 외로움을 옛 노래와 가족에 대한 그리움으로…
D0230	D	56	남자	승용차 및 승합차 운전원	서울	서울-강남구	#직장인	이봉현 씨는 강남의 지리를 꿰고 있는 베테랑 운전원으로, 자가 아파트를 보유하고 있으나 빠듯한 소득으로 3세대 가족을 부양하며…
D0231	D	53	여자	보육교사	경상남	경상남-진주시	#육아 #직장인	이은희 씨는 진주 남강의 정취를 닮아 온화해 보이지만, 교육자로서의 강직한 주관과 꼼꼼한 책임감을 지닌 50대 보육교사입니다.
D0232	D	52	여자	산업 안전원	경기	경기-구리시	#약관정독 #육아 #직장인	최은숙 씨는 구리시에 거주하며 의료기기 제조 현장의 안전을 책임지는 단단한 내면의 소유자로, 역사 여행과 소박한 술자리를 통해…
D0233	D	52	여자	금형원	부산	부산-강서구	#육아 #직장인	김지영 씨는 정밀한 금형 기술로 삶을 일궈온 강인한 기술자이자, 소소한 빵집 나들이와 원예로 마음을 달래는 따뜻한 어머니입니다…
D0234	D	47	남자	일식 조리사	충청남	충청남-부여군	#직장인	조응선 씨는 부여에서 지역색을 입힌 일식을 선보이는 베테랑 조리사로, 건강상의 약점과 가족 간의 갈등을 운동과 요리에 대한 집…
D0235	D	53	여자	그 외 경영 지원 관리자	인천	인천-남동구	#고디지털 #약관정독 #직장인	김미정 씨는 경영학적 전문성과 현장의 유연함을 겸비한 채, 소소한 먹거리의 즐거움과 가족과의 평온한 일상을 소중히 여기는 50…
D0236	D	57	여자	회계 사무원	울산	울산-중구	#가격깐깐 #직장인	조미정 씨는 울산에서 성실하게 회계 사무원으로 근무하며 가족과 소소한 빵집 투어를 즐기고, 원칙 중심의 삶과 다정한 공동체 의…
D0237	D	55	남자	목형원	경상북	경상북-경산시	#저디지털 #직장인	이문현 씨는 경산에서 0.1mm의 오차도 허용하지 않는 꼼꼼한 목형원으로 일하며, 소박한 일상과 가족의 안정을 최우선으로 여기…
D0238	D	55	남자	교육 및 훈련 사무원	부산	부산-서구	#육아 #직장인	김영창 씨는 부산 사나이의 호탕함과 인문학적 섬세함을 동시에 지닌, 사람 냄새 나는 스포츠 행정 전문가입니다.
D0239	D	51	여자	그 외 일반 영업원	경기	경기-성남시 중원구	#약관정독 #육아 #저디지털 #직장인	박지영 씨는 성남 중원구에서 성실하게 보험 영업을 하며 가족과의 정적인 휴식과 자연 속의 산책에서 삶의 행복을 찾는 50대 여…
D0240	D	58	남자	사무 보조원	충청남	충청남-홍성군	#직장인	윤효정 씨는 홍성의 건축 사무소에서 성실하게 일하며, 소박한 일상과 사람 사이의 정을 소중히 여기는 외로운 듯 따뜻한 50대 …
D0241	D	50	남자	건물 경비원	전라남	전라남-구례군	#직장인	이덕곤 씨는 구례에서 경비원으로 일하며 내 집 마련의 꿈을 키우는, 투박한 손재주와 정 많은 성격을 가진 50대 가장입니다.
D0242	D	50	여자	사무 보조원	경상남	경상남-진주시	#고디지털 #육아 #직장인	송영미 씨는 진주에서 가족을 위해 헌신하며 소박한 직장 생활과 소소한 사교 활동에서 행복을 찾는, 배려심 깊고 따뜻한 성품의 …
D0243	D	58	남자	종이 제조 장치 조작원	경상남	경상남-양산시	#저디지털 #직장인	주용주 씨는 양산 공단의 숙련된 기계 조작원이자 고독한 중년으로, 게임과 음악 그리고 사우나를 통해 삶의 적막함을 견뎌내는 인…
D0244	D	50	남자	품질 관리 사무원	경기	경기-광명시	#고디지털 #육아 #직장인	조민수 씨는 철저한 자기관리와 논리적인 업무 처리 능력을 갖춘 동시에, 가족에 대한 깊은 책임감과 유연한 사고를 지닌 50대 …
D0245	D	50	여자	제책 및 재단용 기계 조작원	서울	서울-강서구	#저디지털 #직장인	주영선 씨는 마곡동 아파트에서 홀로 지내며 제책 기계 조작원으로서의 숙련된 기술과 소소한 인테리어 취향을 조화롭게 가꾸어가는 …
D0246	D	53	여자	음식 서비스 종사원	전북	전북-군산시	#육아 #직장인	이성림 씨는 군산에서 식당 서빙 일을 하며 성실하게 살아가는 50대 여성으로, 가족과 함께하는 맛있는 식사와 트로트 음악에서 …
D0247	D	41	남자	예약 및 접수 사무원	충청남	충청남-공주시	#고디지털 #직장인 #테크회의론	김기혁 씨는 공주에서 4세대 대가족과 함께 살며 스포츠 센터의 전산화를 꿈꾸는, 꼼꼼함과 사교성을 동시에 갖췄으나 건강 관리가…
D0248	D	59	남자	그 외 물품 이동 장비 조작원	광주	광주-남구	#저디지털 #직장인	박형진 씨는 성실한 물류 전문가의 삶을 살면서도 가슴속에 예술적 낭만을 품고 살아가는, 겉으로는 무뚝뚝해 보이지만 내면은 섬세…
D0249	D	50	여자	의류 판매원	울산	울산-북구	#직장인	노정원 씨는 울산의 무채색 풍경 속에서 자신만의 색깔을 찾는, 외롭지만 예술적인 감수성을 가진 의류 판매원입니다.
D0250	D	59	남자	그 외 고객 상담 사무원	경기	경기-시흥시	#약관정독 #직장인	문도현 씨는 시흥에서 고객 상담원으로 일하며 소박한 일상과 문화 예술을 사랑하는, 책임감 강하고 실속 있는 50대 가장입니다.
D0251	D	48	여자	보육교사	서울	서울-송파구	#직장인	이희영 씨는 송파구에서 아이들을 사랑으로 돌보는 베테랑 보육교사로, 계획적인 삶과 타인에 대한 깊은 배려를 통해 주변의 신뢰를…
D0252	D	55	여자	자동 재봉설비 조작원	경상남	경상남-창원시 성산구	#직장인	김광임 씨는 창원 국가산업단지에서 30년 경력을 쌓은 재봉설비 전문가이자, 어머니를 지극정성으로 모시는 현실적이고 강인한 중년…
D0253	D	57	여자	가구 판매원	부산	부산-기장군	#직장인	손이경 씨는 기장에서 가구를 팔며 홀로 자녀를 키워낸 강인한 어머니이자, 퇴근 후 웹툰과 산책으로 소소한 행복을 찾는 50대 …
D0254	D	53	여자	출판 및 자료편집 사무원	서울	서울-서초구	#육아 #직장인	천세진 씨는 서초구에 거주하며 교육 출판사에서 정교한 교정 업무를 수행하는 50대 여성으로, 성실한 직장 생활과 가족 중심의 …
D0255	D	53	남자	그 외 금융 사무원	서울	서울-영등포구	#고디지털 #육아 #직장인	오영길 씨는 ICT 전공 지식을 건설 금융 실무에 녹여낸 유능한 사무원이자, 고혈압과 복부 비만이라는 건강 숙제를 안고 가족과…
D0256	D	47	여자	치과 일반 의사	인천	인천-서구	#직장인	유혜정 씨는 청라에서 정직한 진료를 펼치는 치과 의사이자, 배드민턴과 숲길 산책으로 삶의 균형을 잡는 40대 전문직 여성입니다…
D0257	D	51	남자	플랜트 배관공	울산	울산-남구	#저디지털 #직장인 #테크회의론	이경수 씨는 울산 공업 단지의 성실함을 체화한 정밀 배관 숙련공이자, 고요한 휴식과 소수의 깊은 관계에서 에너지를 얻는 신중한…
D0258	D	40	여자	중식 조리사	경기	경기-안산시 단원구	#저디지털 #직장인	이창희 씨는 안산에서 웍을 잡는 베테랑 중식 조리사로, 내 집 마련의 안정을 이룬 뒤 동네 사람들과 정을 나누는 작은 식당 운…
D0259	D	41	여자	초등학교 교사	경기	경기-성남시 분당구	#직장인 #테크회의론	유공주 씨는 철저한 자기관리와 전문성을 갖춘 초등학교 교사이자, 분당의 세련된 도시 문화와 미식을 즐기는 독립적인 40대 여성…
D0260	D	51	여자	전화 상담원	부산	부산-서구	#육아 #저디지털 #직장인	변정옥 씨는 억척스러운 삶의 지혜와 세심한 업무 능력을 갖춘 부산의 상담원이자, 가족의 미래를 위해 현재의 고단함을 견뎌내는 …
D0261	D	44	남자	하역 및 적재 관련 단순 종사원	경기	경기-이천시	#저디지털 #직장인	강학현 씨는 이천 펄프 공장의 숙련된 하역 작업자이자, 스크린 골프와 배달 피자에 진심인 40대 중반의 1인 가구 남성입니다.
D0262	D	58	남자	타일 부착원	전북	전북-전주시 완산구	#직장인	남만규 씨는 전주에서 성실하게 타일 기술자로 일하며 삼대 가족을 부양하는, 책임감 강하고 유연한 사고를 가진 50대 가장입니다…
D0263	D	51	남자	그 외 서비스 관련 단순 종사원	충청남	충청남-공주시	#육아 #직장인 #테크회의론	김두선 씨는 공주에서 부동산 관련 일을 하며 자녀들을 정성껏 키우는, 푸근한 인심과 실무 능력을 겸비한 50대 가장입니다.
D0264	D	50	남자	염색 조색 및 배합기 조작원	경기	경기-부천시 원미구	#육아 #직장인	김선우 씨는 숙련된 조색 기술과 성실함으로 가족의 안정을 일궈낸, 유연한 사고와 세심한 배려심을 지닌 부천의 중년 가장입니다.
D0265	D	46	여자	주방 보조원	경기	경기-양평군	#직장인	김시내 씨는 양평에서 공공기관 주방 보조로 일하며 조리사라는 꿈을 향해 나아가는, 넉살 좋고 꼼꼼한 40대 여성입니다.
D0266	D	53	남자	전직 경영 기획 사무원, 현재 구직중	경상남	경상남-김해시	#고디지털 #비경제활동 #육아	이정완 씨는 IT 전공과 경영 기획 경력을 갖춘 50대 가장으로, 김해에서 재취업을 준비하며 예술과 운동으로 삶의 균형을 찾으…
D0267	D	50	남자	연삭기 및 연마기 조작원	충청남	충청남-천안시 서북구	#육아 #직장인	심정훈 씨는 투박한 금속 가공 현장의 숙련공이지만 마음 한구석에는 섬세한 예술가적 감성을 품고 살아가는, 외로움을 책임감으로 …
D0268	D	58	남자	폐기물 처리 기술자 및 연구원	서울	서울-강남구	#고디지털 #직장인 #테크회의론	조영남 씨는 강남에서 폐기물 처리 연구원으로 일하며 반려견과 고전 영화, 그리고 소박한 일상의 안정을 소중히 여기는 신중하고 …
D0269	D	41	여자	여행 상품 개발자	서울	서울-광진구	#직장인	박정미 씨는 교육학적 전문성을 바탕으로 세심한 힐링 여행 상품을 만드는, 차분하고 계획적인 40대 직장인입니다.
D0270	D	56	남자	건설 단순 종사원	울산	울산-울주군	#직장인	하정호 씨는 울산의 건설 현장에서 몸으로 익힌 정직한 기술로 살아가는, 소박한 일상과 가족의 평온함을 최우선으로 여기는 실용적…
D0271	D	40	여자	상품 기획자	경기	경기-안성시	#직장인	손은정 씨는 전문적인 기술력과 외향적인 성격을 겸비한 40대 기획자로, 당뇨 관리라는 제약 속에서도 일과 관계의 균형을 맞추며…
D0272	D	50	남자	시설 경비원	부산	부산-금정구	#저디지털 #직장인	김규철 씨는 부산 금정구에서 성실하게 근무하는 베테랑 경비원이자, 무뚝뚝하지만 가족을 아끼고 소박한 일상의 행복을 찾아가는 5…
D0273	D	55	남자	그 외 금속·재료 공학 기술자 및 연구원	부산	부산-금정구	#고디지털 #직장인	김형석 씨는 정밀한 금속 공학 기술자로서의 자부심과 사별 후의 고독함 사이에서, 소소한 일상의 루틴으로 마음을 다스리는 부산의…
D0274	D	45	남자	공군 부사관	경상북	경상북-성주군	#고디지털 #직장인 #테크회의론	조용현 씨는 성주에서 부모님과 함께 사는 꼼꼼한 공군 부사관으로, 절제된 군인 정신과 넉살 좋은 경상도 청년의 면모를 동시에 …
D0275	D	56	여자	교육 및 훈련 사무원	경기	경기-광주시	#고디지털 #직장인	박인실 씨는 경기 광주에서 교육 행정직으로 성실히 근무하며, 정갈한 일상의 질서와 소박한 관계, 그리고 건강에 대한 은근한 걱…
D0276	D	54	남자	철도운송 관련 종사원	서울	서울-광진구	#육아 #직장인 #테크회의론	임상룡 씨는 광진구에 거주하는 꼼꼼한 철도 운송 전문가로, 안정적인 가정생활 속에서 최신 기술에 대한 호기심과 문화적 소양을 …
D0277	D	52	남자	생산관리 사무원	경상북	경상북-구미시	#육아 #직장인	이창완 씨는 구미 산단에서 기술적 전문성과 유연한 소통 능력을 겸비한 채, 가족과 자연 그리고 독서를 사랑하며 평온한 정년을 …
D0278	D	57	남자	토목 제도사	경기	경기-수원시 팔달구	#고디지털 #직장인	임현수 씨는 정밀한 도면 설계 능력과 유연한 성품을 겸비하고, 수원의 정취 속에서 가족과 함께 소박한 일상을 가꾸어가는 50대…
D0279	D	59	여자	그 외 하역 및 적재 단순 종사원	울산	울산-울주군	#직장인	추영자 씨는 울주군 농업 현장의 베테랑 작업자이자, 배움에 대한 갈증을 인문학과 영화로 채우며 자기관리에 철저한 50대 여성입…
D0280	D	50	여자	그 외 돌봄 및 보건 서비스 종사원	대전	대전-중구	#저디지털 #직장인	노정안 씨는 대전 중구에서 자가 주택을 가진 채 어르신들을 돌보는 넉살 좋은 돌봄 노동자로, 맛집 탐방과 라디오 청취로 삶의 …
D0281	D	59	남자	시설 경비원	서울	서울-관악구	#직장인	권동선 씨는 관악구에서 시설 경비원으로 일하며 가족을 부양하는 책임감 강한 아버지이자, 렌즈 너머의 세상과 예술을 동경하는 낭…
D0282	D	54	남자	그 외 법률 관련 사무원	경상북	경상북-포항시 북구	#약관정독 #육아 #직장인 #테크회의론	장승우 씨는 포항의 공단에서 법무 사무원으로 일하며 철저한 자기관리와 섬세한 예술적 감수성을 동시에 지닌, 외유내강형의 50대…
D0283	D	50	남자	유리 관련 기능 종사원	경기	경기-포천시	#직장인	권형곤 씨는 포천에서 유리 제조 숙련공으로 일하며 성실함과 절제를 통해 내 집 마련의 꿈을 키워가는 50대 가장입니다.
D0284	D	59	남자	전직 주방 보조원, 현재 구직중	인천	인천-서구	#비경제활동 #저디지털	김형철 씨는 성실한 주방 경력을 바탕으로 재취업을 꿈꾸며, 가족의 화목과 친구들과의 여유를 소중히 여기는 인천 서구의 푸근한 …
D0285	D	56	여자	노인 및 장애인 돌봄 서비스 종사원	전라남	전라남-고흥군	#고디지털 #직장인 #테크회의론	장상미 씨는 고흥에서 어르신들을 돌보며 소박한 일상의 안온함과 임영웅의 노래, 그리고 친구들과의 맛있는 식사에서 삶의 의미를 …
D0286	D	53	남자	지게차 운전원	충청남	충청남-천안시 서북구	#직장인	서성모 씨는 천안 공단에서 지게차 운전원으로 성실히 근무하며 아내와 함께 소박하고 안정적인 삶을 일궈가는 현실적인 50대 가장…
D0287	D	58	여자	제빵사 및 제과원	경기	경기-의정부시	#직장인 #테크회의론	유윤정 씨는 사회과학적 통찰과 제빵 기술을 결합해 의정부에서 건강한 빵을 굽고, 소박한 일상과 자연의 여유를 사랑하는 지적인 …
D0288	D	51	여자	일반 간호사	경기	경기-용인시 기흥구	#직장인	김은영 씨는 용인 기흥구에 거주하며 타인의 아픔을 보듬는 노련한 간호사이자, 베란다 텃밭과 숲길 산책에서 삶의 여유를 찾는 5…
D0289	D	48	여자	커피 조리사	충청북	충청북-청주시 상당구	#고디지털 #직장인	배상미 씨는 교육학적 꼼꼼함을 커피 추출에 녹여내는 전문가이자, 예술과 정갈한 음식으로 내면의 외로움을 달래는 차분한 성격의 …
D0290	D	57	남자	자재 관리 사무원	울산	울산-울주군	#고디지털 #직장인	김종일 씨는 울산의 전기 자재 관리 전문가로, 철저한 계획성과 꼼꼼함을 바탕으로 안정적인 삶을 꾸려가지만 내면의 예민함과 체중…
D0291	D	56	여자	시설 경비원	강원	강원-춘천시	#직장인	정은영 씨는 춘천에서 시설 경비원으로 일하며 넉살 좋은 성격으로 주변 사람들을 챙기고, 가족과 함께하는 소박한 외식과 배드민턴…
D0292	D	53	여자	기업 고위 임원	광주	광주-남구	#고디지털 #직장인 #테크회의론	정용자 씨는 공학적 논리로 금융계를 정복한 고위 임원이지만, 일상에서는 느긋한 휴식과 가족의 평화를 최우선으로 여기는 외유내강…
D0293	D	51	남자	그 외 금융 사무원	서울	서울-광진구	#직장인 #테크회의론	김진한 씨는 광진구 구의동에 거주하며 건설업 금융 사무원으로 성실히 근무하는 50대 가장으로, 당뇨 관리와 안정적인 정년을 꿈…
D0294	D	58	여자	그 외 냉동·냉장·공조기 설치 및 정비원	전라남	전라남-고흥군	#직장인	이경희 씨는 고흥의 귤 향 가득한 마을에서 정교한 공조 기술로 인정받는 강단 있는 기술자이자, 수국 가꾸기와 소박한 분식 나들…
D0295	D	59	여자	육아 도우미	제주	제주-제주시	#직장인	홍경해 씨는 제주시에서 아이들을 돌보며 이웃과 정을 나누고, 오름 산책과 배드민턴으로 건강을 관리하는 50대 후반의 다정한 육…
D0296	D	50	여자	제빵사 및 제과원	경상남	경상남-사천시	#육아 #직장인	정복자 씨는 사천에서 빵집을 운영하며 임영웅의 노래와 가족과의 맛집 탐방을 즐기는, 정 많고 생활력 강한 50대 제빵사입니다.
D0297	D	54	남자	산불 감시원	경기	경기-용인시 수지구	#육아 #직장인	박관우 씨는 용인 수지의 자가 아파트에서 가족과 거주하며, 광교산의 지형을 꿰뚫고 있는 성실한 산불 감시원이자 소소한 외식과 …
D0298	D	56	남자	조경원	경상북	경상북-포항시 남구	#직장인	김기홍 씨는 포항의 바닷바람과 흙을 사랑하며, 투박한 겉모습 속에 다정한 마음을 품고 살아가는 베테랑 조경원입니다.
D0299	D	50	여자	커피 조리사	대구	대구-달서구	#육아 #직장인	김은영 씨는 ICT 전공 지식을 갖춘 능숙한 커피 조리사로, 대구 달서구에서 가족과 함께 평범하지만 단단한 일상을 가꾸며 소소…
D0300	D	59	여자	건물 청소원	충청남	충청남-천안시 동남구	#직장인	김련옥 씨는 천안에서 병원 청소원으로 일하며 내 집 마련의 꿈과 건강 관리를 위해 성실하게 살아가는, 강인함과 유연함을 동시에…
D0301	D	59	남자	건물 경비원	충청북	충청북-음성군	#직장인	김남원 씨는 충북 음성에서 경비원으로 일하며, 낭만적인 드라마 풍경과 소소한 술자리를 사랑하는 정 많고 손재주 좋은 50대 가…
D0302	D	50	여자	음료 서비스 종사원	서울	서울-광진구	#육아 #저디지털 #직장인	김은실 씨는 서울 광진구에서 성실하게 일하며 가족의 안녕과 소박한 내 집 마련의 꿈을 키워가는, 정 많고 노련한 50대 여성입…
D0303	D	57	남자	시외 및 고속 버스 운전원	경상북	경상북-구미시	#직장인	김동윤 씨는 구미에서 수십 년간 무사고를 이어온 성실한 버스 운전원이자, 건강 관리와 가족의 안녕을 최우선으로 여기는 책임감 …
D0304	D	55	여자	시설 경비원	경기	경기-의왕시	#육아 #직장인	조은정 씨는 의왕시에서 손주들을 돌보며 연구소 경비원으로 성실히 근무하는, 강한 생활력과 따뜻한 포용력을 겸비한 50대 여성입…
D0305	D	54	여자	지방행정 사무원	광주	광주-광산구	#육아 #직장인	안은주 씨는 광주 광산구청에서 근무하는 능숙한 행정 사무원이자, 당뇨 관리와 사교 활동 사이에서 균형을 찾으려 노력하는 50대…
D0306	D	47	남자	통신망 운영 기술자 및 연구원	대전	대전-서구	#고디지털 #직장인	김해일 씨는 대전의 정돈된 분위기 속에서 전문성과 개인의 삶 사이의 균형을 찾아가는, 섬세하고 실용적인 40대 후반의 통신 기…
D0307	D	59	여자	철도운송 관련 종사원	인천	인천-부평구	#직장인	박석영 씨는 인천 부평에서 철도운송직으로 근무하며 안정적인 노후를 준비하는, 강단 있는 성격과 외로운 내면을 동시에 지닌 50…
D0308	D	53	남자	자재 관리 사무원	서울	서울-금천구	#육아 #직장인	차준기 씨는 금천구에서 건설 자재 관리원으로 일하며 가족을 위해 성실히 살아가는, 푸근한 인상 뒤에 건강 걱정과 자식 걱정을 …
D0309	D	42	남자	수질 환경 기술자 및 연구원	충청북	충청북-청주시 서원구	#고디지털 #직장인 #테크회의론	이선욱 씨는 ICT 기반 수질 환경 전문가로서의 정밀함과 개인적인 삶의 불안함 사이에서 아슬아슬한 균형을 잡으며 살아가는 40…
D0310	D	57	남자	웹 운영자	대구	대구-중구	#직장인	허도형 씨는 대구 중구의 정서와 안정적인 직장 생활을 바탕으로, 주변 사람들과의 조화를 최우선으로 여기며 소소한 일상의 행복을…
D0311	D	58	여자	한식 조리사	경기	경기-평택시	#직장인	함영미 씨는 평택 복지시설의 베테랑 조리사로서 꼼꼼한 일 처리와 넉넉한 성품을 지녔으며, 찜질방과 텃밭 가꾸기를 즐기는 정 많…
D0312	D	59	여자	신용카드 모집인	서울	서울-동작구	#저디지털 #직장인	김성희 씨는 동작구에서 부모님을 모시며 신용카드 모집인으로 성실하게 살아가는, 정 많고 사교적인 50대 후반의 여성입니다.
D0313	D	42	여자	일반 비서	서울	서울-마포구	#고디지털 #직장인	김현정 씨는 마포구의 정취와 인문학적 감성을 지닌 채, IT 업계의 경직된 분위기를 부드럽게 녹여내며 안정적인 직장 생활과 작…
D0314	D	58	여자	한식 조리사	경기	경기-성남시 중원구	#직장인	김미순 씨는 성남에서 가족을 위해 헌신하며 살아온 베테랑 한식 조리사로, 성실한 삶의 궤적 위에 소박한 빵 쇼핑과 운동으로 활…
D0315	D	58	여자	한식 조리사	경상남	경상남-창원시 마산회원구	#직장인	송혜진 씨는 마산의 강인한 생활력으로 자가 아파트 마련과 자녀 양육을 모두 해낸, 정 많고 솜씨 좋은 50대 후반의 복지관 조…
D0316	D	53	여자	주차 관리원	경상북	경상북-예천군	#직장인	김경미 씨는 예천에서 주차 관리원으로 근무하며, 마당의 꽃과 소소한 외식, 그리고 가족과의 평온한 시간을 소중히 여기는 50대…
D0317	D	59	남자	그 외 택배원	경기	경기-의정부시	#직장인	홍창호 씨는 의정부 길눈 밝은 택배원으로 일하며, 가족과 함께하는 조용한 자연 여행과 유튜브 풍경 영상에서 안식을 찾는 독립적…
D0318	D	56	남자	범용 소프트웨어 프로그래머	경기	경기-시흥시	#고디지털 #직장인	안찬영 씨는 시흥에 거주하며 레거시 코드 최적화에 능한 숙련된 프로그래머이자, 당뇨라는 건강상 약점이 있음에도 배드민턴과 낚시…
D0319	D	44	남자	산업 안전원	경상남	경상남-김해시	#직장인 #테크회의론	박주원 씨는 김해의 식품 공장 안전원으로서 전문성을 갖춘 채, 어머니와의 단란한 생활과 개인적인 휴식을 조화롭게 누리며 살아가…
D0320	D	51	남자	기업 고위 임원	경기	경기-부천시 오정구	#고디지털 #육아 #직장인	안성권 씨는 부천의 물류 IT 전문가이자 따뜻한 성품을 가진 50대 가장으로, 디지털 역량과 예술적 감수성을 동시에 갖춘 유연…
D0321	D	42	여자	보험 관리자	경상남	경상남-창원시 성산구	#약관정독 #직장인	이지은 씨는 창원의 보험 관리자로 일하며 예술적 감성과 현실적 결핍 사이에서 균형을 잡으려 노력하는 40대 여성입니다.
D0322	D	47	남자	그 외 인쇄기 조작원	경기	경기-안성시	#직장인	황현준 씨는 안성에서 숙련된 인쇄 기술자로 일하며, 건강 관리의 필요성과 일상의 작은 일탈 사이에서 갈등하는 현실적인 40대 …
D0323	D	58	남자	산불 감시원	대전	대전-동구	#저디지털 #직장인 #테크회의론	김종록 씨는 대전 식장산을 지키는 성실한 산불 감시원이자, 반려견과 트로트를 사랑하며 소박한 자가 아파트에서 평온한 노후를 준…
D0324	D	48	남자	중고차 영업원	경기	경기-양주시	#가격깐깐 #직장인	이용희 씨는 양주에서 정직한 중고차 딜러로 이름을 알리며 성실하게 살아왔지만, 마음 한구석에는 늘 경제적 불안을 품고 가족과의…
D0325	D	46	여자	그 외 돌봄 및 보건 서비스 종사원	경상북	경상북-문경시	#직장인	김나나 씨는 문경에서 어르신 돌봄 전문가로 일하며, 소박한 텃밭 가꾸기와 친구들과의 맥주 한 잔에서 행복을 찾는 현실적이고 다…
D0326	D	52	여자	경리 사무원	광주	광주-광산구	#육아 #저디지털 #직장인	김미경 씨는 광주 광산구에서 보험사 경리로 일하며, 소박한 일상의 행복과 인간관계의 조화를 중요하게 여기는 따뜻한 성정의 50…
D0327	D	52	여자	한식 조리사	경기	경기-안양시 동안구	#가격깐깐 #직장인	정세희 씨는 평촌에서 자가를 보유한 50대 한식 조리사로, 철저한 가계부 작성과 식도락 여행을 즐기며 혈당 관리를 통해 건강한…
D0328	D	53	남자	생산관리 사무원	서울	서울-강서구	#육아 #직장인	변성헌 씨는 강서구에 거주하며 의류 제조 생산관리직으로 근무하는 50대 가장으로, 철저한 자기관리와 사회적 관계, 식도락의 즐…
D0329	D	45	여자	유치원 교사	제주	제주-제주시	#직장인	최나영 씨는 제주시에서 성실하게 유치원 교사로 근무하며, 완벽주의적 성향과 상실의 아픔을 가족 사랑과 소소한 기록 취미로 극복…
D0330	D	56	남자	변호사	충청남	충청남-천안시 동남구	#약관정독 #직장인	강주혁 씨는 인문학적 통찰력을 지닌 보험 전문 변호사로, 광덕산 산행과 전통 한식을 즐기며 정갈한 삶의 궤적을 그려가는 50대…
D0331	D	44	남자	도로운송 사무원	서울	서울-송파구	#고디지털 #직장인 #테크회의론	서정열 씨는 송파구에서 화물 운송 사무원으로 일하며 실무 능력을 쌓아온, 가족과 식도락을 사랑하는 푸근하고 신중한 성격의 40…
D0332	D	50	남자	건물 경비원	강원	강원-강릉시	#육아 #직장인	이태영 씨는 강릉의 아파트 경비원으로 근무하며 가족을 부양하는 책임감 강한 아버지이자, 배드민턴과 옛 노래로 삶의 여유를 찾는…
D0333	D	54	남자	정보 시스템 운영자	대구	대구-북구	#고디지털 #직장인 #테크회의론	이경원 씨는 대구 북구에서 교육 서비스직 정보 시스템 운영자로 근무하며, 건강 관리와 안정적인 커리어 마무리 사이에서 균형을 …
D0334	D	52	여자	광고 전문가	경기	경기-화성시	#직장인	유희정 씨는 동탄 신도시에 거주하며 브랜드 스토리텔링 능력을 갖춘 광고 전문가이자, 당뇨 관리와 홈베이킹 사이에서 소소한 행복…
D0335	D	57	여자	그 외 상점 판매원	경기	경기-의정부시	#직장인	김영애 씨는 의정부에서 능숙한 처세술로 상점을 운영하며, 임영웅의 노래와 수락산의 자연 속에서 소박한 행복을 찾는 정 많은 중…
D0336	D	50	여자	음료 서비스 종사원	전라남	전라남-여수시	#가격깐깐 #육아 #직장인 #창업준비	박연정 씨는 여수 웅천에서 가족과 함께 사는 50대 음료 서비스 종사자로, 꼼꼼한 업무 처리 능력과 알뜰한 살림 솜씨를 갖췄으…
D0337	D	53	여자	인조석 설치원	충청북	충청북-충주시	#육아 #직장인	전혜옥 씨는 충주에서 인조석 설치 전문가로 일하며 전통적인 가족 가치와 현대적인 자아실현을 조화롭게 이끌어가는 강단 있는 중년…
D0338	D	45	여자	승용차 및 승합차 운전원	서울	서울-강서구	#직장인	최영혜 씨는 서울의 골목길을 꿰뚫는 베테랑 운전원으로, 내 집 마련의 꿈을 품고 성실하게 일하며 사람들과의 유대와 정적인 휴식…
D0339	D	54	여자	병무행정 사무원	경상남	경상남-산청군	#약관정독 #직장인 #테크회의론	이은미 씨는 산청의 자연과 공직의 엄격함 사이에서 자신만의 단단한 기준을 세워 살아가는, 정교한 일 처리와 정적인 취향을 가진…
D0340	D	50	남자	렌즈 및 프리즘 가공기 조작원	경기	경기-하남시	#육아 #직장인	이인식 씨는 하남시에 거주하며 정밀 렌즈 가공 분야에서 독보적인 숙련도를 가진, 가족에 대한 책임감이 강한 50대 아버지입니다…
D0341	D	59	남자	육군 장교	전북	전북-익산시	#고디지털 #보안민감 #직장인	전상덕 씨는 익산에서 육군 장교로 퇴임을 준비하며, 외로움을 사회적 교류와 취미로 달래는 현실적이고 능숙한 관리자입니다.
D0342	D	51	여자	그 외 법률 관련 사무원	충청북	충청북-단양군	#육아 #직장인	염현경 씨는 충북 단양에서 법률 사무원으로 일하며 가족과 식도락을 즐기고 코바늘 뜨개질로 은퇴 후의 공방 꿈을 키워가는 현실적…
D0343	D	53	남자	수동 포장원	부산	부산-서구	#직장인	이종수 씨는 부산 서구에서 성실하게 포장 일을 하며 자가 아파트의 안정감과 오랜 친구들과의 의리를 소중히 여기는 현실적인 50…
D0344	D	59	남자	마케팅 전문가	충청남	충청남-천안시 동남구	#직장인	김종호 씨는 천안에서 교육 마케팅으로 잔뼈가 굵은 실용주의자로, 야구 시청과 식도락 여행을 즐기며 건강 관리와 식탐 사이에서 …
D0345	D	54	남자	자재 관리 사무원	경상북	경상북-포항시 남구	#직장인	김우진 씨는 포항에서 농자재 창고를 관리하는 베테랑 사무원이자, 외로움을 사람들과의 술자리와 지역 축제로 달래며 평온한 퇴직을…
D0346	D	55	남자	항타기 운전원	광주	광주-북구	#육아 #직장인	임강석 씨는 광주에서 정밀한 항타기 운용 능력을 갖춘 베테랑 기술자로, 건강 고민과 흡연 습관을 가지고 있지만 가족을 향한 책…
D0347	D	50	남자	하역 및 적재 관련 단순 종사원	인천	인천-계양구	#육아 #직장인	정찬희 씨는 인천 계양구에서 성실하게 적재 업무에 종사하며 가족을 부양하는, 겉은 딱딱하지만 속은 깊은 50대 가장입니다.
D0348	D	51	남자	그 외 하역 및 적재 단순 종사원	부산	부산-북구	#저디지털 #직장인	송연준 씨는 부산 북구 건설 현장의 성실한 일꾼이자, 금정산의 정기와 베란다 텃밭의 평온함 속에서 내 집 마련의 꿈을 꾸는 외…
D0349	D	52	여자	무역 관련 관리자	경기	경기-군포시	#약관정독 #육아 #직장인	이순희 씨는 군포시에서 무역 관리자로 근무하며, 인문학적 소양과 치밀한 업무 처리 능력을 갖춘 50대 어머니입니다.
D0350	D	59	여자	관광버스 운전원	충청남	충청남-서산시	#직장인	김경란 씨는 충남 서산에서 가족의 안녕과 안정적인 노후를 위해 쉼 없이 운전대를 잡으며, 강단 있는 삶과 소소한 취미 사이에서…
D0351	D	50	여자	전화 상담원	경기	경기-평택시	#육아 #저디지털 #직장인	오경선 씨는 평택에서 상담원으로 일하며 꼼꼼한 살림과 예술적 취향, 그리고 삶의 무게를 견디는 강인함과 예민함을 동시에 지닌 …
D0352	D	48	남자	강구조물 가공원	서울	서울-강북구	#직장인	송진형 씨는 법학도의 지성과 현장 기술자의 정직한 땀방울을 동시에 가진, 강북구 수유동의 무던하고 따뜻한 강철 가공 전문가입니…
D0353	D	54	여자	사회복지사	충청남	충청남-공주시	#육아 #직장인	곽기정 씨는 충남 공주에서 성실하게 사회복지사로 일하며, 가족과 자연 그리고 임영웅의 노래를 통해 소소한 행복을 찾는 정 많고…
D0354	D	51	여자	회계 사무원	경기	경기-군포시	#직장인	장채원 씨는 군포에서 어머니를 모시며 성실하게 회계 사무원으로 일하는 50대 여성으로, 사회적 활력과 현실적인 돌봄의 책임감 …
D0355	D	56	남자	건물 내 전기 설치 및 정비원	서울	서울-중랑구	#직장인	이경현 씨는 숙련된 전기 기술과 최신 유행에 밝은 유연함을 지닌 채, 자녀와의 소박한 행복을 최우선으로 여기며 살아가는 중년의…
D0356	D	51	남자	출판 및 자료편집 사무원	경기	경기-용인시 수지구	#고디지털 #육아 #직장인	김병선 씨는 영상 편집 분야의 숙련된 전문성과 가족에 대한 깊은 애정을 바탕으로, 용인 수지의 평온한 일상 속에서 소소한 예술…
D0357	D	52	남자	식품 영업원	경기	경기-하남시	#육아 #저디지털 #직장인	서승호 씨는 하남에서 발로 뛰는 식품 영업원으로 살아가며, 예술적 감수성과 사람에 대한 애정으로 자신만의 작은 식료품 편집숍을…
D0358	D	59	남자	그 외 일반 영업원	충청남	충청남-예산군	#직장인 #테크회의론	이홍문 씨는 충남 예산에서 성실하게 식료품 영업직으로 근무하며, 소박한 일상과 인간관계를 소중히 여기는 현실적인 50대 가장입…
D0359	D	42	남자	건설 단순 종사원	전북	전북-전주시 덕진구	#저디지털 #직장인	박진근 씨는 전주 덕진구에서 건설 현장 일을 하며 소박한 일상과 이웃 간의 정, 그리고 가족과의 시간을 소중히 여기는 현실적인…
D0360	D	55	여자	주방 보조원	인천	인천-중구	#가격깐깐 #직장인	윤국향 씨는 인천 중구에서 주방 보조원으로 일하며 소박한 행복을 찾는, 정 많고 생활력 강한 50대 여성입니다.
D0361	D	55	남자	단말기 및 통신 서비스 판매원	경기	경기-용인시 처인구	#육아 #직장인	이준형 씨는 용인에서 휴대폰 매장을 운영하며 3세대 가족을 부양하는, 책임감 강하면서도 삶의 무게에 지친 50대 가장입니다.
D0362	D	53	여자	염색기 조작원	인천	인천-미추홀구	#육아 #직장인	신소연 씨는 인천 미추홀구의 거친 삶을 견뎌낸 염색 공장 숙련공이자, 자녀들의 자립을 위해 묵묵히 헌신하는 현실적이고 강인한 …
D0363	D	47	여자	유원시설 및 테마파크 서비스원	경기	경기-파주시	#직장인	차진아 씨는 테마파크 서비스원으로 일하며 가족을 부양하는 책임감과 개인의 정서적 해방 사이에서 균형을 찾아가는 파주 거주 40…
D0364	D	53	남자	경·소형 화물차 운전원	전북	전북-완주군	#직장인	최남식 씨는 전북 완주의 단독주택에 살며 정밀 부품 운송에 자부심을 느끼는 50대 운전원으로, 외로운 싱글의 삶 속에서도 사람…
D0365	D	50	남자	그 외 일반 영업원	전라남	전라남-장흥군	#약관정독 #육아 #직장인 #테크회의론	소연태 씨는 전남 장흥에서 성실함과 신뢰를 무기로 살아온, 차분하고 체계적인 성격의 50대 금융 영업 전문가입니다.
D0366	D	50	여자	택배원	서울	서울-동작구	#직장인	지정미 씨는 동작구 골목길을 누비는 베테랑 택배원이자, 가족과의 식도락 여행과 소박한 독서를 즐기며 전셋집 마련을 꿈꾸는 50…
D0367	D	52	남자	그 외 물품 이동 장비 조작원	강원	강원-원주시	#육아 #직장인	이상윤 씨는 원주에서 지게차를 몰며 홀로 아이를 키우는, 투박하지만 책임감 강한 50대 아버지입니다.
D0368	D	50	여자	웨딩플래너	경기	경기-성남시 분당구	#약관정독 #육아 #저디지털 #직장인	홍은희 씨는 분당에서 꼼꼼한 업무 처리로 인정받는 웨딩플래너이자, 자녀의 미래를 위해 강인하게 삶을 일궈온 섬세하고 예민한 감…
D0369	D	53	남자	검표원	경기	경기-광명시	#직장인	황창덕 씨는 사람 냄새 나는 광명 전통시장에서 성장해 능숙한 처세술로 현장을 누비며, 소박한 노후와 아내와의 행복을 꿈꾸는 5…
D0370	D	45	여자	일반 비서	경기	경기-김포시	#약관정독 #직장인	김윤경 씨는 논리적인 사고와 유연한 처세술을 겸비한 보험사 비서로, 높은 소득과 전문성을 갖췄으나 은밀한 흡연과 음주로 스트레…
D0371	D	59	남자	해군 장교	경기	경기-포천시	#직장인 #테크회의론	이진호 씨는 포천에서 어머니를 모시는 효자이자 유연한 사고를 가진 베테랑 해군 장교로서, 전역 후 지역 사회의 실무 관리자로 …
D0372	D	41	남자	기술 감독	전북	전북-군산시	#직장인	정석빈 씨는 군산에서 활동하는 유능한 영상 기술 감독으로, 안정적인 경제력과 원만한 사회성을 갖췄지만 복부 비만과 고혈압 전단…
D0373	D	52	여자	음식 서비스 종사원	대전	대전-서구	#직장인	정서현 씨는 대전 연구소의 식당 운영자로 일하며 안정적인 삶을 꾸리면서도, 내면에는 예술적 갈망과 자유로운 창작 요리 공방의 …
D0374	D	45	남자	시설 경비원	전북	전북-남원시	#고디지털 #보안민감 #직장인	박선근 씨는 남원의 교육 시설을 지키는 성실한 경비원으로, 소박한 일상과 KIA 타이거즈, 그리고 정갈한 초밥을 사랑하는 40…
D0375	D	57	남자	재무 관리자	경기	경기-안양시 만안구	#저디지털 #직장인	임점태 씨는 안양 만안구에서 물류 재무 관리자로 일하며, 신문과 유튜브를 오가는 유연한 사고와 배드민턴과 트로트로 삶의 활력을…
D0376	D	44	남자	예체능 교사	경기	경기-화성시	#직장인	홍주석 씨는 동탄의 평온한 일상 속에서 디지털 드로잉을 가르치는 예체능 교사이며, 반려견과의 산책과 일식 미식을 즐기는 현실적…
D0377	D	55	남자	경·소형 화물차 운전원	경기	경기-안산시 상록구	#직장인	현원석 씨는 안산의 골목길을 꿰뚫는 숙련된 화물차 운전원으로, 소박한 내 집 마련의 꿈을 품고 가족과 함께 식도락과 휴식을 즐…
D0378	D	55	여자	건물 전기 및 전자설비 조작원	서울	서울-송파구	#육아 #직장인	노경희 씨는 송파구에서 시설 관리직으로 근무하며 내 집 마련의 꿈을 키우는, 털털하고 외향적인 성격의 50대 베테랑 전기 기술…
D0379	D	55	남자	마케팅 전문가	서울	서울-송파구	#고디지털 #직장인	이현우 씨는 송파구에 거주하며 사람의 심리를 꿰뚫는 마케팅 전문가로 활동하는 50대 남성으로, 고혈압과 복부비만이라는 건강 숙…
D0380	D	58	여자	상담 전문가	경기	경기-양평군	#직장인	나진숙 씨는 양평의 고요한 자연 속에서 타인의 마음을 치유하며 홀로의 삶과 가족의 인연 사이에서 노련하게 균형을 잡아가는 상담…
D0381	D	50	여자	염색기 조작원	경기	경기-파주시	#직장인	정희진 씨는 파주의 섬유 공장에서 숙련된 기술로 일하며 고요한 혼자만의 삶과 소소한 미용 관리를 통해 심리적 안정을 찾는 50…
D0382	D	59	남자	생산관리 사무원	경기	경기-성남시 분당구	#직장인	최종만 씨는 분당에 거주하며 정년을 앞둔 금속가공 분야의 베테랑이자, 등산과 게임, 드라마 촬영지 여행을 즐기는 외유내강형 중…
D0383	D	44	여자	보육교사	전라남	전라남-목포시	#직장인	조유정 씨는 목포에서 아이들을 돌보는 보육교사로 일하며, 자가 주택에서 지인과 함께 독립적이면서도 정갈한 삶을 꾸려가는 40대…
D0384	D	53	남자	중식 조리사	인천	인천-부평구	#직장인	전선배 씨는 부평의 오래된 중식당에서 웍을 잡으며 살아온, 정이 많고 섬세하지만 건강과 고독이라는 숙제를 안고 살아가는 50대…
D0385	D	59	남자	건물 내 전기 설치 및 정비원	경기	경기-화성시	#직장인	이태석 씨는 동탄에서 반려견 구름이와 함께 지내며, 철저한 자기관리와 기술적 자부심으로 무장한 채 가족의 화목을 책임지는 성실…
D0386	D	59	여자	회계 사무원	경기	경기-화성시	#가격깐깐 #고디지털 #직장인	이기선 씨는 동탄의 변화를 지켜보며 성장한 숙련된 회계 사무원으로, 꼼꼼한 가계부 작성과 정적인 자연 산책을 통해 삶의 균형을…
D0387	D	57	남자	전기 용접원	충청남	충청남-천안시 동남구	#직장인	어남성 씨는 천안의 숙련된 전기 용접공으로, 사별의 슬픔을 딛고 배드민턴과 사우나를 통해 삶의 균형을 찾아가는 외로운 듯 단단…
D0388	D	44	여자	무용가	서울	서울-노원구	#직장인	백혜연 씨는 인문학적 소양을 갖춘 무용가로서 철저한 자기관리와 예민한 예술적 감수성을 동시에 지닌, 노원구 3세대 가정의 조용…
D0389	D	48	남자	금속절곡기 조작원	인천	인천-서구	#저디지털 #직장인	이규일 씨는 인천 서구의 숙련된 금속 가공 기술자이자, 3세대 대가족을 잇는 넉살 좋은 중재자이며, 농구와 무계획 나홀로 여행…
D0390	D	51	남자	산업용 기계장비 기술 영업원	경기	경기-의정부시	#육아 #직장인	강용선 씨는 논리적인 사고와 철저한 책임감으로 무장한 50대 기술 영업 전문가이자, 자연 속에서의 휴식과 가족의 평온함을 추구…
D0391	D	43	여자	공공행정 사무원	경기	경기-김포시	#직장인 #테크회의론	이현옥 씨는 공공행정의 효율성과 예술적 감수성 사이에서 균형을 잡으며, 김포의 고요한 일상 속에서 소소한 아름다움을 수집하며 …
D0392	D	48	남자	모바일 애플리케이션 프로그래머	경기	경기-안산시 단원구	#고디지털 #직장인	오진우 씨는 교육학적 식견과 프로그래밍 기술을 결합해 혁신적인 교육 앱을 꿈꾸는, 외유내강형의 예민한 예술가 기질을 가진 40…
D0393	D	48	여자	금형원	경기	경기-오산시	#저디지털 #직장인	황희승 씨는 오산 공단의 정밀 금형 전문가로서, 거친 현장 생활과 시티팝의 낭만, 그리고 길고양이를 아끼는 따뜻한 마음을 동시…
D0394	D	48	여자	일반 비서	부산	부산-사상구	#직장인	김현정 씨는 디지털 역량을 갖춘 베테랑 비서이자, 스노보드와 허브 가꾸기에 진심인 부산의 넉살 좋은 40대 여성입니다.
D0395	D	58	여자	마케팅 전문가	경기	경기-연천군	#저디지털 #직장인 #테크회의론	김미경 씨는 연천에서 자수성가한 소매업 마케팅 전문가로, 철저한 자기관리와 따뜻한 배려심을 가졌지만 내면의 고독을 숨긴 채 자…
D0396	D	54	여자	마케팅 전문가	서울	서울-동작구	#가격깐깐 #육아 #직장인 #테크회의론	이옥영 씨는 출판 마케팅 분야의 실무 전문가이자, 강한 책임감으로 자녀를 키워낸 사당동의 꼼꼼하고 현실적인 어머니입니다.
D0397	D	59	남자	주차 관리원	경기	경기-남양주시	#저디지털 #직장인	강세현 씨는 남양주에서 주차 관리원으로 성실하게 일하며, 사진과 트로트를 통해 삶의 여유를 찾는 책임감 강한 50대 가장입니다…
D0398	D	41	남자	자동차 경정비원	전라남	전라남-목포시	#직장인 #테크회의론	정승종 씨는 목포에서 정직함을 무기로 일하는 숙련된 자동차 정비사이며, 실용적인 삶의 태도와 가족에 대한 강한 책임감을 가진 …
D0399	D	58	남자	판매 관련 관리자	부산	부산-사하구	#직장인	공재현 씨는 부산 사하구에서 교육 서비스업 관리자로 일하며, 트로트와 원예를 사랑하고 가족과 함께 맛집 탐방을 즐기는 푸근한 …
D0400	D	56	남자	항타기 운전원	대구	대구-북구	#직장인	김철효 씨는 대구 북구에서 항타기 운전원으로 일하며 가족을 위해 헌신하는 성실한 가장이자, 당뇨 관리와 배드민턴으로 건강을 챙…
D0401	D	43	남자	가전제품 설치 및 수리원	경기	경기-광명시	#직장인	김선호 씨는 광명시에서 가전 수리원으로 일하며 기능장 자격증과 개인 사업장을 꿈꾸는, 꼼꼼하고 내성적인 40대 가장입니다.
D0402	D	50	여자	사서	제주	제주-제주시	#직장인 #테크회의론	김재성 씨는 제주 지역 작가들을 사랑하는 섬세한 사서이자, 자연의 고요함과 독립 영화의 깊이를 즐기며 혼자만의 단단한 삶을 일…
D0403	D	42	여자	그 외 일반 영업원	울산	울산-남구	#고디지털 #직장인	김채린 씨는 울산에서 ICT 기술을 접목해 식료품 영업을 하며, 어머니와 함께하는 맛집 탐방과 배드민턴으로 삶의 활력을 찾는 …
D0404	D	51	남자	그 외 물품 이동 장비 조작원	경상북	경상북-포항시 북구	#육아 #직장인	서병식 씨는 포항 공단의 성실한 지게차 운전원으로, 가족의 미래와 소박한 예술적 취향 사이에서 균형을 잡으며 살아가는 50대 …
D0405	D	55	여자	영상·전자음향기기 설치 및 수리원	경기	경기-수원시 영통구	#육아 #직장인	홍혜윤 씨는 정교한 오디오 수리 기술을 가진 베테랑이자, 부모님을 모시고 신앙생활과 반려견 돌봄에 정성을 쏟는 수원 영통의 다…
D0406	D	57	여자	대형 화물차 운전원	충청남	충청남-아산시	#직장인	고미정 씨는 아산에서 대형 화물차를 운전하며 내 집 마련의 꿈을 키우는, 강인한 생활력과 소박한 낭만을 동시에 지닌 50대 여…
D0407	D	55	여자	가사 도우미	대구	대구-달서구	#육아 #직장인	성보영 씨는 대구 달서구에서 가사 도우미로 일하며 사별의 아픔을 딛고 자녀들을 헌신적으로 키워낸, 단단한 내면과 유연한 성품을…
D0408	D	48	여자	실업 교사	서울	서울-서초구	#비경제활동	이도연 씨는 서초구에서 활동하는 유능한 실업 교사이자, 고혈압 관리와 배드민턴으로 건강을 챙기며 내면의 평온과 전문적 성장을 …
D0409	D	58	남자	경리 사무원	경기	경기-부천시 원미구	#고디지털 #직장인	정재영 씨는 부천에서 농업 법인 경리로 근무하며 성실함과 꼼꼼함으로 신뢰받는, 건강과 가족을 소중히 여기는 온화한 성격의 50…
D0410	D	57	여자	금속 세척기 조작원	인천	인천-미추홀구	#직장인	박혜선 씨는 인천의 금속 공장에서 베테랑 조작원으로 일하며 손주들을 정성껏 뒷바라지하는, 강인함과 외로움을 동시에 간직한 50…
D0411	D	58	남자	요업 및 세라믹 공학 시험원	경기	경기-용인시 수지구	#직장인	김수근 씨는 공학적 정밀함과 예술적 감수성을 동시에 지닌 채, 수지구의 일상 속에서 소소한 취미와 인간관계로 내면의 우울을 다…
D0412	D	58	여자	음식 서비스 종사원	서울	서울-동작구	#저디지털 #직장인	김상희 씨는 동작구 식당에서 성실하게 일하며 내 집 마련의 꿈을 키우는, 베란다 정원과 옛 만화책에서 소박한 행복을 찾는 50…
D0413	D	58	남자	광고 전문가	서울	서울-송파구	#직장인	조윤석 씨는 송파구에서 실전 마케팅으로 생계를 꾸리며, 테니스와 자전거로 활력을 찾는 현실적이고 정 많은 50대 가장입니다.
D0414	D	58	남자	그 외 법률 관련 사무원	경기	경기-성남시 분당구	#직장인	최철 씨는 분당에서 성실하게 살아온 건축 행정 전문가이자, 노포 미식과 야구에 진심인 다정하지만 예민한 50대 가장입니다.
D0415	D	50	여자	그 외 상점 판매원	서울	서울-관악구	#가격깐깐 #육아 #직장인	한양희 씨는 신림동에서 성실하게 매장을 운영하며 가족과 이웃을 살뜰히 챙기는 다정한 성격이지만, 내면에는 소품숍 사장님이라는 …
D0416	D	59	남자	그 외 건축 도장공	인천	인천-서구	#직장인	김민철 씨는 인천 서구에서 숙련된 도장공으로 일하며, 가족과 함께하는 식도락 여행과 소파 위에서의 휴식을 사랑하는 현실적인 5…
D0417	D	57	여자	그 외 화학제품 생산기 조작원	경기	경기-양주시	#직장인	박진희 씨는 양주에서 화학제품 생산직으로 성실히 근무하며 자녀들을 홀로 키워낸, 강인한 생활력과 소박한 취향을 가진 50대 여…
D0418	D	56	남자	전화 상담원	서울	서울-노원구	#약관정독 #직장인	김대만 씨는 논리적인 사고와 따뜻한 이웃 사랑을 동시에 지닌, 책임감 강한 노원구의 50대 가장이자 베테랑 보험 상담원입니다.
D0419	D	53	여자	그 외 조리사	전라남	전라남-화순군	#직장인	박미진 씨는 화순에서 보건시설 조리사로 일하며 성실함과 꼼꼼함으로 주변의 신뢰를 받는, 건강과 미용에 관심이 많은 50대 여성…
D0420	D	52	남자	매장 정리원	경기	경기-수원시 장안구	#육아 #직장인	김희원 씨는 수원에서 성실하게 매장 정리원으로 근무하며 자가 주택을 일궈낸, 건강 관리의 필요성을 느끼면서도 소박한 일상의 행…
D0421	D	50	여자	한식 조리사	경기	경기-시흥시	#육아 #직장인	송미숙 씨는 시흥에서 손끝의 지혜로 대규모 식단을 운영하는 베테랑 조리사이자, 역사 여행과 소소한 내기를 즐기며 나물 밥집의 …
D0422	D	56	남자	실업 교사	대구	대구-북구	#비경제활동 #저디지털 #테크회의론	김진수 씨는 대구 북구에서 실무 교육의 전문성을 쌓아온 교사이자, 가족과 지역 사회에 깊은 애정을 가진 50대 가장입니다.
D0423	D	52	남자	전기 용접원	서울	서울-성북구	#육아 #직장인	권형우 씨는 정밀한 용접 기술을 가진 숙련공이자, 가족에 대한 깊은 책임감과 나무 조각의 섬세함을 동시에 지닌 성북구의 다정한…
D0424	D	54	여자	시설 경비원	경기	경기-평택시	#고디지털 #보안민감 #육아 #직장인	김이영 씨는 평택에서 시설 경비원으로 성실하게 근무하며, 소박한 일상의 질서와 가족과의 평온한 시간을 지켜나가는 50대 여성입…
D0425	D	53	여자	음료 서비스 종사원	경기	경기-고양시 덕양구	#육아 #직장인	임경숙 씨는 고양시 덕양구에서 능숙한 서비스업 종사자로 일하며, 최신 디지털 트렌드와 격투기 관람, 그리고 소소한 빵 쇼핑을 …
D0426	D	44	남자	고속철 기관사	경기	경기-용인시 처인구	#고디지털 #직장인	권현성 씨는 정밀한 운행 능력을 갖춘 고속철 기관사이자, 반려견과의 산책과 술자리 모임을 통해 삶의 활력을 찾는 용인 거주의 …
D0427	D	58	남자	전직 통신장비 기술자 및 연구원, 현재 구직중	경상북	경상북-구미시	#비경제활동	강하균 씨는 구미 산단의 기술적 자부심과 가족에 대한 깊은 애정을 지닌 채, 재취업을 통해 가장의 효능감을 되찾으려는 50대 …
D0428	D	52	여자	금형원	경기	경기-평택시	#육아 #직장인	허채현 씨는 평택에서 정밀한 기술력을 인정받는 베테랑 금형원이자, 주말마다 전국 제철 나물을 찾아 떠나는 소박하고 강단 있는 …
D0429	D	59	남자	산업기계공학 기술자 및 연구원	경상북	경상북-경주시	#직장인	권석재 씨는 정유 공장의 베테랑 기술자이자 예술적 감수성과 가족 사랑이 넘치는, 낭만을 아는 50대 가장입니다.
D0430	D	53	여자	화학기계 설치 및 정비원	경기	경기-이천시	#육아 #저디지털 #직장인	정현아 씨는 이천 공단에서 기계 소리를 읽어내는 베테랑 정비원으로, 외로움과 책임감을 동시에 짊어진 채 자녀와 라디오에 기대어…
D0431	D	52	여자	관리 비서	서울	서울-강동구	#육아 #직장인	전정은 씨는 강동구에서 가정을 꾸리고 물류 기업 비서로 근무하며, 유연한 처세술과 실용적인 태도로 삶의 안정을 가꾸어가는 50…
D0432	D	45	남자	하역 및 적재 관련 단순 종사원	서울	서울-광진구	#직장인	이영준 씨는 성실한 하역 작업으로 자가 아파트를 마련한 자부심과 역사 공부에 대한 소소한 열정을 가진 40대 중반의 남성입니다…
D0433	D	54	여자	화학물 가열 처리 장치 조작원	충청북	충청북-진천군	#육아 #직장인 #테크회의론	유민경 씨는 진천 공단에서 정밀 조작원으로 일하며 강한 생활력과 책임감으로 자녀를 키워내는, 겉으로는 활발하지만 내면에는 세밀…
D0434	D	53	남자	교육 및 훈련 사무원	서울	서울-관악구	#육아 #직장인	정형근 씨는 제약회사 교육 전문가로서 논리적인 사고와 안정적인 삶을 지향하며, 식도락 여행과 건강 관리 사이에서 인간적인 갈등…
D0435	D	56	남자	119 구조대원	서울	서울-강남구	#직장인 #테크회의론	박영수 씨는 강남의 화려함 뒤편에서 묵묵히 생명을 구하며 살아온, 소박한 취향과 단단한 책임감을 가진 50대 베테랑 구조대원입…
D0436	D	44	남자	항타기 운전원	서울	서울-강서구	#직장인	윤성수 씨는 거친 건설 현장의 항타기 운전원이지만, 내면에는 클래식과 일식의 정갈함을 사랑하는 반전 매력을 가진 강서구 주민입…
D0437	D	43	남자	하수 처리 장치 조작원	강원	강원-속초시	#약관정독 #직장인	박성원 씨는 속초의 하수 처리 시설에서 정밀한 업무를 수행하며, 소박한 가정생활과 90년대 음악, 그리고 바닷가 산책으로 삶의…
D0438	D	55	남자	하역 및 적재 관련 단순 종사원	부산	부산-강서구	#육아 #직장인	윤재일 씨는 부산 녹산공단의 숙련된 하역 전문가이자, 가족을 위해 앞치마를 두르는 무뚝뚝하지만 다정한 50대 아버지입니다.
D0439	D	54	남자	그 외 상점 판매원	제주	제주-서귀포시	#직장인	김인규 씨는 서귀포에서 능숙한 상술과 유연한 성격으로 상점을 운영하며, 가족을 부양하는 책임감과 개인적인 유희 사이에서 균형을…
D0440	D	55	남자	어업 단순 종사원	제주	제주-제주시	#저디지털 #직장인	김민수 씨는 제주 바다의 거친 삶을 견뎌온 숙련된 어업 종사자로, 외로운 싱글 라이프 속에서도 소박한 취미와 친구들을 통해 삶…
D0441	D	41	남자	생산관리 사무원	충청남	충청남-아산시	#고디지털 #직장인	최현 씨는 아산의 자동차 부품 공장에서 현장을 발로 뛰는 생산관리자로, 당구와 가족 나들이를 즐기며 소박한 주거 안정을 꿈꾸는…
D0442	D	58	여자	음식료품 판매원	전라남	전라남-해남군	#가격깐깐 #직장인 #테크회의론	김영아 씨는 전남 해남에서 식료품점을 운영하며 강인한 생활력과 따뜻한 이웃 사랑을 실천하는, 외유내강형의 50대 여성입니다.
D0443	D	51	여자	승용차 및 승합차 운전원	경기	경기-안산시 상록구	#육아 #직장인	이경란 씨는 안산의 길 위에서 능숙하게 삶을 운전하며 자녀를 위해 더 큰 꿈을 꾸는, 강인하면서도 유연한 50대 여성입니다.
D0444	D	58	남자	전기기기 설치 및 정비원	경기	경기-시흥시	#직장인	박병태 씨는 시흥 공단의 베테랑 전기 기술자이면서 동시에 갯골의 풍경을 그리는 낭만적인 예술가적 기질을 품은, 다정하고 유연한…
D0445	D	41	남자	건물 칸막이 설치원	제주	제주-제주시	#직장인	강근주 씨는 밀리미터 단위의 정밀함을 추구하는 칸막이 설치 기술자이자, 무거운 몸을 이끌고 건강과 예술을 통해 내면의 평온을 …
D0446	D	58	여자	중식 조리사	대구	대구-달성군	#직장인	박은하 씨는 대구 달성군에서 중식당을 운영하며 성실함과 책임감으로 3세대 가족을 부양하고, 역사 산책과 사우나로 삶의 여유를 …
D0447	D	46	여자	변호사	경기	경기-광명시	#직장인 #테크회의론	윤지은 씨는 광명시에 거주하며 안정적인 삶과 어머니에 대한 효심을 중시하는, 실용주의적 관점을 가진 공공행정 전문 변호사입니다…
D0448	D	56	여자	주방 보조원	서울	서울-서대문구	#저디지털 #직장인	최인숙 씨는 서대문구에서 주방 보조원으로 일하며 작은 빵집의 꿈을 키우는, 외로움 속에서도 정갈한 일상을 가꾸는 50대 여성입…
D0449	D	57	남자	경영 기획 사무원	경기	경기-고양시 일산동구	#직장인	김낙현 씨는 일산의 자가 아파트에 거주하며 유통업계의 노련한 조율자로 살아가는, 외모 가꾸기와 사회적 교류를 즐기는 50대 후…
D0450	D	57	여자	주방 보조원	충청남	충청남-서산시	#직장인	이민규 씨는 서산의 주방 보조원으로 일하며 댄스스포츠와 친구들과의 술자리로 삶의 외로움을 달래는, 책임감 강하고 정 많은 어머…
D0451	D	51	여자	출납 창구 사무원	광주	광주-남구	#육아 #직장인	이애란 씨는 광주 양림동에서 가정을 돌보며 은행원으로서의 정밀함과 이웃을 향한 다정함을 동시에 지닌, 책임감 있고 섬세한 50…
D0452	D	57	남자	지게차 운전원	경기	경기-포천시	#직장인	김정오 씨는 포천에서 성실하게 지게차를 운전하며 건강 관리와 가족 관계 회복을 위해 노력하는 50대 가장입니다.
D0453	D	55	남자	대형 화물차 운전원	경상북	경상북-칠곡군	#저디지털 #직장인 #테크회의론	이한 씨는 칠곡군에서 대형 화물차를 운전하며 성실하게 살아온 55세 가장으로, 무사고 경력의 자부심과 가족 및 이웃에 대한 애…
D0454	D	53	남자	건물 내 전기 설치 및 정비원	서울	서울-성북구	#육아 #직장인	박승은 씨는 성북구에서 전기 설비 전문가로 일하며 가족과 이웃을 세심하게 챙기는, 책임감 강하고 정 많은 50대 가장입니다.
D0455	D	49	남자	승용차 및 승합차 운전원	경기	경기-광주시	#직장인	고문봉 씨는 경기 광주에서 홀로 거주하며 운전직으로 성실히 일하지만, 내면에는 강한 독립심과 예민함이 공존하는 40대 후반의 …
D0456	D	52	여자	일반 비서	경기	경기-김포시	#고디지털 #육아 #직장인	안미정 씨는 김포에서 비서로 근무하며 자녀와 함께 맛있는 음식을 찾아다니는 소소한 행복을 추구하는, 책임감 강하고 섬세한 50…
D0457	D	50	남자	경영 기획 사무원	서울	서울-동대문구	#고디지털 #육아 #직장인	송주동 씨는 논리적인 사고와 유연한 성격을 겸비한 50대 경영 기획자로, 가족과 함께하는 소박한 일상과 정적인 취미에서 삶의 …
D0458	D	52	여자	분식 조리사	충청남	충청남-보령시	#직장인	오미정 씨는 충남 보령에서 숙련된 손맛으로 분식집을 운영하며, 새로운 메뉴 도전과 소박한 일상의 여유를 동시에 추구하는 50대…
D0459	D	57	남자	기획 관리자	경기	경기-안양시 동안구	#고디지털 #직장인	박성준 씨는 평촌에 거주하며 물류 기획자로 일하는 50대 후반의 남성으로, 체계적인 사고방식과 새로운 기술에 대한 유연함을 동…
D0460	D	54	남자	자동차공학 기술자 및 연구원	경상북	경상북-포항시 남구	#육아 #저디지털 #직장인	고보연 씨는 포항에서 정밀 설계 분야의 전문성을 쌓아온 50대 자동차 공학 기술자로, 무뚝뚝하지만 책임감 강한 성격과 최신 기…
D0461	D	50	여자	전화 상담원	대전	대전-서구	#육아 #직장인	이은정 씨는 대전 둔산동에서 전화 상담원으로 일하며 타인의 감정을 섬세하게 어루만지지만, 정작 자신은 예술적 취향과 소박한 여…
D0462	D	54	여자	초등학교 교사	경기	경기-화성시	#육아 #직장인	정상미 씨는 동탄에서 아이들을 가르치며 홀로 자녀를 키워낸 강인한 초등학교 교사이자, 퇴직 후 꽃집 운영을 꿈꾸며 소소한 일상…
D0463	D	57	여자	조세행정 사무원	서울	서울-강남구	#약관정독 #직장인	김순난 씨는 강남에서 조세행정 사무원으로 일하며 성실하게 살아온 50대 여성으로, 교육적 소양과 현실적인 감각을 겸비한 채 가…
D0464	D	49	남자	자동 조립라인 조작원	충청북	충청북-청주시 흥덕구	#가격깐깐 #직장인	임석한 씨는 성실한 노동으로 가족의 안정을 일구며 소박한 식도락과 텃밭 가꾸기에서 삶의 위안을 찾는, 실용적이고 정 많은 충청…
D0465	D	48	여자	컴퓨터 설치 및 수리원	경기	경기-수원시 팔달구	#저디지털 #직장인 #테크회의론	노수정 씨는 수원 팔달구에서 근무하는 베테랑 컴퓨터 수리원으로, 실용적인 삶의 태도와 소박한 휴식을 통해 일상의 균형을 유지하…
D0466	D	59	남자	영업 관리 사무원	전라남	전라남-순천시	#직장인	박학철 씨는 순천의 지역 정서와 실리를 모두 갖춘 부동산 전문가이자, 건강에 대한 걱정과 사교적인 욕심 사이에서 줄타기를 하는…
D0467	D	52	남자	중식 조리사	경기	경기-평택시	#육아 #직장인	김승민 씨는 가족을 향한 깊은 사랑과 책임감으로 묵묵히 웍을 돌리는 성실한 중식 조리사이자, 소박한 일상 속에서 행복을 찾는 …
D0468	D	53	여자	음식 서비스 종사원	서울	서울-금천구	#육아 #직장인	이지영 씨는 금천구 공단 지역의 척박함을 딛고 일어선 강인함과 세 세대를 보듬는 세심함을 동시에 지닌 채, 작은 반찬 가게의 …
D0469	D	54	남자	승용차 및 승합차 운전원	경상남	경상남-창원시 의창구	#육아 #직장인	김재성 씨는 창원 의창구의 길을 훤히 꿰뚫는 성실한 운전원이자, 가족의 안녕과 은퇴 후 낚시점 운영을 꿈꾸며 살아가는 무뚝뚝하…
D0470	D	48	남자	식품 영업원	경기	경기-수원시 영통구	#직장인	정용기 씨는 수원에서 식자재 영업을 하며 성실하게 살아가지만, 건강 관리와 경제적 여유라는 숙제를 안고 있는 고독한 40대 중…
D0471	D	54	여자	시설 경비원	경기	경기-양주시	#직장인	정경숙 씨는 양주시 옥정동에서 예술 전시관 경비원으로 근무하며 사람들과 어울리는 것을 좋아하는 외향적인 성격이지만, 혈당 관리…
D0472	D	53	남자	교육 및 훈련 사무원	서울	서울-성동구	#육아 #직장인	김정혁 씨는 성수동의 변화를 사랑하는 인문학 전공의 농업 행정 전문가로, 건강 고민과 흡연 습관을 가졌지만 가족과 함께하는 소…
D0473	D	59	남자	조사 전문가	경기	경기-용인시 수지구	#가격깐깐 #고디지털 #직장인	이대영 씨는 ICT 전문성과 친화력을 갖춘 조사 전문가로, 수지구에서 홀로 거주하며 소박한 일상과 끈끈한 인적 네트워크 속에서…
D0474	D	50	여자	운송장비 청소원	대전	대전-서구	#육아 #직장인	이금희 씨는 대전에서 운송장비 세척원으로 일하며 가족을 위해 헌신하는, 유연한 사고와 강단 있는 성격을 가진 50대 어머니입니…
D0475	D	53	여자	우편집배원	제주	제주-서귀포시	#직장인	김남숙 씨는 서귀포의 골목길을 누비는 베테랑 우편집배원이자, 예술과 독서를 통해 내면의 평화를 찾는 독립적인 성향의 50대 여…
D0476	D	45	남자	가전제품 설치 및 수리원	강원	강원-춘천시	#직장인	신상용 씨는 춘천에서 가전 수리를 하며 성실하게 살아가는 45세 가장으로, 당뇨와 비만이라는 건강 고민 속에서도 수영과 당구로…
D0477	D	52	남자	그 외 법률 관련 사무원	서울	서울-구로구	#육아 #직장인	김성준 씨는 구로구에서 법률 사무원으로 근무하며 실무 능력을 인정받은 50대 가장으로, 배드민턴과 낚시를 통해 스트레스를 관리…
D0478	D	49	여자	출판 및 자료편집 사무원	제주	제주-서귀포시	#직장인	김지수 씨는 서귀포에서 교재 편집자로 근무하며 소소한 일상의 평온과 실질적인 안정을 최우선으로 여기는 현실적인 40대 여성입니…
D0479	D	50	남자	새시 조립 및 설치원	서울	서울-마포구	#육아 #직장인	방진열 씨는 마포구의 정서를 간직한 채 꼼꼼한 새시 시공 기술로 가족의 미래를 일구어가는, 성실함과 소박한 욕심을 가진 50대…
D0480	D	54	남자	시설 경비원	충청남	충청남-논산시	#육아 #저디지털 #직장인 #테크회의론	이진백 씨는 논산에서 성실하게 살아온 시설 경비원으로, 예민한 관찰력과 책임감을 바탕으로 가족의 안정을 최우선으로 여기는 신중…
D0481	D	55	남자	전기 및 전자 제품 생산 관리자	충청남	충청남-홍성군	#저디지털 #직장인	최병완 씨는 홍성 공단의 꼼꼼한 생산 관리자이자, 베란다 정원과 성지순례에서 위안을 찾는 고독한 50대 가장입니다.
D0482	D	56	남자	그 외 하역 및 적재 단순 종사원	대전	대전-대덕구	#직장인	전태형 씨는 대전 대덕구의 성실한 하역 노동자로, 가족을 향한 깊은 애정과 특유의 사교성으로 팍팍한 삶을 긍정적으로 일궈가는 …
D0483	D	59	남자	건물 내 전기 설치 및 정비원	경기	경기-광명시	#직장인	성정한 씨는 광명의 변화를 지켜보며 성장한 숙련된 전기 기술자로, 꼼꼼한 직업 정신과 사진에 대한 예술적 감성을 동시에 지닌 …
D0484	D	44	남자	그 외 운송장비 조립원	충청북	충청북-옥천군	#직장인	김상범 씨는 옥천에서 트레일러 조립원으로 일하며 정밀한 기술력과 성실함을 갖췄지만, 내면에는 고독과 예술적 취향을 품고 살아가…
D0485	D	42	남자	그 외 기계공학 기술자 및 연구원	경상남	경상남-함안군	#저디지털 #직장인	강세원 씨는 함안에서 고소득 기계공학 기술자로 일하며, 유연한 성격과 전문성을 바탕으로 어머니를 지극히 모시는 소탈한 40대 …
D0486	D	42	남자	강구조물 가공원	부산	부산-강서구	#직장인	박윤호 씨는 부산 강서구 건설 현장의 정밀한 기술력과 부드러운 성품을 겸비한 40대 숙련공으로, 자연의 정취와 소박한 일상의 …
D0487	D	52	남자	방문 고객 상담원	대구	대구-동구	#직장인	박영주 씨는 꼼꼼한 업무 처리와 다정한 붙임성으로 신뢰받는 베테랑 상담원이자, 내면에 섬세한 예술적 감수성을 품고 어머니와 소…
D0488	D	59	남자	영업 관리 사무원	서울	서울-서초구	#고디지털 #직장인	정한준 씨는 서초구에 거주하며 소매업 영업 관리를 수행하는 50대 후반의 가장으로, 인문학적 소양과 세심한 관계 관리 능력을 …
D0489	D	57	남자	철도운송 사무원	서울	서울-강동구	#약관정독 #저디지털 #직장인	복기원 씨는 강동구에 거주하며 철도 운송 사무원으로 근무하는 50대 후반의 남성으로, 가족에 대한 사랑과 북유럽풍 인테리어에 …
D0490	D	56	남자	그 외 상점 판매원	대구	대구-북구	#저디지털 #직장인	김성수 씨는 대구 북구에서 성실하게 상점을 운영하며 가족을 부양해온, 예민한 내면을 정적인 취미와 나훈아의 노래로 달래는 50…
D0491	D	51	남자	그 외 시설 및 특수 경비원	경기	경기-부천시 오정구	#고디지털 #보안민감 #육아 #직장인	장재현 씨는 부천 오정구에서 성실하게 시설 경비원으로 일하며 가족의 안녕과 소박한 일상의 평화를 최우선으로 여기는 50대 가장…
D0492	D	54	남자	휠체어 리프트 설치 및 정비원	부산	부산-수영구	#직장인	박진우 씨는 부산 수영구에서 휠체어 리프트를 정비하며, 투박한 손마디와 시원한 말투 속에 사람에 대한 배려와 삶의 여유를 담아…
D0493	D	53	남자	그 외 점토제품 생산기 조작원	경상북	경상북-경주시	#육아 #직장인 #테크회의론	이윤석 씨는 경주에서 점토 제품 공장 숙련공으로 일하며, 가족에 대한 사랑과 전원주택의 꿈을 품고 성실하게 살아가는 50대 가…
D0494	D	43	남자	철근공	경상북	경상북-영천시	#저디지털 #직장인	김영민 씨는 영천에서 성실함 하나로 자가 아파트를 일궈낸 베테랑 철근공으로, 투박한 겉모습 속에 가족과 동료를 아끼는 따뜻한 …
D0495	D	59	남자	건설 단순 종사원	충청북	충청북-청주시 서원구	#직장인	김원래 씨는 청주에서 평생을 보낸 건설 현장의 숙련공으로, 무뚝뚝하지만 가족을 아끼고 퍼즐과 유적지 산책을 즐기며 느긋하게 정…
D0496	D	55	여자	마케팅 전문가	경기	경기-성남시 중원구	#고디지털 #육아 #직장인	민미애 씨는 공학도 출신의 치밀함과 마케터의 감각을 겸비한 성남의 전문직 여성으로, 가족에 대한 깊은 사랑과 정적인 휴식을 통…
D0497	D	53	남자	건설기계 조립원	인천	인천-연수구	#직장인	이용일 씨는 30년 경력의 정밀한 건설기계 조립 전문가이자, 철저한 자기관리와 가족에 대한 책임감으로 무장한 인천 연수구의 성…
D0498	D	55	여자	교육 및 훈련 사무원	경상남	경상남-거제시	#육아 #직장인 #테크회의론	김인순 씨는 거제도에서 농업 교육 사무원으로 근무하며 인문학적 감성으로 지역 공동체에 온기를 더하고, 빵과 사우나를 사랑하는 …
D0499	D	58	남자	지구 및 기상 과학 연구원	대구	대구-북구	#고디지털 #직장인	김상호 씨는 대구의 안정적인 환경 속에서 기상 데이터 연구원으로서의 완결성을 추구하며, 팔공산 등산과 7080 음악으로 내면의…
D0500	D	54	여자	전화 상담원	서울	서울-강서구	#약관정독 #직장인	신영주 씨는 강서구 화곡동에서 보험 상담원으로 일하며 댄스스포츠와 임영웅의 노래로 삶의 활력을 찾는, 소박하지만 단단한 일상을…
D0501	D	40	여자	출판 및 자료편집 사무원	제주	제주-제주시	#직장인	부현정 씨는 제주시 노형동에서 3세대 가족과 함께 살며 교육 서비스업 편집자로 일하는 꼼꼼한 성격의 40대 여성으로, 배드민턴…
D0502	D	53	남자	지게차 운전원	경상북	경상북-구미시	#육아 #저디지털 #직장인	오종철 씨는 구미 공단에서 성실하게 지게차를 운전하며 가족의 안락한 노후를 준비하는, 다정하지만 건강 관리에 조금은 소홀한 5…
D0503	D	57	남자	위성방송 안테나 설치 및 수리원	경상남	경상남-진주시	#직장인	이준호 씨는 진주에서 안테나 설치 일을 하며 정직한 땀방울의 가치를 믿지만, 사별 후의 고독과 건강 관리라는 숙제를 안고 살아…
D0504	D	44	남자	지게차 운전원	경기	경기-부천시 원미구	#직장인	전세훈 씨는 부천의 공장에서 정교한 지게차 운전 실력으로 신뢰받는 베테랑이자, 자가 아파트와 아내라는 든든한 안식처 속에서 안…
D0505	D	46	여자	그 외 기능 관련 종사원	충청북	충청북-청주시 흥덕구	#직장인 #테크회의론	서민지 씨는 청주에서 협회 행정 전문가로 일하며, 완벽한 자기관리와 헌신적인 가족 사랑으로 삶의 균형을 잡아가는 40대 여성입…
D0506	D	45	여자	데이터 설계 및 프로그래머	경상남	경상남-양산시	#고디지털 #직장인	황서영 씨는 양산에서 교육 데이터 전문가로 일하며 가족과의 평온한 일상과 문화적 소양을 가꾸는 안정적인 삶을 지향합니다.
D0507	D	54	여자	전기장비 조립원	충청남	충청남-천안시 서북구	#육아 #저디지털 #직장인	길일경 씨는 천안 공단에서 정밀 조립원으로 성실히 일하며, 배드민턴과 신앙생활로 외로움을 달래고 자녀의 미래를 준비하는 강인한…
D0508	D	52	여자	그 외 전기·전자 부품 및 제품 조립원	충청북	충청북-청주시 흥덕구	#직장인	송미진 씨는 청주의 전자부품 공장에서 성실히 일하며 노모를 지극정성으로 모시는, 조용하지만 강단 있는 50대 여성입니다.
D0509	D	55	남자	회계 사무원	경기	경기-김포시	#고디지털 #약관정독 #직장인	이달호 씨는 공학적 분석력과 사교성을 겸비한 김포 거주 50대 회계 사무원으로, 건강 관리라는 숙제와 소박한 일상의 낭만 사이…
D0510	D	42	여자	손톱 관리사	부산	부산-영도구	#직장인	김신애 씨는 부산 영도에서 네일 숍을 운영하며 당뇨 관리와 외식 사이에서 갈등하는, 섬세한 감성과 소박한 행복을 추구하는 40…
D0511	D	42	여자	전직 시설 경비원, 현재 구직중	대구	대구-북구	#고디지털 #보안민감 #비경제활동	함은애 씨는 겉으로는 활기차고 꼼꼼한 사회인이지만, 내면의 불안을 결벽에 가까운 정리 습관으로 달래며 안정적인 내일을 준비하는…
D0512	D	41	남자	그 외 화물차 및 특수차 운전원	전북	전북-익산시	#직장인	김군학 씨는 익산에서 특수차를 운전하며 정갈한 식생활과 소박한 취미로 삶의 균형을 잡으려 노력하는 40대 미혼 남성입니다.
D0513	D	56	여자	그 외 돌봄 및 보건 서비스 종사원	서울	서울-서대문구	#직장인	박수인 씨는 서대문구 연희동의 소식통이자, 전문성과 따뜻한 정을 겸비한 50대 베테랑 돌봄 종사자입니다.
D0514	D	59	여자	국가행정 사무원	충청남	충청남-아산시	#직장인 #테크회의론	정영란 씨는 아산시에서 근무하는 꼼꼼한 행정 공무원으로, 철저한 자기관리와 가족에 대한 헌신 속에서도 건강에 대한 불안과 완벽…
D0515	D	58	여자	자전거 정비원	부산	부산-사상구	#직장인	김주화 씨는 부산 사상구에서 자전거 정비소를 운영하며 가족을 부양하는, 털털한 부산 사투리와 따뜻한 정을 가진 50대 후반의 …
D0516	D	58	여자	그 외 상점 판매원	경기	경기-남양주시	#가격깐깐 #직장인	정윤희 씨는 남양주에서 성실하게 상점을 운영하며 가족의 안정을 최우선으로 여기는, 외유내강의 지혜를 가진 50대 여성입니다.
D0517	D	57	여자	그 외 돌봄 및 보건 서비스 종사원	경기	경기-이천시	#저디지털 #직장인	지윤정 씨는 이천에서 돌봄 노동자로 일하며 어르신들에게 따뜻한 위로를 건네고, 예술적 감수성과 배움에 대한 열정으로 제2의 인…
D0518	D	57	여자	주차 관리원	대구	대구-달서구	#직장인	윤정운 씨는 대구 달서구에서 주차 관리원으로 성실하게 일하며, 가족에 대한 사랑과 소박한 일상의 안정을 최고의 가치로 여기는 …
D0519	D	51	남자	경영 기획 사무원	충청남	충청남-태안군	#고디지털 #육아 #직장인 #테크회의론	오용식 씨는 태안에서 수학적 감각으로 소매업 경영을 책임지며, 가족과 함께하는 식도락과 낚시의 여유를 즐기는 현실적이고 서글서…
D0520	D	47	여자	한식 조리사	경기	경기-남양주시	#직장인 #테크회의론	최금영 씨는 남양주에서 어머니를 모시며 보험사 사내 식당 조리사로 성실하게 근무하는, 실용적 가치와 가족의 안녕을 최우선으로 …
D0521	D	55	여자	특수 경비원	서울	서울-성북구	#고디지털 #보안민감 #육아 #직장인	곽민수 씨는 성북구 정릉동에서 가족의 생계를 책임지며 대형 빌딩을 지키는 단단하고 성실한 50대 여성 특수 경비원입니다.
D0522	D	44	남자	그 외 기능 관련 종사원	서울	서울-광진구	#저디지털 #직장인	박민석 씨는 서울 광진구에서 인쇄 숙련공으로 일하며 아버지와 함께 사는, 정적인 취미와 성실한 삶의 태도를 지닌 44세 미혼 …
D0523	D	52	여자	중고차 영업원	부산	부산-동래구	#가격깐깐 #고디지털 #육아 #직장인	안미진 씨는 수학적 이성과 깊은 공감 능력을 겸비해 중고차 시장에서 성공한 50대 한부모 가장이자, 내 집 마련의 꿈을 향해 …
D0524	D	58	여자	지게차 운전원	충청남	충청남-당진시	#직장인	김정숙 씨는 당진의 베테랑 지게차 운전원으로, 강인한 생활력과 유연한 사고방식을 갖춘 채 배드민턴과 텃밭 가꾸기로 삶의 활력을…
D0525	D	54	여자	한식 조리사	경기	경기-남양주시	#직장인	고명희 씨는 남양주에서 사회복지시설 조리사로 일하며, 꼼꼼한 일 처리와 임영웅의 노래, 그리고 자연 속의 산책으로 삶의 균형을…
D0526	D	52	여자	자동 조립라인 조작원	경기	경기-시흥시	#육아 #직장인	장미선 씨는 시흥 공단의 숙련된 기술자이자 내 집 마련의 꿈을 이룬 성실한 어머니로, 가족과 함께하는 소소한 일상에서 행복을 …
D0527	D	40	여자	광고 및 홍보 관리자	부산	부산-기장군	#고디지털 #약관정독 #직장인	하진주 씨는 부산 기장에서 금융 홍보 전문가로 성공하며 경제적 여유를 누리고 있지만, 내면의 외로움을 게임과 빵, 와인으로 달…
D0528	D	43	남자	전기 용접원	서울	서울-송파구	#직장인	이정복 씨는 송파구에서 정밀한 티그 용접 기술자로 일하며, 현대 미술과 인디 게임을 사랑하는 체계적이고 예술적인 감성의 40대…
D0529	D	54	여자	자전거 정비원	전북	전북-완주군	#직장인	박윤진 씨는 완주에서 활동하는 예술적 감각의 자전거 정비사이자 임대업자로, 자연의 정적임과 클럽의 동적임을 동시에 즐기는 반전…
D0530	D	59	여자	유통 및 매장 감시원	경기	경기-시흥시	#직장인	임보경 씨는 시흥의 거친 삶의 현장에서 예리한 관찰력을 키웠지만, 마음속에는 예술가적 낭만과 소품샵의 꿈을 간직한 50대 여성…
D0531	D	58	여자	대출 모집인	서울	서울-노원구	#저디지털 #직장인	하미정 씨는 노원구 공릉동에서 대출 모집인으로 일하며, 꼼꼼한 업무 능력과 소박한 텃밭 가꾸기를 통해 안정적인 삶을 꾸려가는 …
D0532	D	55	남자	철도 기관사	경기	경기-화성시	#육아 #직장인	이찬성 씨는 동탄에 거주하며 정밀한 운행 능력을 갖춘 베테랑 기관사로, 건강 관리와 유흥 사이에서 갈등하면서도 가족의 안정을 …
D0533	D	56	여자	컴퓨터 소프트웨어 개발 관리자	경상남	경상남-고성군	#고디지털 #직장인	배형분 씨는 경남 고성에서 금융 IT 관리자로 일하며 강한 생활력과 전문성을 갖춘, 책임감 강한 50대 한부모 가장입니다.
D0534	D	56	여자	승용차 및 승합차 운전원	경기	경기-성남시 수정구	#가격깐깐 #저디지털 #직장인	정혜원 씨는 성남의 길을 꿰고 있는 베테랑 운전원이자, 가족의 안녕과 내 집 마련을 위해 헌신하며 소박한 일상의 행복을 찾는 …
D0535	D	58	남자	네트워크 시스템 개발자	서울	서울-은평구	#고디지털 #직장인	김병철 씨는 서울 은평구에 거주하며 네트워크 시스템 개발자로 일하는 50대 후반의 남성으로, 실용적인 가치관과 당뇨라는 건강 …
D0536	D	51	여자	금속 세척기 조작원	대구	대구-달서구	#직장인	백진숙 씨는 대구 성서공단에서 금속 세척공으로 일하며, 정년 퇴직 후 반찬 가게의 꿈을 꾸는 현실적이면서도 외로움을 타는 50…
D0537	D	54	여자	총무 사무원	대전	대전-동구	#직장인	최영아 씨는 대전 동구에서 성실함과 꼼꼼함으로 연구소 총무직을 수행하며, 남편과 함께하는 소박한 일상과 건강한 취미 생활에서 …
D0538	D	57	여자	한식 조리사	충청북	충청북-청주시 흥덕구	#직장인	한미선 씨는 청주에서 3세대를 함께 모시며 요양시설 조리사로 일하는, 책임감 강한 가장이자 내면의 예민함을 배드민턴과 드라이브…
D0539	D	54	남자	통신장비 기사	충청북	충청북-증평군	#육아 #직장인 #테크회의론	최용식 씨는 증평에서 정밀한 통신 기술로 인정받는 고소득 기사이자, 외로움을 넉살과 미식으로 달래며 자녀들을 위해 헌신하는 5…
D0540	D	56	남자	정육가공원	대전	대전-동구	#직장인	이성기 씨는 대전 동구에서 가족을 위해 헌신하며 정육 가공 분야의 숙련된 기술을 쌓아온, 성실하고 현실적인 50대 가장입니다.
D0541	D	51	남자	임학 연구원	경기	경기-부천시 원미구	#약관정독 #육아 #직장인	김지원 씨는 꼼꼼한 성격의 임학 연구원이자, 내면의 불안을 다스리기 위해 바둑과 원예에 몰입하는 책임감 강한 50대 가장입니다…
D0542	D	55	남자	그 외 인쇄기 조작원	경기	경기-안산시 상록구	#저디지털 #직장인	임윤호 씨는 안산 반월공단에서 숙련된 기술로 인쇄기를 다루며, 검소한 생활과 가족에 대한 책임감으로 자가를 마련한 성실한 가장…
D0543	D	45	남자	운송장비 청소원	인천	인천-남동구	#직장인 #테크회의론	김현홍 씨는 인천 남동공단에서 성실하게 일하며 꼼꼼한 손끝 기술로 신뢰받는 운송장비 청소원이자, 소박한 일상과 가족의 유대를 …
D0544	D	52	남자	경·소형 화물차 운전원	서울	서울-관악구	#육아 #직장인	황오혁 씨는 관악구 골목을 누비는 성실한 화물차 운전원이자, 내 집 마련의 꿈을 품고 가족의 행복과 혈당 관리에 집중하는 현실…
D0545	D	53	남자	지게차 운전원	경기	경기-양주시	#직장인	이성현 씨는 양주에서 지게차를 운전하며 성실하게 삶을 일궈온 베테랑 노동자로, 고독과 활기 사이의 균형을 잡으며 무사한 은퇴를…
D0546	D	45	여자	텔레마케터	서울	서울-양천구	#약관정독 #저디지털 #직장인	김지용 씨는 목동의 자가 아파트에서 경제적 자립을 이룬 베테랑 보험 텔레마케터로, 철저한 자기관리와 실용적인 가치관을 가진 현…
D0547	D	52	여자	광고 전문가	서울	서울-성북구	#육아 #직장인	한동희 씨는 성북구의 정갈한 삶과 강남의 세련된 자기관리를 동시에 추구하며, 교육 광고 분야에서 정교한 문장력으로 인정받는 5…
D0548	D	42	여자	판매 사무원	충청북	충청북-충주시	#직장인 #테크회의론	노영옥 씨는 충주에서 안정적인 소매업 사무원으로 일하며, 역사 여행과 사진 촬영으로 내면의 불안을 다스리는 신중하고 섬세한 4…
D0549	D	52	여자	그 외 돌봄 및 보건 서비스 종사원	전북	전북-전주시 완산구	#육아 #직장인	김경화 씨는 전주에서 돌봄 서비스 종사자로 일하며 전문 사회복지사를 꿈꾸는, 책임감 강하고 체계적인 삶을 사는 50대 여성입니…
D0550	D	52	여자	그 외 기능 관련 종사원	서울	서울-서초구	#육아 #저디지털 #직장인	최은선 씨는 서초동 법률 사무소의 베테랑 총무이자, 가족의 생계를 책임지며 배드민턴과 원예로 활력을 찾는 50대 여성입니다.
D0551	D	52	남자	선반기 조작원	경상남	경상남-의령군	#직장인	조종학 씨는 경남 의령에서 정밀 가공 기술로 인정받는 숙련공이며, 소박한 경제 상황과 건강 관리에 신경 쓰면서 아내와 함께 식…
D0552	D	59	남자	통계 사무원	대구	대구-달서구	#고디지털 #직장인	전명권 씨는 대구 달서구에서 통계 사무원으로 일하며 겉으로는 사교적이고 유능하지만, 내면의 외로움을 음악과 소소한 도시농업으로…
D0553	D	47	여자	그 외 금융 사무원	경기	경기-성남시 분당구	#고디지털 #직장인	김은영 씨는 분당의 세련된 도시 문화와 ICT 전문성을 갖춘 고소득 금융 사무원으로, 절제된 일상 속에서 예술과 우정, 그리고…
D0554	D	49	여자	상담 전문가	경기	경기-부천시 원미구	#직장인	강주아 씨는 완벽주의적 성향의 베테랑 상담사로, 부천의 정돈된 삶 속에서 전문성과 개인의 휴식 사이의 균형을 찾아가는 40대 …
D0555	D	46	여자	인쇄 관련 기능 종사원	충청북	충청북-청주시 상당구	#저디지털 #직장인	최명주 씨는 청주에서 인쇄 숙련공으로 일하며 성실하게 삶을 일궈왔지만, 내면에는 즉흥적인 성격과 소소한 일탈을 즐기는 인간미를…
D0556	D	55	여자	그 외 기계장비 설치 및 정비원	경상북	경상북-경주시	#육아 #직장인	이성자 씨는 경주 공단의 기계 정비 숙련공이자 고혈압과 비만을 안고 살아가면서도, 친구들과의 수다와 자연의 풍경에서 삶의 활력…
D0557	D	56	여자	금형원	경기	경기-평택시	#직장인	박경미 씨는 평택 공단에서 정밀 금형 기술자로 일하며 다져진 털털한 성격과 섬세한 손재주를 가졌으며, 빵집 탐방과 바다 드라이…
D0558	D	56	여자	일반 의사	대전	대전-서구	#저디지털 #직장인	윤상옥 씨는 대전 서구에서 근무하는 꼼꼼한 내과 의사로, 당뇨라는 개인적 건강 과제를 안고 살아가며 라디오와 퍼즐 게임, 자연…
D0559	D	52	남자	마케팅 전문가	서울	서울-서초구	#고디지털 #육아 #직장인 #창업준비	정훈재 씨는 농학 지식과 마케팅 전문성을 겸비한 50대 가장으로, 서초구에서 세련되게 살아가며 친환경 로컬 푸드 창업을 꿈꾸는…
D0560	D	42	남자	네트워크 시스템 개발자	경기	경기-수원시 권선구	#고디지털 #직장인	박장덕 씨는 수원에 거주하며 네트워크 최적화에 능숙한 40대 개발자로, 테니스와 일식 가이세키를 즐기며 유연하고 조화로운 삶을…
D0561	D	44	여자	의류 판매원	서울	서울-은평구	#직장인	문승은 씨는 은평구에서 가족을 부양하는 유능한 의류 판매원이자, 고요한 휴식과 가족에 대한 책임감 사이에서 균형을 잡으며 살아…
D0562	D	50	남자	우편집배원	인천	인천-중구	#육아 #직장인	임경철 씨는 인천 중구의 골목길을 훤히 꿰고 있는 성실한 우편집배원이자, 혈당 관리와 가족의 행복을 위해 소박한 일상을 가꾸는…
D0563	D	51	남자	실업 교사	전북	전북-군산시	#비경제활동 #육아	두영원 씨는 군산에서 실업 교사로 일하며 예술적 감수성과 인간미 넘치는 공감 능력을 갖춘, 뱃살 많은 낭만적인 50대 가장입니…
D0564	D	57	남자	육군 장교	서울	서울-중랑구	#직장인	전성철 씨는 엄격한 군 규율과 소소한 인테리어 취미 사이에서 균형을 잡으며, 건강한 은퇴와 평온한 노후를 준비하는 50대 가장…
D0565	D	50	여자	한식 조리사	전라남	전라남-고흥군	#직장인	김미경 씨는 고흥의 복지시설 조리사로 근무하며, 소박한 일상의 조화와 맛있는 음식, 그리고 나만을 위한 소소한 가꿈을 통해 삶…
D0566	D	54	여자	화학 시험원	충청남	충청남-서산시	#육아 #직장인	백현수 씨는 서산 금속 산업 현장의 베테랑 화학 시험원으로서 원칙 중심의 삶을 살며, 가족과 자연이 주는 평온함 속에서 노후를…
D0567	D	43	남자	육류가공 기계 조작원	충청북	충청북-옥천군	#직장인	이현수 씨는 옥천의 육류 가공 현장을 지키는 숙련공이자, 카메라와 한화 이글스에 진심인 40대 미혼 남성입니다.
D0568	D	53	여자	광고 전문가	경상북	경상북-포항시 북구	#고디지털 #육아 #직장인	천언지 씨는 포항의 바다를 닮은 유연함과 광고 전문가의 치밀함을 동시에 지닌, 내면의 불안을 성실함으로 극복하며 살아가는 50…
D0569	D	46	여자	사진측량 및 분석가	인천	인천-서구	#직장인	채기선 씨는 밀리미터 단위의 정밀함을 추구하는 사진측량 분석가이자, 배드민턴과 하이볼로 마음의 빈자리를 채우는 40대 여성입니…
D0570	D	50	남자	산업 안전원	대구	대구-서구	#약관정독 #육아 #직장인 #테크회의론	이수완 씨는 대구 서구의 정서와 현장의 안전을 책임지는 예리함을 가졌지만, 식탐과 술자리 앞에서는 한없이 너그러워지는 50대 …
D0571	D	59	여자	그 외 공예원	전라남	전라남-화순군	#직장인	박정갑 씨는 화순의 공장에서 숙련된 손끝으로 광물을 다듬는 장인 정신과 이웃들과의 정겨운 외식을 사랑하는 소탈한 50대 여성입…
D0572	D	56	남자	철근공	충청북	충청북-청주시 상당구	#직장인	송학구 씨는 청주에서 30년 경력의 숙련된 철근공으로 일하며, 내 집 마련과 자녀의 미래를 위해 성실하게 살아가는 50대 가장…
D0573	D	41	여자	회계 사무원	서울	서울-서초구	#직장인	조현정 씨는 정밀한 회계 업무 능력과 아날로그적 감성을 지닌 채, 서초구에서 건강과 일상의 균형을 찾아가는 40대 미혼 직장인…
D0574	D	49	여자	유원시설 및 테마파크 서비스원	경상남	경상남-김해시	#가격깐깐 #직장인	강은경 씨는 김해 테마파크에서 일하며 내 집 마련을 꿈꾸는, 알뜰하고 사교적인 40대 후반의 여성입니다.
D0575	D	47	남자	공군 부사관	경상북	경상북-의성군	#직장인	이태웅 씨는 의성에서 부모님과 함께 사는 공군 부사관으로, 엄격한 군인 정신과 섬세한 식도락가의 면모를 동시에 지닌 마흔 일곱…
D0576	D	58	남자	자재 관리 사무원	경기	경기-포천시	#고디지털 #직장인	김기태 씨는 포천의 건설 자재 관리 전문가로서의 성실함과 DIY 인테리어라는 현대적 취미를 동시에 가진, 건강 관리와 가족의 …
D0577	D	57	여자	냉난방기 관련 설비 조작원	경기	경기-부천시 오정구	#저디지털 #직장인	이경남 씨는 부천의 아파트에 거주하며 교육시설 설비 전문가로 일하는 50대 여성으로, 성실한 직업 정신과 전국의 노포를 찾아다…
D0578	D	59	여자	그 외 기계장비 설치 및 정비원	경기	경기-부천시 원미구	#직장인	조미경 씨는 부천의 거친 금속 제조 현장을 누비는 강단 있는 숙련공이자, 식물과 음악으로 마음을 다스리며 가족을 지탱하는 헌신…
D0579	D	51	남자	선반기 조작원	경기	경기-화성시	#직장인	윤찬호 씨는 화성시 공단에서 정밀 가공 기술로 인정받는 베테랑 선반공이자, 외로운 현실 속에서도 가족의 온기와 소박한 예술적 …
D0580	D	43	남자	자동차 엔진 조립원	인천	인천-서구	#직장인	박상영 씨는 기계 조립의 정점에 오른 숙련공이자 내면에 철학적 감성과 역사에 대한 깊은 조예를 품은, 인천의 전형적인 외유내강…
D0581	D	59	남자	가스·에너지 기술자 및 연구원	충청남	충청남-아산시	#직장인	정정옥 씨는 아산에서 수십 년간 가스 설비를 다뤄온 숙련된 기술자이자, 사람 사이의 정을 무엇보다 소중히 여기는 다정하고 사교…
D0582	D	43	여자	교육 및 훈련 사무원	경기	경기-김포시	#직장인	신혜원 씨는 식품 제조 교육 행정의 숙련된 전문가로서, 김포의 자가 주택에서 원예와 역사 여행을 즐기며 실용적이고 안정적인 삶…
D0583	D	51	여자	손톱 관리사	광주	광주-서구	#육아 #저디지털 #직장인	윤윤정 씨는 광주 서구에서 세심한 손끝으로 손톱을 관리하며 홀로 아이를 키워낸, 현실적이고 강인한 생활력을 가진 50대 여성입…
D0584	D	46	남자	생산관리 사무원	인천	인천-서구	#저디지털 #직장인	김호종 씨는 인천 공단의 쇠 냄새 속에 단단하게 다져진 실무 능력과 홀로 남겨진 집안의 정적을 묵묵히 견뎌내는 40대 중반의 …
D0585	D	51	남자	교육 및 훈련 사무원	경기	경기-이천시	#육아 #직장인	김석영 씨는 절제된 생활 습관과 전문적인 교육 역량을 바탕으로 가족과 후배들의 안정을 최우선으로 여기는, 무던함 속에 세심한 …
D0586	D	57	여자	그 외 법률 관련 사무원	경기	경기-부천시 원미구	#직장인	송정임 씨는 부천의 법률 사무원으로서의 철저한 전문성과 가족을 향한 따뜻한 헌신을 동시에 가진 외유내강의 50대 여성입니다.
D0587	D	52	남자	콘크리트패널 조립원	서울	서울-구로구	#육아 #직장인	김성우 씨는 구로구의 산업 변천사를 몸소 겪으며 성실함 하나로 가족을 일궈온, 정교한 손끝과 따뜻한 유머를 가진 콘크리트 패널…
D0588	D	56	여자	전시 및 시설 견학 안내원	울산	울산-남구	#직장인	이윤옥 씨는 울산 남구에서 전시 안내원으로 일하며, 철저한 자기관리와 부드러운 카리스마로 안정적인 일상을 가꾸어 나가는 50대…
D0589	D	43	남자	철도운송 관련 종사원	인천	인천-미추홀구	#직장인	백민철 씨는 철도 현장의 정밀함과 소극장의 낭만을 동시에 품고 살아가는, 건강 관리와 현실의 타협 사이에서 갈등하는 40대 미…
D0590	D	52	여자	그 외 법률 관련 사무원	경기	경기-광명시	#약관정독 #육아 #직장인	이현옥 씨는 공학적 지식을 갖춘 법무 전문가로서 안정적인 삶을 꾸리며, 빵과 음악, 그리고 자녀와 반려견을 통해 삶의 위안을 …
D0591	D	58	여자	상·하수 배관공	대구	대구-달성군	#직장인	이인자 씨는 대구 달성군에서 학교 배관공으로 일하며, 완벽한 작업 마무리와 정갈한 삶의 질서를 추구하는 50대 여성입니다.
D0592	D	56	여자	그 외 상점 판매원	서울	서울-강서구	#저디지털 #직장인	김은미 씨는 강서구에서 성실하게 살아온 베테랑 판매원으로, 가족에 대한 사랑과 개인적인 고요함을 동시에 추구하며 소박한 미래를…
D0593	D	55	남자	약사	경기	경기-용인시 수지구	#고디지털 #직장인	박윤석 씨는 공학적 이성과 예술적 감성을 동시에 품은 채, 수지의 한적한 동네에서 주민들의 건강을 돌보며 소박한 삶을 가꾸는 …
D0594	D	54	남자	생산관리 사무원	서울	서울-강남구	#육아 #직장인	김장석 씨는 강남에 거주하며 제조 현장의 체계와 인간미를 동시에 갖춘, 건강 관리에 신경 쓰는 성실한 50대 가장입니다.
D0595	D	55	남자	교육 및 훈련 사무원	경기	경기-남양주시	#육아 #직장인	임규복 씨는 남양주에서 교육 행정직으로 근무하며 가족의 평화와 무사한 정년을 꿈꾸는, 배려심 깊고 실용적인 50대 가장입니다.
D0596	D	51	남자	지게차 운전원	경기	경기-양주시	#육아 #저디지털 #직장인	오병인 씨는 양주 공단에서 성실하게 지게차를 운전하며 가족의 평온한 일상을 지탱하는, 현실적이고 책임감 강한 50대 가장입니다…
D0597	D	50	남자	금속절곡기 조작원	경상남	경상남-양산시	#육아 #직장인	장강용 씨는 양산의 금속 가공 현장을 지키는 숙련공이자, 캠핑과 음식 여행으로 삶의 활력을 찾는 책임감 강한 50대 가장입니다…
D0598	D	50	남자	변호사	서울	서울-서초구	#약관정독 #저디지털 #직장인	한한규 씨는 서초동의 보수적인 법조인 삶과 형제들과의 정겨운 일상을 동시에 살아가는, 건강 관리가 시급한 고소득 보험 전문 변…
D0599	D	56	남자	119 구조대원	경상남	경상남-창원시 마산합포구	#직장인 #테크회의론	전천호 씨는 마산의 베테랑 119 구조대원이자 법학 지식을 갖춘 지적인 면모와, 자녀를 위해 헌신하는 무뚝뚝하면서도 따뜻한 5…
D0600	D	56	여자	승용차 및 승합차 운전원	강원	강원-고성군	#직장인 #테크회의론	이은숙 씨는 강원도 고성의 길을 훤히 꿰고 있는 성실한 운전원으로, 소박한 일상 속에서 가족의 미래와 건강을 꼼꼼하게 챙기며 …
E0001	E	74	남자	하역 및 적재 관련 단순 종사원	광주	광주-서구	#저디지털 #접근성 #직장인	전기태 씨는 광주 서구에서 평생 하역 일을 하며 살아온 70대 가장으로, 투박한 손마디에 삶의 흔적이 배어 있는 성실하고 사교…
E0002	E	71	여자	회계 사무원	서울	서울-서초구	#저디지털 #접근성 #직장인	최은지 씨는 서초구에서 부동산 회계 사무원으로 일하며 경제적 자립과 사교적인 삶을 동시에 누리는 당찬 70대 여성입니다.
E0003	E	73	남자	무직	서울	서울-양천구	#가격깐깐 #비경제활동 #저디지털 #접근성	안상식 씨는 목동에서 평생을 성실함과 규칙으로 무장해 온, 꼼꼼한 가계부와 나훈아의 노래가 어울리는 정갈한 노신사입니다.
E0004	E	76	남자	무직	서울	서울-양천구	#비경제활동 #저디지털 #접근성	곽상길 씨는 양천구에서 평생을 보낸 서울 토박이로, 투박한 손재주와 시장통의 지혜를 가진 채 자녀들과 함께 노후를 보내는 고집…
E0005	E	74	여자	음료 서비스 종사원	경기	경기-의정부시	#저디지털 #접근성 #직장인	홍희자 씨는 의정부에서 자가 아파트를 보유한 채 음료 서비스직으로 일하며, 강한 생활력과 넉살로 일상을 꾸려가는 70대 여성입…
E0006	E	61	남자	그 외 일반 영업원	부산	부산-남구	#저디지털 #직장인	고성호 씨는 부산 남구의 지형지물을 꿰뚫고 있는 노련한 부동산 영업원이자, 라디오와 산책으로 삶의 여백을 채우며 안락한 노후를…
E0007	E	76	여자	무직	부산	부산-부산진구	#가격깐깐 #비경제활동 #저디지털 #접근성	박명순 씨는 부산진구의 오래된 다세대주택에서 노모와 자녀들을 챙기며 살아가는, 야무진 살림 솜씨와 투박한 정을 지닌 76세의 …
E0008	E	69	남자	건물 경비원	강원	강원-횡성군	#저디지털 #직장인	장수철 씨는 강원도 횡성에서 경비원으로 일하며 가족과 이웃을 아끼고, 소박한 일상의 행복과 건강한 노후를 지향하는 성실한 아버…
E0009	E	64	남자	무직	충청남	충청남-서산시	#비경제활동 #약관정독 #저디지털	이운섭 씨는 서산에 거주하며 대가족을 이끄는 중심축이자, 행정 전문가 출신의 꼼꼼함으로 일상을 관리하며 건강 회복을 위해 노력…
E0010	E	71	남자	무직	부산	부산-영도구	#비경제활동 #저디지털 #접근성	배승락 씨는 영도의 짠 내음과 투박한 손마디에 삶의 궤적이 담긴, 가족과 집을 지키는 현실적인 부산 사나이입니다.
E0011	E	62	여자	무직	서울	서울-동작구	#비경제활동	김송애 씨는 서울 동작구에서 자녀들과 살며 당뇨 관리와 원예, 역사 여행을 통해 삶의 안정을 찾아가는 인내심 깊은 60대 여성…
E0012	E	66	남자	강구조물 건립원	인천	인천-동구	#저디지털 #직장인	정영식 씨는 인천의 공장 지대에서 잔뼈가 굵은 베테랑 강구조물 건립원으로, 성실한 삶의 궤적과 소박한 예술적 취향을 가진 60…
E0013	E	90	여자	무직	광주	광주-광산구	#비경제활동 #저디지털 #접근성	오시자 씨는 광주 광산구의 옛 정서를 간직한 채, 민요 춤과 글쓰기로 노년의 고독을 달래며 소박한 일상을 가꾸는 90세 어르신…
E0014	E	81	여자	건물 청소원	경기	경기-광주시	#저디지털 #접근성 #직장인	정유자 씨는 경기 광주에서 성실하게 건물 청소를 하며 자립적인 삶을 꾸려가는 80대 어른으로, 꼼꼼한 일 처리와 사교적인 성격…
E0015	E	71	남자	전화 상담원	경기	경기-수원시 권선구	#저디지털 #접근성 #직장인	김종현 씨는 수원 권선구의 지역 정보에 능통한 71세 부동산 전화 상담원으로, 성실함과 공감 능력을 갖췄으나 건강 관리와 예민…
E0016	E	76	여자	무직	서울	서울-관악구	#비경제활동 #저디지털 #접근성	이금자 씨는 관악구에서 자녀들과 화목하게 거주하며, 봉사와 산책 그리고 임영웅의 노래로 소박하고 평온한 노후를 보내는 76세 …
E0017	E	88	여자	무직	전라남	전라남-곡성군	#비경제활동 #저디지털 #접근성	김옥순 씨는 전남 곡성의 흙냄새와 함께 살아온 88세의 어르신으로, 문맹의 서글픔을 강인한 생활력과 가족에 대한 사랑으로 승화…
E0018	E	60	남자	건물 경비원	서울	서울-노원구	#직장인	김종현 씨는 노원구에서 경비원으로 일하며 가족을 부양하는 책임감 강한 가장이자, 수락산 등산과 배드민턴으로 활력을 찾는 60대…
E0019	E	70	여자	무직	서울	서울-은평구	#가격깐깐 #비경제활동 #저디지털 #접근성	강영자 씨는 은평구에서 잔뼈가 굵은 살림의 고수이자, 꼼꼼한 추진력으로 모임을 이끄는 당찬 70대 할머니입니다.
E0020	E	94	여자	무직	전라남	전라남-화순군	#비경제활동 #저디지털 #접근성	최영남 씨는 화순의 땅과 함께 나이 든 94세 어르신으로, 가족의 화목과 소박한 먹거리에서 삶의 완성을 찾는 분입니다.
E0021	E	61	여자	무직	대구	대구-달서구	#가격깐깐 #비경제활동	배주경 씨는 대구 달서구에서 알뜰한 살림 솜씨와 정겨운 오지랖으로 가족과 이웃을 보듬는 60대 전업주부입니다.
E0022	E	84	남자	무직	부산	부산-금정구	#비경제활동 #저디지털 #접근성	김충조 씨는 부산 금정구에서 아내와 함께 살며 동네 갈등을 중재하는 여유롭고 정 많은 84세 어르신입니다.
E0023	E	61	여자	무직	대전	대전-동구	#비경제활동	송금자 씨는 대전 동구에서 이웃들과 화목하게 지내며 가족의 건강과 평온한 노후를 가꾸는 다정한 살림꾼입니다.
E0024	E	63	여자	무직	부산	부산-동래구	#가격깐깐 #비경제활동	성은경 씨는 부산 동래구에서 꼼꼼한 살림 솜씨와 철저한 자기관리로 가족의 평온한 일상을 지켜내는 헌신적인 어머니이자 아내입니다…
E0025	E	62	남자	무직	부산	부산-수영구	#비경제활동 #저디지털	장경환 씨는 부산 수영구의 정과 투박함을 그대로 간직한 채, 가족과 친구 그리고 소소한 손재주로 일상을 채워가는 60대 남성입…
E0026	E	64	남자	건물 경비원	대구	대구-달서구	#저디지털 #직장인 #테크회의론	양석호 씨는 성실함과 책임감으로 가정을 일궈온 대구 달서구의 경비원으로, 야구와 낚시를 통해 삶의 활력을 찾으며 안정적인 노후…
E0027	E	60	여자	시설 경비원	전라남	전라남-장성군	#직장인 #테크회의론	이양미 씨는 전남 장성에서 시설 경비원으로 일하며 꼼꼼한 업무 처리와 외향적인 성격으로 지역 사회의 중심 역할을 하는, 건강한…
E0028	E	84	여자	건물 청소원	경기	경기-김포시	#저디지털 #접근성 #직장인	임형자 씨는 김포에서 건물 청소원으로 일하며 배움에 대한 열정과 가족에 대한 깊은 사랑으로 당뇨와 혈압을 이겨내고 살아가는 긍…
E0029	E	62	남자	전화 상담원	대구	대구-북구	#저디지털 #직장인	문권순 씨는 대구 북구에서 운송업 상담원으로 일하며 유연한 소통 능력과 소박한 삶의 태도로 가족과 동료들의 사랑을 받는 60대…
E0030	E	74	여자	무직	경기	경기-고양시 일산동구	#가격깐깐 #비경제활동 #저디지털 #접근성	김복순 씨는 일산의 정돈된 환경 속에서 철저한 자기관리와 디지털 적응력을 바탕으로 건강하고 조화로운 노후를 설계하는 70대 여…
E0031	E	81	여자	무직	대전	대전-중구	#가격깐깐 #비경제활동 #저디지털 #접근성	한경자 씨는 대전 중구에서 홀로 살며 알뜰한 살림 솜씨와 트로트 사랑으로 노년을 평온하게 보내는, 겉으로는 조용하지만 속은 단…
E0032	E	61	남자	그 외 채굴 및 토목 관련 종사원	전라남	전라남-화순군	#저디지털 #직장인	채희준 씨는 화순 광산 현장의 베테랑으로서의 자부심과 소박한 전남 시골 생활의 여유를 동시에 지닌, 겉은 무뚝뚝하지만 속은 유…
E0033	E	67	남자	상·하수 배관공	경기	경기-파주시	#저디지털 #직장인	이병배 씨는 파주에서 수십 년간 배관공으로 일하며 성실함과 전문성을 쌓아온, 가족과 자연을 사랑하는 온화한 성품의 어르신입니다…
E0034	E	61	남자	교통 계획 및 설계가	울산	울산-남구	#고디지털 #직장인	장형용 씨는 울산의 도로를 설계하는 베테랑 공학도로서, 논리적인 직업 세계와 소탈한 술자리 및 바둑의 여유를 동시에 즐기는 6…
E0035	E	72	남자	철도운송 관련 종사원	서울	서울-마포구	#저디지털 #접근성 #직장인	김종기 씨는 평생을 철도 현장에서 보낸 공학적 정밀함과 연남동의 예술적 감성을 동시에 품은, 마포구의 온화하고 유연한 어르신입…
E0036	E	61	남자	전직 석재 부설원, 현재 구직중	서울	서울-양천구	#비경제활동 #저디지털 #테크회의론	배환영 씨는 평생 돌을 다뤄온 정교한 기술과 성실함을 가진 60대 남성으로, 평범한 직업적 일상의 복귀를 꿈꾸며 신문 읽기와 …
E0037	E	61	여자	금융 상품 개발자	서울	서울-동작구	#약관정독 #직장인	염현주 씨는 80년대 전산 기초를 닦은 베테랑 금융 상품 개발자로, 동작구의 자가 주택에서 가족과 함께하며 산책과 사우나로 일…
E0038	E	66	여자	음료 서비스 종사원	경상북	경상북-성주군	#저디지털 #직장인	김미화 씨는 성주읍내에서 소박하게 일하며 텃밭과 성당 모임, 가족과의 유대를 통해 삶의 단단한 중심을 잡고 살아가는 60대 여…
E0039	E	60	남자	건물용 보일러 설치 및 정비원	인천	인천-계양구	#직장인	박성주 씨는 인천 계양구에서 정직한 기술 하나로 자수성가한 60대 보일러 설치 전문가로, 가족과 텃밭을 사랑하는 성실하고 책임…
E0040	E	61	남자	하역 및 적재 관련 단순 종사원	경기	경기-군포시	#저디지털 #직장인	이영락 씨는 군포 공단에서 성실하게 일하며 가족의 안정을 책임지는 60대 가장으로, 조용필의 노래와 수리산의 풍경 속에서 소박…
E0041	E	63	여자	경리 사무원	대구	대구-달서구	#가격깐깐 #저디지털 #직장인	성춘자 씨는 대구 달서구에서 연구소 경리로 일하며 성실하게 노후를 준비하는, 넉살 좋고 꼼꼼한 60대 여성입니다.
E0042	E	69	남자	산업 안전원	강원	강원-춘천시	#저디지털 #직장인	이병노 씨는 춘천에서 안전원으로 성실히 일하며 건강과 일상의 안정을 찾아가는, 조용하지만 책임감 강한 60대 후반의 가장입니다…
E0043	E	60	여자	건물 경비원	충청남	충청남-논산시	#직장인	나현경 씨는 논산에서 경비원으로 일하며 텃밭 가꾸기와 트로트 노래방을 즐기는, 외유내강형의 60대 여성입니다.
E0044	E	68	여자	전직 건물 청소원, 현재 구직중	인천	인천-부평구	#비경제활동 #저디지털	김옥금 씨는 부평 공단의 치열한 삶을 지나 자가 아파트를 마련한 성실한 삶의 소유자로, 정돈된 일상과 예술적 상상을 동시에 추…
E0045	E	67	여자	바텐더	경상북	경상북-성주군	#저디지털 #직장인	유희숙 씨는 성주읍의 소식통이자 정 많은 바텐더로, 술은 마시지 않지만 사람 사이의 온기를 섞어 내놓는 넉살 좋은 60대 여성…
E0046	E	67	남자	그 외 하역 및 적재 단순 종사원	충청남	충청남-예산군	#저디지털 #직장인	이재석 씨는 예산의 흙내음 속에서 실용적인 삶의 지혜를 터득하고 아내와 함께하는 평온한 일상을 소중히 여기는 60대 농업 노동…
E0047	E	60	여자	간호조무사	부산	부산-영도구	#저디지털 #직장인	엄명숙 씨는 영도에서 간호조무사로 일하며 정 많은 성격과 손맛 좋은 요리로 주변 사람들을 챙기는, 현실적이고 활기찬 60대 여…
E0048	E	63	남자	인쇄 필름 출력원	광주	광주-광산구	#직장인	백윤철 씨는 광주 광산구에서 인쇄 필름 출력원으로 일하며, 정교한 기술력과 사교적인 성격으로 주변 사람들과 어울려 살아가는 6…
E0049	E	60	여자	건물 청소원	대구	대구-서구	#직장인	배해자 씨는 대구 서구에서 병원 청소원으로 일하며 자녀들을 위해 헌신해온, 겉은 딱딱해도 속은 깊은 강인한 어머니입니다.
E0050	E	66	남자	크레인 운전원	강원	강원-원주시	#저디지털 #직장인	박기홍 씨는 정밀한 크레인 조작 실력을 갖춘 성실한 기술자이자, 원주의 일상을 블로그에 기록하며 치악산의 자연과 동료들과의 술…
E0051	E	74	남자	예약 및 접수 사무원	경상북	경상북-영천시	#저디지털 #접근성 #직장인	양천용 씨는 영천의 풍경을 사랑하고 사람 사이의 온기를 소중히 여기며, 성실한 노동과 소박한 일상에서 행복을 찾는 낙천적인 어…
E0052	E	66	남자	지게차 운전원	부산	부산-부산진구	#저디지털 #직장인	손창영 씨는 부산의 물류 현장을 지키는 정밀한 지게차 운전원이자, 롯데 자이언츠와 옛 노래를 사랑하며 내 집 마련의 꿈을 꾸는…
E0053	E	71	남자	식품학 연구원	대구	대구-군위군	#저디지털 #접근성 #직장인 #테크회의론	박재선 씨는 대구 군위에서 가족과 함께 살며 전통 발효 식품을 연구하는 71세 공학 박사로, 분석적인 전문성과 소박한 지역민의…
E0054	E	65	여자	건물 청소원	부산	부산-남구	#저디지털 #직장인	김혜린 씨는 부산 남구에서 성실하게 병원 청소원으로 일하며 임영웅의 노래와 이기대 산책으로 소박한 행복을 찾는 60대 여성입니…
E0055	E	71	여자	건물 청소원	부산	부산-서구	#저디지털 #접근성 #직장인	오한선 씨는 부산 서구에서 건물 청소원으로 일하며 당뇨를 관리하고, 임영웅의 노래와 백양산 산행으로 삶의 활력을 찾는 71세 …
E0056	E	61	여자	그 외 조리사	경기	경기-포천시	#직장인	신희경 씨는 포천에서 성실하게 살아온 베테랑 조리사로, 철저한 자기관리와 새로운 배움에 대한 열린 마음을 가진 체계적인 성격의…
E0057	E	70	여자	음료 서비스 종사원	세종	세종-세종시	#저디지털 #접근성 #직장인	김선희 씨는 여성 공학도로 치열하게 살았던 과거를 뒤로하고, 현재는 세종시에서 음료 서비스 일을 하며 원예와 산책으로 소박한 …
E0058	E	77	여자	그 외 기능 관련 종사원	경기	경기-고양시 일산서구	#저디지털 #접근성 #직장인	황서희 씨는 일산의 변천사를 몸소 겪으며 다져진 현장 감각과 디지털 도구 활용 능력을 모두 갖춘, 당당하고 활기찬 70대 부동…
E0059	E	62	여자	통계 사무원	경기	경기-용인시 수지구	#고디지털 #직장인	김인옥 씨는 수지구에서 통계 사무원으로 일하며 예술적 감성과 인본주의적 가치를 통해 삶의 균형을 찾아가는 60대 여성입니다.
E0060	E	83	여자	시설 경비원	경기	경기-용인시 수지구	#저디지털 #접근성 #직장인	이점순 씨는 투박한 말투와 매서운 눈썰미를 가졌지만, 베란다 꽃과 달콤한 크림빵 한 조각에서 위안을 찾는 용인 수지의 강인한 …
E0061	E	64	남자	하역 및 적재 관련 단순 종사원	경기	경기-부천시 원미구	#저디지털 #직장인	김성만 씨는 부천의 하역 현장에서 뼈가 굵은 베테랑 노동자로, 가족을 향한 책임감과 자연 속의 고독을 동시에 사랑하는 현실적인…
E0062	E	77	여자	그 외 서비스 관련 단순 종사원	전북	전북-전주시 덕진구	#저디지털 #접근성 #직장인	고병선 씨는 전주에서 수선집 일을 하며 성실하게 살아온 77세 할머니로, 가족에 대한 깊은 사랑과 이웃과의 유대감을 삶의 중심…
E0063	E	64	여자	건물 청소원	부산	부산-중구	#직장인	정현숙 씨는 부산 중구의 삶의 터전을 스스로 일궈낸 강인함과 타인의 눈치를 살피는 예민함을 동시에 지닌, 자식 사랑이 지극한 …
E0064	E	69	남자	철도운송 관련 종사원	인천	인천-연수구	#저디지털 #직장인	최봉재 씨는 수십 년간 철도 현장을 지켜온 성실한 기술자이자, 가족에 대한 책임감과 소박한 일상의 행복을 소중히 여기는 인천의…
E0065	E	66	남자	하역 및 적재 관련 단순 종사원	경기	경기-포천시	#저디지털 #직장인	신홍식 씨는 포천의 거친 현장에서 몸으로 일궈온 삶의 지혜를 바탕으로, 가족과 친구라는 울타리 안에서 소박한 행복을 찾는 60…
E0066	E	61	여자	건물 청소원	인천	인천-부평구	#직장인	최혜순 씨는 부평에서 어머니를 모시며 성실하게 일하는 건물 청소원이자, 교회 공동체와 트로트 노래방에서 삶의 활력을 찾는 강인…
E0067	E	68	여자	그 외 하역 및 적재 단순 종사원	서울	서울-구로구	#저디지털 #직장인	정정옥 씨는 구로 공단의 거친 세월을 견뎌낸 물류 현장의 베테랑이자, 임영웅의 노래와 산행으로 삶의 활력을 찾는 정 많고 예민…
E0068	E	64	여자	건물 청소원	경기	경기-안산시 상록구	#직장인	서말순 씨는 안산에서 성실하게 건물 청소 일을 하며 가족의 주거 안정을 꿈꾸는, 다정하지만 내면에 불안과 예민함을 품고 살아가…
E0069	E	73	여자	간병인	대구	대구-서구	#저디지털 #접근성 #직장인	박경숙 씨는 대구 서구에서 간병인으로 일하며 이웃과 정을 나누고 손주 사랑을 실천하는, 삶의 지혜가 깊고 건강한 70대 여성입…
E0070	E	67	여자	예약 및 접수 사무원	세종	세종-세종시	#저디지털 #직장인	김금희 씨는 세종시에서 수리점 사무원으로 일하며 임영웅의 노래와 호수공원 산책으로 마음을 달래는, 자아를 찾아가는 60대 후반…
E0071	E	63	여자	간판 제작 및 설치원	전북	전북-전주시 완산구	#저디지털 #직장인	표희주 씨는 전주에서 정밀한 간판 제작 기술로 인정받는 베테랑 작업자이자, 다육식물과 라디오를 사랑하는 섬세하고 책임감 강한 …
E0072	E	73	여자	건물 청소원	대구	대구-달성군	#저디지털 #접근성 #직장인	이미자 씨는 대구 달성군 자동차 공장에서 성실히 근무하며 가족의 안녕과 친정어머니의 건강을 최우선으로 여기는 70대 어머니입니…
E0073	E	73	여자	그 외 산업 안전 및 위험 관리원	대구	대구-군위군	#저디지털 #접근성 #직장인	최경순 씨는 대구 군위에서 금속가공 안전관리자로 근무하며, 공학적 논리와 철저한 자기관리로 삶의 질서를 세우는 73세의 전문직…
E0074	E	62	남자	사무 보조원	경기	경기-수원시 팔달구	#고디지털 #직장인	남종원 씨는 수원 팔달문 시장의 정취를 간직한 채 성실하게 살아온 사무 보조원으로, 소박한 일상 속에서 내면의 평온과 도리를 …
E0075	E	61	남자	화학물 여과기 및 분리기 조작원	울산	울산-동구	#직장인 #테크회의론	이양훈 씨는 울산 공단의 성실한 숙련공이자, 자전거와 텃밭을 가꾸며 소박한 행복을 찾는 다정한 가장입니다.
E0076	E	63	여자	건물 경비원	전북	전북-김제시	#직장인	이의애 씨는 김제의 넓은 들녘을 닮은 너그러움과 경비원으로서의 노련함을 갖춘 채, 임영웅의 노래와 남편과의 산책으로 일상의 행…
E0077	E	60	남자	건설 단순 종사원	서울	서울-노원구	#직장인	김남철 씨는 평생 건설 현장에서 성실하게 일하며 내 집 마련의 꿈을 이룬, 투박하지만 정 많은 노원구의 60대 가장입니다.
E0078	E	71	남자	가스 점검원	서울	서울-은평구	#저디지털 #접근성 #직장인	유상인 씨는 은평구에서 가스 점검원으로 성실히 근무하며, 책임감 있는 삶과 소소한 가족의 행복을 소중히 여기는 70대 가장입니…
E0079	E	67	남자	그 외 하역 및 적재 단순 종사원	대구	대구-달성군	#저디지털 #직장인	남만용 씨는 대구 달성군 하역 현장의 베테랑이자, 성실한 저축과 소박한 취미로 노후를 꾸려가는 정 많고 꼼꼼한 60대 가장입니…
E0080	E	64	남자	전직 회계사, 현재 구직중	경기	경기-이천시	#비경제활동 #저디지털	정동호 씨는 전문적인 회계 지식과 느긋한 은퇴 생활 사이의 균형을 찾으며, 외로움을 사회적 교류와 소소한 취미로 극복하려는 이…
E0081	E	63	남자	상·하수 배관공	인천	인천-연수구	#직장인	이기석 씨는 인천 연수구에 자가를 마련한 자부심을 가진 베테랑 배관공으로, 정밀한 기술력과 현대적인 인테리어 감각을 동시에 갖…
E0082	E	81	남자	그 외 서비스 관련 단순 종사원	서울	서울-도봉구	#저디지털 #접근성 #직장인	한수진 씨는 도봉구 골목의 지혜를 가진 부동산 보조원으로, 아내를 향한 지극한 사랑과 소박한 예술적 감성을 간직한 81세의 남…
E0083	E	68	남자	철로 설치원	서울	서울-강서구	#저디지털 #직장인	이이남 씨는 정밀한 철로 시공 능력을 갖춘 숙련공이자, 예술적 감수성으로 세상을 관찰하며 건강한 노후를 준비하는 성실한 강서구…
E0084	E	60	남자	하역 및 적재 관련 단순 종사원	경기	경기-용인시 기흥구	#직장인	서인학 씨는 용인 기흥의 금속 제조 현장에서 잔뼈가 굵은 베테랑 노동자로, 가족에 대한 책임감과 호탕한 성격을 지닌 60대 가…
E0085	E	60	남자	시설 경비원	경기	경기-군포시	#직장인 #테크회의론	한재섭 씨는 경기 군포에서 성실하게 경비 업무를 수행하며, 교회 공동체와 오랜 친구들 사이에서 신뢰받는 삶을 살아가는 안정 중…
E0086	E	61	남자	운송장비 청소원	서울	서울-영등포구	#직장인	박재학 씨는 영등포에서 성실하게 장비 청소원으로 일하며 자가 아파트를 보유한, 배려심 깊고 소박한 삶을 지향하는 60대 가장입…
E0087	E	63	남자	가구 수리원	충청북	충청북-제천시	#직장인	서영석 씨는 제천에서 성실하게 가구를 고치며 소박한 일상의 행복과 정갈한 외모 가꾸기를 즐기는 60대 가장입니다.
E0088	E	63	남자	양복 제조원	경상북	경상북-구미시	#직장인	이성택 씨는 구미에서 평생 양복을 지어온 무뚝뚝하지만 정 많은 기술자로, 당뇨와 비만을 안은 채 낡은 차와 트로트를 벗 삼아 …
E0089	E	73	남자	농업 단순 종사원	강원	강원-평창군	#저디지털 #접근성 #직장인	홍용갑 씨는 평창의 흙과 바람을 닮아 투박하지만, 가족을 향한 사랑과 성실함으로 내 집 마련의 꿈을 일궈가는 고랭지 농부입니다…
E0090	E	61	남자	사무 보조원	서울	서울-구로구	#고디지털 #직장인	김영록 씨는 구로공단의 기억을 품고 성실하게 살아가는 60대 남성으로, 꼼꼼한 업무 능력과 소박한 취미를 통해 고독을 이겨내는…
E0091	E	63	여자	승용차 및 승합차 운전원	서울	서울-구로구	#직장인	이경숙 씨는 구로의 복잡한 길을 누비는 베테랑 운전원이자, 낡은 골목집에서 어머니를 정성껏 모시며 소박한 일상의 안녕을 찾는 …
E0092	E	83	여자	건물 청소원	경기	경기-군포시	#저디지털 #접근성 #직장인	박홍희 씨는 수리산의 정기와 성실한 노동으로 빚어진 건강한 신체와, 검소함 속에 손주 사랑을 품은 군포시의 강인한 할머니입니다…
E0093	E	67	남자	악기 제조 및 수리원	경기	경기-군포시	#저디지털 #직장인	김윤성 씨는 군포에서 악기 수리 공방을 운영하며 고독과 활기 사이에서 균형을 잡고 살아가는 60대 장인입니다.
E0094	E	61	남자	프레스기 및 절단기 조작원	울산	울산-북구	#직장인	손명준 씨는 울산 북구 공단의 정밀 가공 베테랑으로서 성실함과 유연함을 동시에 갖췄으며, 건강 관리의 어려움 속에서도 가족과 …
E0095	E	64	남자	전직 그 외 기계 조작원, 현재 구직중	서울	서울-동대문구	#비경제활동 #저디지털	지명국 씨는 동대문구 자가 아파트에 거주하며 기계 조작과 부동산 경험을 바탕으로 시설 관리직 재취업을 희망하는, 세심함과 예민…
E0096	E	62	남자	의류 판매원	서울	서울-성동구	#직장인	유현준 씨는 성수동에서 평생을 바쳐 옷가게를 운영하며 가족을 부양해온, 섬세한 감각과 강한 책임감을 동시에 지닌 한국의 전형적…
E0097	E	65	남자	건물 경비원	울산	울산-북구	#저디지털 #직장인	이기덕 씨는 울산의 산업 성장기를 온몸으로 겪어낸 성실한 경비원으로, 소박한 일상의 규칙과 가족의 주거 안정을 최우선으로 여기…
E0098	E	65	여자	보육교사	광주	광주-동구	#저디지털 #직장인	차인화 씨는 광주 동구에서 평생을 보낸 베테랑 보육교사로, 소박한 일상의 휴식과 임영웅의 노래, 그리고 이웃과의 정을 통해 삶…
E0099	E	76	남자	건축 제도사	경상북	경상북-안동시	#저디지털 #접근성 #직장인	박주태 씨는 안동에서 정교한 도면을 그리는 건축 제도사로, 유교적 격식과 현대적 실용성을 동시에 갖춘 꼼꼼하고 주관이 뚜렷한 …
E0100	E	67	남자	농업 단순 종사원	전라남	전라남-강진군	#저디지털 #직장인	장병삼 씨는 전남 강진에서 농사를 지으며 나훈아의 노래와 낚시, 그리고 아내와 함께하는 단팥빵 산책으로 삶의 소박한 행복을 찾…
E0101	E	76	남자	음식 배달원	서울	서울-송파구	#저디지털 #접근성 #직장인	김종기 씨는 송파구의 지리에 능통한 배달원으로 일하며, 성실함으로 가정을 지켜온 현실적이고 다정한 70대 가장입니다.
E0102	E	67	여자	가스 생산기 조작원	충청남	충청남-예산군	#저디지털 #직장인	박운희 씨는 충남 예산의 가스 생산 현장을 지키는 베테랑 조작원이자, 가족을 위해 헌신하며 배드민턴과 미술 관람으로 삶의 활력…
E0103	E	65	여자	노인 및 장애인 돌봄 서비스 종사원	부산	부산-연제구	#저디지털 #직장인	박말수 씨는 부산의 정겨운 인심을 닮아 주변 사람들을 살뜰히 챙기는 돌봄 노동자로, 온천천 산책과 친구들과의 반주 한 잔에서 …
E0104	E	76	여자	제품 단순 선별원	충청북	충청북-제천시	#저디지털 #접근성 #직장인	김옥희 씨는 제천 약초 선별장의 예리한 눈썰미를 가진 베테랑이자, 의림지의 자연과 이웃의 정 속에서 소박한 행복을 찾는 76세…
E0105	E	64	남자	국가행정 사무원	경상북	경상북-포항시 남구	#저디지털 #직장인 #테크회의론	안명희 씨는 포항에서 성실하게 공직 생활을 하며 어머니를 극진히 모시는, 겉은 무뚝뚝해도 속은 한없이 다정한 60대 경상도 남…
E0106	E	64	남자	건물 경비원	서울	서울-강북구	#약관정독 #직장인	오영철 씨는 행정학 전공의 꼼꼼함을 경비 업무에 녹여내며, 소박한 수입과 게임, 목욕이라는 확실한 소확행으로 노후의 안정을 찾…
E0107	E	68	남자	예약 및 접수 사무원	경기	경기-남양주시	#고디지털 #직장인	권재영 씨는 성실한 공학도 출신의 행정 사무원으로, 가족과 함께하는 식도락 여행을 즐기며 책임감과 유연함을 동시에 갖춘 남양주…
E0108	E	67	여자	건물 청소원	충청남	충청남-천안시 서북구	#저디지털 #직장인	백정숙 씨는 천안의 금속 공장 청소원으로 일하며 성실함과 넉살로 공동체 속에서 활기차게 살아가는 60대 여성입니다.
E0109	E	66	남자	관세행정 사무원	제주	제주-제주시	#저디지털 #직장인 #테크회의론	송상호 씨는 제주시에서 관세행정 사무원으로 성실히 근무하며, 가족과 예술, 스포츠를 통해 소박하지만 단단한 일상의 행복을 가꾸…
E0110	E	67	남자	경·소형 화물차 운전원	대구	대구-서구	#저디지털 #직장인	권동균 씨는 능숙한 화물차 운전 실력으로 생계를 꾸리며, 가족에 대한 책임감과 내면의 외로움을 팔공산 등산과 소주 한 잔으로 …
E0111	E	64	남자	승용차 및 승합차 운전원	부산	부산-북구	#저디지털 #직장인	임원대 씨는 부산의 길을 훤히 꿰뚫는 능숙한 운전원이자, 넉살 좋은 성격으로 주변 사람들과 어울리며 외로움을 이겨내는 활달한 …
E0112	E	69	여자	음식 서비스 종사원	제주	제주-제주시	#저디지털 #직장인	강은숙 씨는 제주의 변화를 지켜본 세월만큼 능숙한 삶의 지혜와 성실함을 갖춘, 댄스스포츠와 자전거 타기를 즐기는 활동적인 60…
E0113	E	74	남자	건물 경비원	전라남	전라남-여수시	#저디지털 #접근성 #직장인	성성규 씨는 여수에서 성실하게 경비원으로 일하며 낚시와 외모 가꾸기를 즐기는, 예술적 감수성을 간직한 70대 가장입니다.
E0114	E	64	여자	골프장 캐디	경기	경기-안산시 단원구	#직장인	문영임 씨는 안산 단원구에서 골프장 캐디로 일하며 성실함과 노련함으로 가정을 지탱하고, 배드민턴과 소박한 요리를 통해 삶의 활…
E0115	E	78	남자	건물 경비원	경상남	경상남-진주시	#저디지털 #접근성 #직장인	김종하 씨는 진주 남강의 기억을 품고 성실하게 경비 일을 하며, 소박한 화분과 산책으로 고독을 달래는 자립심 강한 노신사입니다…
E0116	E	76	여자	그 외 청소원	전라남	전라남-목포시	#저디지털 #접근성 #직장인	김형순 씨는 목포의 거친 바닷바람 속에서 단단하게 살아온, 성실한 청소원이자 단팥빵을 좋아하는 정 많은 할머니입니다.
E0117	E	60	남자	영업 관리 사무원	충청북	충청북-청주시 흥덕구	#저디지털 #직장인	한길중 씨는 공학적 실용성과 충청도의 유연함을 갖춘 60대 임대업자로, 형제들과 반려견이 있는 아파트에서 안정적인 삶과 소소한…
E0118	E	63	남자	전기 용접원	광주	광주-서구	#직장인	박경범 씨는 광주에서 숙련된 전기 용접원으로 일하며 성실함과 책임감을 삶의 중심에 둔, 사교적이면서도 세심한 60대 가장입니다…
E0119	E	75	남자	그 외 서비스 관련 단순 종사원	서울	서울-도봉구	#저디지털 #접근성 #직장인	문재호 씨는 서울 도봉구에서 평생을 살며 부동산 관리 소일거리로 일상을 채우고, 북한산 등산과 라디오 청취를 즐기는 여유롭고 …
E0120	E	66	남자	금형원	충청북	충청북-청주시 흥덕구	#저디지털 #직장인	이찬연 씨는 청주 공단에서 정밀 금형 기술자로 살아온 성실한 가장으로, 완벽주의적인 직업 정신과 가족에 대한 깊은 책임감을 지…
E0121	E	63	여자	플라스틱제품 조립원	경상북	경상북-경산시	#저디지털 #직장인	하미란 씨는 경산의 공장에서 성실히 일하며 이웃의 신망을 받는 다정한 성격의 소유자로, 소박한 텃밭과 가족 여행에서 삶의 기쁨…
E0122	E	66	남자	건물 경비원	서울	서울-용산구	#저디지털 #직장인	손수혁 씨는 용산의 낡은 골목과 현대적 빌딩 사이에서 성실하게 삶을 일궈온, 고독하지만 단정한 생활 양식을 가진 건물 경비원입…
E0123	E	64	여자	그 외 돌봄 및 보건 서비스 종사원	광주	광주-남구	#직장인	최경희 씨는 광주 남구에서 요양 보호사로 일하며 이웃 및 가족과 끈끈한 유대를 나누고, 임영웅의 노래와 무등산 산책으로 소소한…
E0124	E	60	남자	전직 상·하수 배관공, 현재 구직중	인천	인천-계양구	#비경제활동 #저디지털	한창훈 씨는 인천 계양구에서 잔뼈가 굵은 베테랑 배관공 출신으로, 사교적인 성격과 뛰어난 현장 임기응변을 갖춘 60대 구직자입…
E0125	E	64	여자	간호조무사	경상남	경상남-창원시 마산합포구	#직장인	김성미 씨는 마산에서 오래도록 간호조무사로 일하며 다져진 꼼꼼함과 유연한 성품을 가진, 독립적이면서도 정이 많은 60대 여성입…
E0126	E	68	남자	하역 및 적재 관련 단순 종사원	충청북	충청북-청주시 흥덕구	#저디지털 #직장인	신문호 씨는 성실한 하역 숙련공이자 효심 깊은 아들로, 우암산 등산과 역사 공부를 통해 삶의 여유를 찾는 청주의 60대 남성입…
E0127	E	64	남자	경·소형 화물차 운전원	경상북	경상북-칠곡군	#직장인	남광원 씨는 경상도 길 위의 베테랑 운전사로서 성실함과 넉살로 대가족을 부양하며, 소박한 일상의 안정을 최우선으로 여기는 60…
E0128	E	72	여자	주방 보조원	충청남	충청남-아산시	#저디지털 #접근성 #직장인	이옥규 씨는 아산의 흙내음 속에서 억척스럽게 살아온 세월을 손맛과 성실함으로 승화시켜, 주방에서 제 몫을 다하며 자식들을 뒷바…
E0129	E	69	남자	전직 대형 화물차 운전원, 현재 구직중	충청남	충청남-논산시	#비경제활동 #저디지털	김영수 씨는 평생을 도로 위에서 보낸 숙련된 화물차 운전사 출신으로, 현재는 논산에서 형제들과 함께 지내며 소박한 재취업과 건…
E0130	E	60	남자	하역 및 적재 관련 단순 종사원	강원	강원-고성군	#저디지털 #직장인 #테크회의론	최인수 씨는 강원도 고성의 성실한 하역 노동자로, 내 집 마련의 꿈을 품은 채 설악산 등산과 트로트로 삶의 여유를 찾는 60대…
E0131	E	67	남자	염색기 조작원	경상북	경상북-구미시	#저디지털 #직장인	김병열 씨는 구미 공단의 철저한 장인 정신과 홀로 지내는 중년의 고독을 쾌활한 사교성 뒤에 숨긴, 원칙주의적인 염색기 조작원입…
E0132	E	67	남자	그 외 전기공학 기술자 및 연구원	대구	대구-남구	#저디지털 #직장인	김영진 씨는 대구 남구에서 낡은 가전을 고치며 이웃과 정을 나누는, 당뇨를 앓고 있지만 사교성과 손재주만큼은 청년 못지않은 6…
E0133	E	61	여자	경리 사무원	광주	광주-광산구	#가격깐깐 #직장인 #테크회의론	허양임 씨는 광주 광산구에서 성실하게 경리 업무를 수행하며, 절약과 정돈된 일상을 통해 자녀들과의 소박한 행복을 지켜나가는 6…
E0134	E	68	여자	회계 사무원	서울	서울-강동구	#고디지털 #직장인	신인중 씨는 ICT 전공의 전문성과 회계 사무원의 꼼꼼함을 갖춘 60대 여성으로, 화초 가꾸기와 소박한 여행을 통해 삶의 균형…
E0135	E	61	여자	하역 및 적재 관련 단순 종사원	경상남	경상남-사천시	#직장인	이홍란 씨는 사천의 금속 공장에서 성실하게 일하며 가족을 일궈온 60대 여성으로, 소박한 일상의 휴식과 가족의 안녕에서 행복을…
E0136	E	71	여자	건물 청소원	충청북	충청북-청주시 흥덕구	#저디지털 #접근성 #직장인	김덕순 씨는 청주에서 건물 청소원으로 일하며 손주들을 정성껏 보살피고, 배드민턴과 미식 여행으로 활기를 찾는 강인하고 따뜻한 …
E0137	E	66	여자	시설 경비원	경기	경기-화성시	#저디지털 #직장인	김효숙 씨는 화성시에서 숙박시설 경비원으로 일하며 성실하게 살아온 60대 여성으로, 정 많은 성격과 뛰어난 친화력으로 주변 사…
E0138	E	66	여자	주방 보조원	인천	인천-서구	#저디지털 #직장인	노옥숙 씨는 인천 서구에서 공공기관 주방 보조원으로 성실히 근무하며, 트로트와 역사 여행으로 소소한 행복을 찾는 60대 여성입…
E0139	E	63	여자	공연·영화 및 음반 기획자	서울	서울-양천구	#직장인 #테크회의론	이영애 씨는 현장 경험이 풍부한 음악 기획자로, 양천구에서 가족과 함께하며 소외된 예술가들을 위한 무대를 꿈꾸는 따뜻하고 인간…
E0140	E	78	남자	가스·에너지 기술자 및 연구원	경상북	경상북-울진군	#저디지털 #접근성 #직장인 #테크회의론	김해붕 씨는 울진에서 평생을 보낸 가스 기술자로, 풍부한 현장 경험과 소박한 일상의 균형을 소중히 여기는 신중하고 차분한 어르…
E0141	E	65	남자	건물 경비원	경기	경기-수원시 장안구	#저디지털 #직장인	변응수 씨는 수원 장안구에서 경비원으로 일하며 성실함과 유연함으로 주변을 편안하게 만드는, 아내를 향한 사랑과 소박한 일상의 …
E0142	E	63	남자	건물 경비원	충청남	충청남-보령시	#고디지털 #보안민감 #직장인	박정석 씨는 보령의 자연을 사랑하고 자기관리가 철저한 60대 경비원으로, 배움에 대한 갈증과 예술적 감수성을 간직한 채 아내와…
E0143	E	68	남자	연삭기 및 연마기 조작원	경상북	경상북-포항시 북구	#저디지털 #직장인	김종희 씨는 포항의 거친 공단 현장에서 평생을 보낸 숙련공이자, 색연필로 세상을 그리는 섬세한 감성을 품은 60대 가장입니다.
E0144	E	76	여자	건물 청소원	경기	경기-가평군	#저디지털 #접근성 #직장인	전옥자 씨는 가평의 기계 공장에서 꼼꼼하게 청소 일을 하며 남편과 함께 소박하고 성실한 노후를 보내는 강단 있는 할머니입니다.
E0145	E	70	여자	건물 청소원	서울	서울-강남구	#저디지털 #접근성 #직장인	성정님 씨는 강남의 화려함 속에서도 소박한 질서를 지키며 성실하게 살아가는 70대 건물 청소원입니다.
E0146	E	64	여자	용접기 조작원	충청남	충청남-아산시	#직장인	강미애 씨는 아산 공단에서 정교한 용접 기술로 인정받는 베테랑 작업자이자, 반려견과 외식을 사랑하는 현실적이고 소박한 60대 …
E0147	E	72	남자	입장권 판매원	경기	경기-파주시	#저디지털 #접근성 #직장인 #테크회의론	유춘수 씨는 파주의 도시화 과정을 지켜보며 성실하게 살아온, 다정한 성격과 소박한 일상의 행복을 아는 70대 가장입니다.
E0148	E	76	여자	하역 및 적재 관련 단순 종사원	인천	인천-남동구	#저디지털 #접근성 #직장인	이경희 씨는 남동공단에서 억척스럽게 일하며 가족의 안식처를 일궈낸, 투박한 손마디 속에 깊은 사랑을 간직한 76세의 할머니입니…
E0149	E	68	남자	하역 및 적재 관련 단순 종사원	경기	경기-시흥시	#저디지털 #직장인	최재원 씨는 시흥 공단에서 성실하게 일하며 가족과 신앙, 그리고 소박한 자연의 아름다움을 소중히 여기는 유순한 성정의 60대 …
E0150	E	60	남자	전직 지게차 운전원, 현재 구직중	경기	경기-남양주시	#비경제활동	곽수철 씨는 성실함 하나로 평생을 살아온 전직 지게차 운전원으로, 남양주에서 아내와 함께 소박한 일상을 가꾸며 재취업을 꿈꾸는…
E0151	E	65	남자	그 외 건설·전기 및 생산 관련 관리자	강원	강원-강릉시	#저디지털 #직장인	박종환 씨는 강릉의 건설 현장을 책임지는 꼼꼼한 관리자이자, 당뇨 관리와 골프, 7080 음악을 통해 삶의 균형을 찾는 성실한…
E0152	E	62	남자	철로 설치원	경상남	경상남-통영시	#저디지털 #직장인	정재홍 씨는 통영에서 철로 설치원으로 근무하며 정밀한 기술력과 유연한 소통 능력을 갖춘, 고전 음악과 야구를 사랑하는 60대 …
E0153	E	75	남자	음식 배달원	경기	경기-부천시 오정구	#저디지털 #접근성 #직장인	유길호 씨는 부천 오정구의 지리에 능통한 넉살 좋은 배달원으로, 역사 여행과 웹툰을 즐기며 가족과 조화롭게 살아가는 75세 어…
E0154	E	64	여자	건물 경비원	서울	서울-중랑구	#직장인	오미혜 씨는 성실한 경비원으로 근무하며 마크라메와 원예로 일상을 가꾸는, 외유내강의 면모를 지닌 중랑구의 60대 여성입니다.
E0155	E	66	남자	지게차 운전원	대구	대구-북구	#저디지털 #직장인	우호현 씨는 지게차 운전의 정교한 숙련도와 예술적 감수성을 동시에 지닌, 대구 북구의 삶의 터전을 사랑하는 60대 베테랑 운전…
E0156	E	84	남자	시설 경비원	경기	경기-고양시 덕양구	#저디지털 #접근성 #직장인	정만세 씨는 성실함과 인내를 미덕으로 삼아 고양시의 한 전시관을 지키며, 배달 음식과 자전거 타기라는 소박한 즐거움으로 노년을…
E0157	E	64	남자	그 외 산업 안전 및 위험 관리원	인천	인천-동구	#저디지털 #직장인	김희선 씨는 인천 동구에서 평생을 바쳐 일한 산업 안전 관리원으로, 야구 시청과 사우나, 아내와의 소박한 외식을 통해 삶의 안…
E0158	E	83	남자	운송장비 청소원	서울	서울-서대문구	#저디지털 #접근성 #직장인 #테크회의론	김재포 씨는 서대문구에서 운송장비 청소원으로 일하며 성실함과 책임감으로 가정을 일궈온, 고집스럽지만 다정한 83세의 가장입니다…
E0159	E	61	여자	언어재활사	부산	부산-남구	#저디지털 #직장인	이미옥 씨는 부산 남구에서 꼼꼼하고 성실하게 살아가는 언어재활사로, 라디오와 텃밭 가꾸기를 사랑하며 조화로운 인간관계를 중시하…
E0160	E	62	남자	교육 및 훈련 사무원	충청남	충청남-부여군	#직장인 #테크회의론	인윤호 씨는 부여에서 농업 교육 사무원으로 근무하며 공학적 치밀함과 충청도의 느긋함을 동시에 지닌, 은퇴 후 목공예가의 삶을 …
E0161	E	79	남자	그 외 기능 관련 종사원	경기	경기-안산시 단원구	#저디지털 #접근성 #직장인	권한용 씨는 안산의 산업 현장에서 몸으로 익힌 기술과 성실함으로 삶을 일궈온, 고요한 적막 속에서도 자신만의 질서를 지키며 살…
E0162	E	83	여자	건물 청소원	경기	경기-화성시	#저디지털 #접근성 #직장인	박주순 씨는 화성의 변화를 몸소 겪어온 삶의 지혜를 바탕으로, 성실하게 일하며 가족과 소통하는 따뜻하고 유연한 80대 어르신입…
E0163	E	63	남자	플랜트공학 기술자 및 연구원	충청남	충청남-천안시 동남구	#저디지털 #직장인 #테크회의론	조명준 씨는 천안에서 활동하는 베테랑 플랜트 엔지니어로, 바둑과 UFC를 즐기며 기술적 자부심과 소박한 일상의 행복을 동시에 …
E0164	E	63	여자	그 외 택배원	대전	대전-중구	#직장인	강옥순 씨는 대전 중구에서 성실하게 택배 일을 하며 내 집 마련의 꿈을 키워가는, 배움에 열려 있고 생활력이 강한 60대 여성…
E0165	E	75	남자	조세행정 사무원	충청남	충청남-계룡시	#약관정독 #저디지털 #접근성 #직장인	김길환 씨는 계룡시에서 세무 행정 전문가로 존경받으며, 소박한 텃밭 가꾸기와 전국의 맛집 탐방을 통해 노년의 여유를 즐기는 다…
E0166	E	63	여자	간병인	경기	경기-광명시	#직장인	조명숙 씨는 광명시에서 간병인으로 일하며 자녀들을 뒷바라지해온, 생활력 강하고 사교적인 60대 어머니입니다.
E0167	E	71	남자	운송장비 청소원	충청북	충청북-청주시 서원구	#저디지털 #접근성 #직장인	김상록 씨는 청주에서 운송장비 청소원으로 일하며 성실함과 정직함을 삶의 가치로 삼고, 트로트와 소주 그리고 오랜 친구들과의 산…
E0168	E	74	남자	전직 승용차 및 승합차 운전원, 현재 구직중	인천	인천-서구	#고디지털 #보안민감 #비경제활동 #접근성	심봉수 씨는 성실한 운전 경력과 자가 마련의 자부심을 가진 인천 서구의 70대 어르신으로, 건강 관리와 소일거리를 찾으며 이웃…
E0169	E	65	여자	그 외 서비스 관련 단순 종사원	서울	서울-관악구	#저디지털 #직장인	김나미 씨는 신림동의 지리를 꿰고 있는 생활력 강한 부동산 종사자로, 화려한 나이트클럽과 뜨끈한 온천 여행을 즐기며 내 집 마…
E0170	E	67	여자	육아 도우미	경상북	경상북-영주시	#저디지털 #직장인	권희옥 씨는 영주에서 육아 도우미로 일하며 삶의 지혜와 안정적인 일상을 소중히 여기는, 고집과 유연함을 동시에 지닌 60대 여…
E0171	E	66	여자	그 외 택배원	전라남	전라남-목포시	#저디지털 #직장인 #테크회의론	이덕순 씨는 목포의 골목을 누비는 성실한 택배원이자, 임영웅의 노래와 단팥빵 한 조각에서 삶의 위안을 찾는 60대 여성입니다.
E0172	E	69	여자	건물 청소원	경상남	경상남-창원시 진해구	#저디지털 #직장인	정복선 씨는 진해의 자부심과 성실함을 간직한 채, 거울 같은 복도를 만드는 청소 전문가로서의 삶과 건강한 노후를 가꾸는 소박한…
E0173	E	64	여자	특허 사무원	경기	경기-용인시 수지구	#직장인	성선이 씨는 전문적인 특허 사무원으로 일하며 자녀들을 책임지는 강인한 어머니이자, 역사 여행과 반려견 산책에서 소소한 행복을 …
E0174	E	76	남자	전기장비 조립원	경기	경기-수원시 팔달구	#저디지털 #접근성 #직장인	김삼봉 씨는 수원 화성의 성곽길을 걷는 성실함과 전기 조립 분야의 정밀한 손끝 감각을 지닌, 책임감 강한 70대 기술자입니다.
E0175	E	79	남자	하역 및 적재 관련 단순 종사원	서울	서울-광진구	#저디지털 #접근성 #직장인	임익수 씨는 광진구 도매 시장의 살아있는 전설로 불리는 성실한 작업자이자, 가족의 더 나은 미래를 위해 쉼 없이 달리는 책임감…
E0176	E	65	남자	건물 경비원	경기	경기-수원시 권선구	#저디지털 #직장인	송영수 씨는 수원 권선구에서 주민들의 사랑을 받는 능글맞은 경비원이자, 배드민턴과 삼겹살 소주를 사랑하는 정 많은 60대 가장…
E0177	E	73	남자	일반 비서	서울	서울-송파구	#저디지털 #접근성 #직장인	이효근 씨는 인문학적 소양과 부동산 실무 능력을 겸비한 사교적인 성격의 소유자로, 송파구에서 활기찬 노년을 보내는 73세 남성…
E0178	E	74	남자	그 외 기계 조작원	경기	경기-안양시 동안구	#저디지털 #접근성 #직장인	권인수 씨는 안양 평촌에서 기계 관리원으로 일하며 성실함과 현장 경험으로 삶을 일궈온, 사람 냄새 나는 70대 어르신입니다.
E0179	E	60	남자	음식 서비스 종사원	충청남	충청남-서산시	#저디지털 #직장인 #테크회의론	이형호 씨는 서산에서 성실하게 식당 일을 하며 소박한 일상과 건강한 취미 속에서 평온함을 찾는 60대 남성입니다.
E0180	E	68	여자	사무 보조원	경기	경기-광주시	#가격깐깐 #저디지털 #직장인	이명세 씨는 경기 광주에서 꼼꼼한 사무 보조원으로 일하며, 알뜰한 가계 관리와 배드민턴, 임영웅의 노래로 일상의 소소한 행복을…
E0181	E	64	남자	가스 배관공	경상북	경상북-경주시	#직장인	권성재 씨는 경주에서 평생 가스 배관공으로 일하며 실리적인 삶을 살아온, 예민하지만 다정한 60대 가장입니다.
E0182	E	60	남자	토목 관련 관리자	경기	경기-성남시 분당구	#저디지털 #직장인	전경철 씨는 분당에 거주하며 토목 분야의 전문성을 바탕으로 제2의 인생을 설계하는, 외강내유형의 60대 남성입니다.
E0183	E	65	남자	품질 관리 사무원	충청남	충청남-아산시	#저디지털 #직장인 #테크회의론	문병천 씨는 아산에서 품질 관리자로 일하며 수학적 논리와 유연한 인간관계를 조화롭게 유지하는, 정갈한 자기관리와 평범한 일상의…
E0184	E	78	남자	그 외 서비스 관련 단순 종사원	전북	전북-전주시 완산구	#저디지털 #접근성 #직장인 #테크회의론	송만석 씨는 전주천의 풍경과 이웃들의 정을 사랑하며, 낡은 가전을 고치는 손재주로 삶의 보람을 느끼는 78세의 고집 센 해결사…
E0185	E	71	남자	하역 및 적재 관련 단순 종사원	전북	전북-전주시 덕진구	#저디지털 #접근성 #직장인	박종근 씨는 전주에서 평생 성실하게 일해 온 하역 노동자로, 강렬한 스포츠 취미와 가족에 대한 사랑으로 노년을 활기차게 보내는…
E0186	E	65	남자	건물 경비원	충청남	충청남-천안시 서북구	#저디지털 #직장인	윤천수 씨는 천안에서 성실하게 경비 업무를 수행하며 스크린 골프와 유적지 여행으로 활력을 찾는, 건강 관리에 신경 쓰는 60대…
E0187	E	66	남자	하역 및 적재 관련 단순 종사원	경상남	경상남-김해시	#저디지털 #직장인	김용갑 씨는 낮은 소득에도 성실하게 창고 일을 하며 가족을 부양하는, 겉은 딱딱하지만 속은 깊은 김해의 60대 가장입니다.
E0188	E	81	남자	건설 단순 종사원	경상북	경상북-예천군	#저디지털 #접근성 #직장인	남창기 씨는 예천의 건설 현장에서 땀 흘려 일하며 사진과 여행으로 낭만을 찾는, 호기심 많고 정 많은 81세 청년 같은 어르신…
E0189	E	73	남자	건물 경비원	경기	경기-성남시 수정구	#저디지털 #접근성 #직장인	김영인 씨는 성남 수정구에서 경비원으로 근무하며 성실하게 살아온 70대 남성으로, 디지털 기기에 능숙하고 사람들과 어울리기를 …
E0190	E	71	남자	강구조물 건립원	경기	경기-파주시	#저디지털 #접근성 #직장인	심수원 씨는 파주의 연립주택에 거주하며 쇳덩이와 함께 평생을 보낸 숙련된 강구조물 건립원이자, 소박한 일상과 친구들과의 유대감…
E0191	E	80	여자	간호조무사	광주	광주-서구	#저디지털 #접근성 #직장인	조영예 씨는 광주 서구에서 평생을 보낸 80세 간호조무사로, 배움에 대한 갈증과 예술적 감수성을 간직한 채 소박한 일상의 활력…
E0192	E	76	여자	하역 및 적재 관련 단순 종사원	경기	경기-안성시	#저디지털 #접근성 #직장인	위광선 씨는 안성에서 평생을 성실하게 일하며 가족의 버팀목이 되어온, 강인함과 세심함을 동시에 지닌 70대 여성입니다.
E0193	E	72	남자	가스 생산기 조작원	경상북	경상북-경주시	#저디지털 #접근성 #직장인	강홍열 씨는 경주 가스 생산 현장의 숙련된 감각을 가진 베테랑이자, 텃밭 가꾸기와 사우나를 통해 소박한 행복을 찾는 72세의 …
E0194	E	75	남자	그 외 기능 관련 종사원	경상남	경상남-양산시	#저디지털 #접근성 #직장인	이기태 씨는 양산에서 시설 관리 일을 하며 가족과 소소한 행복을 찾는, 꼼꼼하고 책임감 강한 70대 경상도 남성입니다.
E0195	E	64	여자	그 외 기능 관련 종사원	경기	경기-안성시	#직장인	허연행 씨는 안성에서 도매업 관리자로 일하며 성실하게 살아온 60대 여성으로, 꽃 가꾸기와 산책을 통해 마음의 여유를 찾으며 …
E0196	E	60	남자	전화 상담원	서울	서울-마포구	#직장인	박선구 씨는 마포구에서 성실하게 살아온 60대 상담원으로, 신앙심과 인내심을 바탕으로 평온한 노후를 준비하는 가장입니다.
E0197	E	61	남자	소방설계 기술자 및 연구원	경기	경기-용인시 수지구	#저디지털 #직장인	최철규 씨는 소방 설계라는 정교한 기술력과 수지의 조용한 일상 사이에서 균형을 잡으며, 가족과 친구라는 최소한의 울타리 속에서…
E0198	E	67	남자	고속철 기관사	대전	대전-서구	#저디지털 #직장인	강태윤 씨는 1초의 오차도 허용하지 않는 철저한 직업 정신과 이웃을 향한 따뜻한 포용력을 동시에 지닌 대전의 고속철도 베테랑 …
E0199	E	72	여자	건물 청소원	전라남	전라남-고흥군	#저디지털 #접근성 #직장인	박미향 씨는 전남 고흥에서 청소 일과 텃밭 가꾸기를 하며 소박한 경제적 자립을 유지하는, 넉넉한 인심과 꼼꼼한 고집을 동시에 …
E0200	E	65	여자	그 외 음식 서비스 종사원	인천	인천-부평구	#저디지털 #직장인	이광순 씨는 부평의 한 식당에서 성실하게 일하며, 철저한 건강 관리와 종교 활동을 통해 마음의 평온을 찾는 60대 여성입니다.
E0201	E	70	남자	건물 청소원	울산	울산-동구	#저디지털 #접근성 #직장인	김재술 씨는 울산 동구의 거친 바닷바람 속에서 정직한 노동의 가치를 배우고, 이제는 정갈한 청소 기술과 소박한 일상의 행복을 …
E0202	E	65	남자	자동차 차체 부품 조립원	광주	광주-광산구	#저디지털 #직장인	조영규 씨는 광주 공단에서 잔뼈가 굵은 숙련공이자, 사람들과의 어울림과 소박한 일상의 맛을 아는 정 많은 60대 가장입니다.
E0203	E	64	남자	그 외 소방공학 기술자 및 연구원	경기	경기-의왕시	#고디지털 #직장인	최진교 씨는 ICT 전문성을 바탕으로 소방 안전을 책임지는 연구원이자, 예민한 내면을 등산과 야구 시청으로 다스리는 의왕시의 …
E0204	E	74	남자	건물 청소원	경기	경기-안산시 상록구	#저디지털 #접근성 #직장인	차기식 씨는 안산 공단의 역사를 몸소 겪은 지혜와 넉살 좋은 성격으로 연구소 직원들과 소통하며, 소소한 성취와 가족의 행복을 …
E0205	E	62	남자	그 외 서비스 관련 단순 종사원	부산	부산-사하구	#직장인	황호성 씨는 부산 사하구에서 사람 냄새 나는 부동산 일을 하며, 역사 탐방과 정원 가꾸기를 즐기는 넉살 좋고 낭만적인 60대 …
E0206	E	67	남자	그 외 상점 판매원	충청북	충청북-증평군	#저디지털 #직장인	김승철 씨는 증평에서 성실하게 상점을 운영하며, 카메라 렌즈 너머의 세상과 정교한 장부 정리 사이에서 삶의 균형을 찾는 60대…
E0207	E	67	남자	철도운송 관련 종사원	서울	서울-동작구	#저디지털 #직장인 #테크회의론	이병철 씨는 철도 운송 분야의 숙련된 기술력을 바탕으로 성실하게 살아온 동작구 주민이며, 건강 관리와 가족과의 소소한 행복을 …
E0208	E	63	여자	건물 청소원	경기	경기-안산시 단원구	#직장인	사희주 씨는 안산 공단 지역의 역동적인 분위기 속에서 성실함 하나로 자식들을 키워냈으며, 현재는 건물 청소원으로 일하며 소박하…
E0209	E	74	여자	그 외 서비스 관련 단순 종사원	인천	인천-남동구	#저디지털 #접근성 #직장인	권금연 씨는 인천 남동구의 지리에 밝은 부동산 서비스 종사자로, 소박한 경제력과 강인한 생활력을 바탕으로 사진과 역사 여행을 …
E0210	E	62	남자	승용차 및 승합차 운전원	서울	서울-강북구	#직장인	김상중 씨는 강북구의 길을 훤히 꿰뚫는 베테랑 운전원으로, 가족을 위한 책임감과 특유의 넉살로 삶을 꾸려가는 60대 가장입니다…
E0211	E	83	남자	구두 미화원	경기	경기-의정부시	#저디지털 #접근성 #직장인	박인수 씨는 의정부 제일시장에서 구두를 닦으며 평생을 보낸 83세 어르신으로, 가족에 대한 사랑과 임영웅의 노래, 그리고 소박…
E0212	E	64	남자	경·소형 화물차 운전원	전북	전북-전주시 덕진구	#직장인 #테크회의론	김천수 씨는 전주에서 성실하게 화물차를 운전하며 3세대 가족의 버팀목 역할을 수행하는, 신중함과 예민함을 동시에 지닌 60대 …
E0213	E	72	남자	방수공	인천	인천-서구	#저디지털 #접근성 #직장인	김동기 씨는 인천 서구에서 성실하게 방수공으로 일하며 가족과의 유대를 소중히 여기는, 고독하지만 책임감 강한 70대 가장입니다…
E0214	E	60	여자	사무용 전자기기 설치 및 수리원	경기	경기-화성시	#저디지털 #직장인	김정임 씨는 화성시에서 전자기기 수리원으로 일하며 손주들을 정성껏 키우는, 단단한 기술력과 온화한 성품을 가진 60대 여성입니…
E0215	E	71	남자	승용차 및 승합차 운전원	경상남	경상남-창원시 의창구	#저디지털 #접근성 #직장인	김석춘 씨는 창원시 의창구에서 협회 운전원으로 근무하며, 배드민턴과 라디오 음악을 사랑하는 온화한 성품의 70대 가장입니다.
E0216	E	61	여자	세탁원 및 다림질원	서울	서울-중구	#직장인	김혜숙 씨는 을지로 세탁소의 대체 불가능한 기술자이자, 남산의 자연과 가족의 온기 속에서 건강한 노후를 준비하는 강인한 생활력…
E0217	E	63	여자	투자 및 증권 분석가	서울	서울-영등포구	#저디지털 #직장인	전정애 씨는 여의도의 베테랑 투자 분석가이자, 소금빵의 유혹과 혈당 관리 사이에서 갈등하며 자연과 라디오를 사랑하는 60대 여…
E0218	E	65	남자	주방 보조원	경상북	경상북-문경시	#저디지털 #직장인 #테크회의론	정영대 씨는 문경의 주방 보조원으로 일하며 성실하게 삶을 일궈온, 유튜브와 역사 여행을 사랑하는 소박하고 유연한 성격의 60대…
E0219	E	65	여자	건물 경비원	전북	전북-군산시	#저디지털 #직장인	김춘자 씨는 군산의 아파트 경비원으로 근무하며 꼼꼼한 자기관리와 소박한 취미를 통해 안정적인 노후를 준비하는 성실한 60대 여…
E0220	E	67	남자	경리 사무원	인천	인천-부평구	#가격깐깐 #고디지털 #직장인	신성영 씨는 부평의 작은 전기 사무실에서 정직하게 장부를 기록하며, 베란다 화분과 야구 중계 그리고 아내와의 산책에서 삶의 평…
E0221	E	64	남자	회계 사무원	부산	부산-북구	#가격깐깐 #저디지털 #직장인	이대선 씨는 꼼꼼한 회계 업무와 고요한 혼자만의 일상 사이에서 정서적 안정을 찾는 부산 북구의 60대 남성입니다.
E0222	E	71	남자	지게차 운전원	부산	부산-사상구	#저디지털 #접근성 #직장인	우승운 씨는 부산 사상구 공단에서 평생을 성실하게 살아온 지게차 숙련공으로, 소박한 일상과 가족에 대한 깊은 사랑을 간직한 채…
E0223	E	77	여자	승용차 및 승합차 운전원	충청북	충청북-괴산군	#저디지털 #접근성 #직장인	하귀연 씨는 괴산의 굽이진 길을 누비는 베테랑 운전원이자, 단팥빵과 나훈아의 노래로 소박한 행복을 찾는 독립적인 할머니입니다.
E0224	E	69	남자	수상운송 사무원	경기	경기-부천시 오정구	#저디지털 #직장인	이건배 씨는 부천의 산업 현장을 누빈 공학적 전문성과 실용주의적 태도로 가족의 안녕과 자신의 은퇴 후 안정을 동시에 설계하는 …
E0225	E	83	여자	그 외 서비스 관련 단순 종사원	경기	경기-용인시 기흥구	#가격깐깐 #저디지털 #접근성 #직장인	김덕이 씨는 용인 기흥의 부동산에서 일하며 알뜰하게 살림을 꾸려가는 83세 할머니로, 가족에 대한 사랑과 종교적 유대감을 통해…
E0226	E	60	남자	고무·플라스틱 기술자 및 연구원	경기	경기-광주시	#직장인	이덕수 씨는 고분자 기술 전문가로서의 자부심과 손주를 사랑하는 할아버지의 마음을 동시에 가진, 성실하고 현실적인 60대 가장입…
E0227	E	76	남자	방수공	대전	대전-동구	#저디지털 #접근성 #직장인	탁춘삼 씨는 대전 동구에서 평생 방수공으로 일하며 가족을 부양해온, 치킨과 나훈아 노래를 좋아하는 소박하고 성실한 70대 가장…
E0228	E	67	여자	그 외 경호 및 보안 관련 종사원	충청남	충청남-천안시 서북구	#고디지털 #보안민감 #직장인	이보연 씨는 천안에서 보안 요원으로 근무하며 성실함과 부드러운 카리스마로 주변의 신뢰를 받는 60대 여성입니다.
E0229	E	77	여자	주방 보조원	서울	서울-구로구	#저디지털 #접근성 #직장인	고정순 씨는 구로공단의 거친 세월을 견뎌내고 이제는 구청 식당의 베테랑 주방 보조원으로 일하며, 자식에 대한 사랑과 소소한 일…
E0230	E	61	남자	전직 그 외 서비스 관련 단순 종사원, 현재 구직중	경기	경기-고양시 일산동구	#비경제활동	김창순 씨는 일산의 지리에 능통한 전직 부동산업자로, 건강 문제와 실직의 불안함을 안고서도 소박한 재취업을 꿈꾸는 유순한 성격…
E0231	E	74	여자	건물 청소원	경기	경기-수원시 영통구	#저디지털 #접근성 #직장인	박형자 씨는 수원 영통에서 건물 청소원으로 일하며 강인한 생활력으로 가족을 부양하고, 배달 음식과 산책으로 소소한 행복을 찾는…
E0232	E	62	남자	영업 관리 사무원	서울	서울-양천구	#직장인	정상인 씨는 양천구에서 유통업에 종사하며 가족에 대한 깊은 애정과 소소한 식도락을 즐기는, 책임감 강하면서도 정 많은 60대 …
E0233	E	60	남자	그 외 하역 및 적재 단순 종사원	충청북	충청북-청주시 청원구	#직장인	방호동 씨는 낮은 학력과 소득에도 불구하고 풍부한 상상력과 삶의 지혜로 청주의 골목과 자연 속에서 자신만의 자유를 찾는 60대…
E0234	E	64	남자	냉난방·공조공학 기술자 및 연구원	대구	대구-달성군	#직장인	김진호 씨는 성실함과 정직함을 신조로 삼아 평생을 공조 기술자로 살아온, 무뚝뚝하지만 속 깊은 대구의 전형적인 아버지상입니다.
E0235	E	84	여자	그 외 서비스 관련 단순 종사원	대구	대구-수성구	#저디지털 #접근성 #직장인	이숙진 씨는 대구 수성구에서 임대 관리 일을 하며 자립적인 노후를 보내는 84세의 현실적이고 꼼꼼한 어르신입니다.
E0236	E	69	남자	인조석 설치원	경기	경기-이천시	#저디지털 #직장인	이안석 씨는 평생을 돌과 함께 살아온 이천의 숙련공으로, 정교한 기술력과 책임감을 바탕으로 주변의 신뢰를 받는 현실적이고 사교…
E0237	E	82	여자	그 외 기계 조작원	서울	서울-중랑구	#저디지털 #접근성 #직장인	한이엽 씨는 중랑구의 자가 아파트에서 홀로 지내며 기계 조작원으로 성실히 근무하는, 독립심 강하고 꼼꼼한 82세의 현실주의자입…
E0238	E	83	여자	건물 청소원	인천	인천-미추홀구	#저디지털 #접근성 #직장인	임정옥 씨는 인천 미추홀구에서 자가 아파트에 거주하며 보건소 청소원으로 일하는, 자립심 강하고 사교적인 83세 할머니입니다.
E0239	E	73	여자	건물 청소원	전라남	전라남-장흥군	#저디지털 #접근성 #직장인	유남숙 씨는 장흥에서 병원 미화원으로 일하며 강인한 생활력과 사교성을 바탕으로 활기찬 노년을 보내는 70대 여성입니다.
E0240	E	78	여자	그 외 음식 서비스 종사원	서울	서울-서대문구	#저디지털 #접근성 #직장인	임정애 씨는 배움의 기회는 놓쳤으나 삶의 지혜와 사람 보는 눈을 가진, 서대문구 식당의 베테랑 일꾼이자 손주 사랑이 지극한 7…
E0241	E	67	남자	가죽 및 모피 수선원	경기	경기-부천시 원미구	#저디지털 #직장인	송대경 씨는 부천에서 가죽 수선으로 평생을 보낸 숙련공이자, 독립영화와 서울의 골목길을 사랑하는 낭만적인 취향을 가진 60대 …
E0242	E	74	남자	석유 및 천연가스 정제 장치 조작원	경기	경기-수원시 장안구	#저디지털 #접근성 #직장인	장영천 씨는 정유 공장의 살아있는 전설로 불리며, 트로트와 성지순례, 그리고 일식 정식을 사랑하는 수원 장안구의 정력적인 70…
E0243	E	86	남자	시설 경비원	경기	경기-하남시	#고디지털 #보안민감 #접근성 #직장인 #테크회의론	박명배 씨는 하남시에서 성실하게 경비 업무를 수행하며, 전쟁의 기억을 딛고 가족과 신앙 안에서 소박하지만 체계적인 노년을 보내…
E0244	E	73	남자	건물 경비원	경상남	경상남-합천군	#저디지털 #접근성 #직장인	김철구 씨는 합천의 정취 속에서 성실하게 살아온 건물 경비원으로, 철저한 자기관리와 세심한 책임감으로 일상을 일구는 전형적인 …
E0245	E	76	여자	가사 도우미	서울	서울-강북구	#저디지털 #접근성 #직장인	손정자 씨는 강북구의 가파른 골목길 같은 삶을 성실함으로 일궈온 베테랑 가사 도우미이자, 소박한 빵 한 조각과 사우나 수다에서…
E0246	E	74	남자	운송장비 청소원	전북	전북-무주군	#저디지털 #접근성 #직장인	진유균 씨는 무주에서 농기계 세척 일을 하며 소박한 일상과 가족, 그리고 야구와 텃밭 가꾸기를 사랑하는 74세의 성실한 어르신…
E0247	E	74	남자	계기 검침원	제주	제주-제주시	#저디지털 #접근성 #직장인 #테크회의론	전동수 씨는 제주시 골목을 누비는 성실한 계기 검침원이자, 사교적인 성격 뒤에 변화에 대한 깊은 불안함을 간직한 70대 가장입…
E0248	E	65	남자	음식료품 판매원	강원	강원-영월군	#저디지털 #직장인 #테크회의론	유종인 씨는 강원도 영월에서 농산물 판매점을 운영하며, 성실한 노동과 소박한 사교 활동으로 사별의 외로움을 이겨내는 자립적인 …
E0249	E	64	남자	소방설계 기술자 및 연구원	경기	경기-고양시 일산서구	#약관정독 #직장인	남정수 씨는 원칙과 정교함을 생명으로 여기는 소방 설계 전문가이자, 가족에 대한 세심한 사랑과 역사적 정취를 즐기는 60대 가…
E0250	E	78	여자	수동 포장원	전라남	전라남-목포시	#저디지털 #접근성 #직장인	이정선 씨는 목포항의 억척스러운 삶을 거쳐 현재는 일과 여가의 균형을 즐기며 자식 곁을 지키는 강인하고 따뜻한 78세의 수산물…
E0251	E	60	남자	주차 관리원	부산	부산-부산진구	#직장인	한성덕 씨는 서면의 좁은 길목을 손바닥 보듯 꿰고 있으며, 삶의 풍파를 허허실실 웃음으로 승화시킨 부산진구의 베테랑 주차 관리…
E0252	E	61	남자	승용차 및 승합차 운전원	경기	경기-광명시	#저디지털 #직장인	장윤근 씨는 광명시에서 성실하게 핸들을 잡으며 자녀와의 정서적 유대를 위해 노력하는, 세심함과 불안함을 동시에 지닌 60대 베…
E0253	E	66	남자	그 외 채굴 및 토목 관련 종사원	충청남	충청남-서산시	#저디지털 #직장인	전병기 씨는 서산의 흙먼지 속에서 평생을 보낸 성실한 기술자이자, 사람 사이의 정을 무엇보다 소중히 여기는 쾌활한 60대 어르…
E0254	E	72	남자	새시 조립 및 설치원	서울	서울-중구	#저디지털 #접근성 #직장인	진운식 씨는 서울 중구의 변화를 지켜봐 온 숙련된 새시 설치공으로, 소박한 일상과 가족에 대한 사랑, 그리고 새로운 문화에 열…
E0255	E	68	여자	상·하수 배관공	강원	강원-원주시	#저디지털 #직장인 #테크회의론	임현숙 씨는 원주에서 누수 잡는 손끝 매운 배관공으로 통하며, 베란다 텃밭과 온천 여행으로 소소한 행복을 찾는 68세 여성입니…
E0256	E	65	남자	지방행정 사무원	경상북	경상북-청도군	#저디지털 #직장인	박종석 씨는 공학적 실용성과 공직자의 성실함을 갖춘 채, 경북 청도의 자연 속에서 가족과 친구들에게 둘러싸여 평온한 노후를 준…
E0257	E	64	여자	한식 조리사	경기	경기-안산시 상록구	#직장인	오혜숙 씨는 안산에서 성실하게 살아온 한식 조리사이며, 가족과 임영웅의 노래, 그리고 달콤한 낮잠에서 삶의 위안을 찾는 책임감…
E0258	E	63	남자	전기 용접원	충청남	충청남-서산시	#직장인	강재근 씨는 서산 공단의 전설적인 용접공이자, 나훈아의 노래와 유럽 축구 하이라이트에 빠져 사는 외로운 미식가입니다.
E0259	E	76	여자	주방 보조원	경상남	경상남-창원시 마산합포구	#저디지털 #접근성 #직장인	이미준 씨는 마산의 정취를 간직한 채 주방 일과 소소한 사진 찍기로 일상의 행복을 가꾸는 70대 여성입니다.
E0260	E	74	여자	가사 도우미	경기	경기-고양시 덕양구	#저디지털 #접근성 #직장인	전순남 씨는 고양시 덕양구에서 성실하게 가사 도우미로 일하며 가족과 이웃 사이에서 실속 있고 조화로운 삶을 꾸려가는 70대 여…
E0261	E	60	여자	전직 수동 상표 부착원, 현재 구직중	경상남	경상남-창원시 성산구	#비경제활동	정경희 씨는 창원 성산구에서 자가 주택에 거주하며 단순 제조직 재취업을 준비하는, 건강 관리와 소소한 일상적 쾌락 사이에서 균…
E0262	E	69	여자	간호조무사	경상북	경상북-구미시	#저디지털 #직장인	이옥 씨는 구미 금오산 자락의 자가 주택에서 홀로 지내며, 숙련된 간호조무사로서의 성실함과 소박한 일상의 휴식을 동시에 추구하…
E0263	E	61	남자	주차 관리원	서울	서울-중구	#직장인	이태호 씨는 서울 중구의 복잡한 도심 속에서 묵묵히 주차 공간을 관리하며, 가족과 자연 그리고 소박한 식사를 통해 삶의 평온을…
E0264	E	62	여자	한식 조리사	경상북	경상북-문경시	#직장인 #테크회의론	김경희 씨는 문경에서 한식 조리사로 일하며 가족과 정원을 사랑하고, 소박한 일상 속에서 건강과 관계의 조화를 추구하는 60대 …
E0265	E	74	여자	의료 서비스 상담 종사원	경기	경기-용인시 기흥구	#저디지털 #접근성 #직장인	이숙재 씨는 용인 기흥에서 의료 상담원으로 일하며, 소박한 경제력과 건강상의 취약함에도 불구하고 가족과 이웃에 대한 애정으로 …
E0266	E	72	남자	가죽 및 모피 가공원	경기	경기-고양시 일산동구	#저디지털 #접근성 #직장인	김태석 씨는 일산에서 가죽 수리점을 운영하는 70대 장인으로, 적은 소득과 건강상의 주의점에도 불구하고 역사 탐방과 친목 활동…
E0267	E	69	남자	경·소형 화물차 운전원	충청남	충청남-천안시 동남구	#저디지털 #직장인	김춘우 씨는 천안의 골목을 꿰뚫는 베테랑 화물차 운전원으로, 건강 관리와 자녀의 자립을 바라며 느긋하게 은퇴를 준비하는 60대…
E0268	E	72	남자	운송장비 청소원	충청남	충청남-예산군	#저디지털 #접근성 #직장인	김태연 씨는 예산에서 농기계 세척공으로 일하며 성실함과 꼼꼼함을 무기로 살아온, 배움에 대한 갈증과 건강 관리에 대한 고민을 …
E0269	E	68	여자	그 외 하역 및 적재 단순 종사원	제주	제주-제주시	#저디지털 #직장인	윤정옥 씨는 제주시 도매시장의 하역 전문가이자 마당의 꽃과 예술을 사랑하는, 쾌활하고 즉흥적인 60대 제주 여성입니다.
E0270	E	77	여자	주방 보조원	전북	전북-정읍시	#저디지털 #접근성 #직장인	이정해 씨는 정읍에서 농업 주방 보조원으로 일하며, 소박한 일상과 가족과의 여행, 트로트 음악에서 행복을 찾는 77세 할머니입…
E0271	E	60	여자	일반 간호사	강원	강원-속초시	#직장인 #테크회의론	안숙자 씨는 속초에서 근무하는 베테랑 간호사이자 설악산의 풍경을 사랑하는 사진가로, 전문직으로서의 자부심과 독립적인 생활의 여…
E0272	E	76	남자	시설 경비원	전북	전북-군산시	#저디지털 #접근성 #직장인	한인근 씨는 군산항의 변화를 지켜보며 살아온 실용적인 성격의 시설 경비원으로, 가족에 대한 깊은 애정과 소박한 일상의 안정을 …
E0273	E	63	남자	시설 경비원	대전	대전-중구	#직장인	남병주 씨는 대전 중구에서 성실하게 살아온 시설 경비원으로, 가족에 대한 깊은 책임감과 소박한 취미를 통해 평온한 노후를 가꾸…
E0274	E	64	남자	발전설비 기술자 및 연구원	경기	경기-포천시	#직장인	이창복 씨는 포천에서 발전설비 기술자로 근무하며 학구적인 꼼꼼함과 현장의 유연함을 동시에 갖춘, 자연과 사람을 좋아하는 60대…
E0275	E	62	남자	통신장비 기사	서울	서울-동대문구	#직장인	김창식 씨는 동대문구의 정서를 품고 성실하게 살아온 통신 기술자로, 가족과 반려견을 아끼며 소박한 일상의 질서를 중요하게 여기…
E0276	E	87	남자	그 외 기계 조작원	서울	서울-도봉구	#저디지털 #접근성 #직장인	안동출 씨는 도봉구의 낡은 보일러를 책임지는 꼼꼼한 관리인이자, 아내와 함께 걷는 소박한 일상에서 평온을 찾는 87세의 성실한…
E0277	E	72	여자	영업 관리 사무원	경기	경기-양평군	#가격깐깐 #저디지털 #접근성 #직장인	천광숙 씨는 양평에서 성실하게 일하며 인문학적 소양과 꼼꼼한 생활력을 바탕으로 건강과 관계의 균형을 찾아가는 70대 여성입니다…
E0278	E	81	여자	분식 조리사	경상북	경상북-포항시 북구	#저디지털 #접근성 #직장인	김춘중 씨는 포항의 억척스러운 삶을 견뎌내고 분식집 조리사로 자리를 잡은, 독립심 강하고 꼼꼼한 81세 할머니입니다.
E0279	E	62	여자	그 외 돌봄 및 보건 서비스 종사원	경상북	경상북-포항시 북구	#직장인	이숙자 씨는 포항에서 요양보호사로 일하며 가족을 부양하는 억척스럽고 다정한 60대 여성으로, 예술과 음악을 통해 삶의 위안을 …
E0280	E	69	여자	한식 조리사	부산	부산-서구	#저디지털 #직장인	손순일 씨는 부산 서구에서 한정식집을 운영하며 원칙과 정성을 고집하는 60대 후반의 조리사로, 소박한 일상과 자연의 평온함 속…
E0281	E	65	남자	그 외 서비스 관련 단순 종사원	경상남	경상남-창원시 마산합포구	#저디지털 #직장인	김성도 씨는 마산의 지리에 능통한 부동산 관리원으로 일하며, 소박한 소득과 자가 아파트 하나에 만족하며 살아가는 무던한 성격의…
E0282	E	64	남자	지게차 운전원	경기	경기-김포시	#직장인 #테크회의론	김동환 씨는 김포의 화학 공장에서 성실히 일하며 가족과 역사 여행과 사우나를 즐기는, 건강상의 불안함을 안고 정년을 기다리는 …
E0283	E	77	여자	주방 보조원	경상남	경상남-통영시	#저디지털 #접근성 #직장인	장성옥 씨는 통영의 갯내음 속에서 삶의 지혜를 배운 77세의 주방 보조원으로, 투박한 경상도 말투 뒤에 따뜻한 정과 숙련된 손…
E0284	E	74	여자	그 외 서비스 관련 단순 종사원	인천	인천-연수구	#저디지털 #접근성 #직장인	노성희 씨는 연수구 부동산의 살아있는 백과사전이자, 배드민턴과 일본 음식 여행을 즐기며 단정한 삶을 가꾸는 70대 여성입니다.
E0285	E	63	남자	그 외 상점 판매원	서울	서울-구로구	#저디지털 #직장인	한정호 씨는 구로 공단 시절의 성실함을 몸에 익혀 꼼꼼한 일 처리와 정돈된 일상을 유지하며 살아가는 60대 가장입니다.
E0286	E	63	남자	전자 부품 제조 기계 조작원	경기	경기-용인시 처인구	#직장인	구수일 씨는 정밀한 기계 조작 기술과 성실함을 평생의 자부심으로 삼아온, 가족과 신앙을 소중히 여기는 용인의 60대 가장입니다…
E0287	E	61	여자	그 외 상점 판매원	강원	강원-춘천시	#저디지털 #직장인 #테크회의론	최선미 씨는 성실함으로 일궈낸 삶의 기반 위에서, 이제는 조금 더 느긋한 속도로 은퇴 이후의 평온한 일상을 준비하는 춘천의 베…
E0288	E	61	여자	건물 내 전기 설치 및 정비원	서울	서울-강동구	#직장인	목문숙 씨는 초등학교 졸업 후 건설 현장에서 잔뼈가 굵은 61세 여성 전기 기술자로, 실전 경험과 유연한 성격을 바탕으로 강동…
E0289	E	82	여자	간호조무사	대구	대구-달서구	#저디지털 #접근성 #직장인	최봉연 씨는 대구 달서구에서 자가 아파트에 거주하며 환자들을 다정하게 돌보는 82세의 베테랑 간호조무사입니다.
E0290	E	60	남자	사진가	부산	부산-서구	#저디지털 #직장인	박영석 씨는 부산 서구의 골목길과 사람들을 렌즈에 담아온 60세 사진가로, 소박한 일상의 루틴과 사회적 유대감 속에서 안정을 …
E0291	E	76	남자	쓰레기 수거원	전라남	전라남-고흥군	#저디지털 #접근성 #직장인	이정호 씨는 고흥의 골목길을 누비는 성실한 수거원이자, 아내와 소박한 일상을 공유하며 자연과 이웃 사이에서 평온을 찾는 76세…
E0292	E	60	남자	전기 용접원	대구	대구-동구	#직장인	류병선 씨는 대구 동구에서 정밀 용접 기술자로 일하며, 낚시와 야구 관람을 통해 삶의 활력을 찾는 성실하고 유연한 60대 가장…
E0293	E	73	남자	전직 그 외 일반 영업원, 현재 구직중	경기	경기-시흥시	#비경제활동 #저디지털 #접근성	장재성 씨는 시흥에서 자동차 영업으로 잔뼈가 굵은 70대 가장으로, 건강 관리와 소소한 사회활동을 통해 자신의 경험을 나누며 …
E0294	E	80	남자	운송장비 청소원	강원	강원-홍천군	#저디지털 #접근성 #직장인	한성희 씨는 강원도 홍천에서 농기계 청소원으로 일하며 야생화 가꾸기와 자연 감상을 통해 삶의 위안을 얻는, 꼼꼼하면서도 정서적…
E0295	E	63	남자	한식 조리사	경기	경기-성남시 중원구	#직장인	조석범 씨는 공학적 정밀함으로 한식을 빚어내는 성남의 베테랑 조리사로, 반려견과의 산책과 조용필의 노래, 그리고 저염식 건강 …
E0296	E	62	남자	마케팅 전문가	경기	경기-군포시	#저디지털 #직장인	이재덕 씨는 군포 산본에서 소매업 마케팅 전문가로 일하며, 고전적 취향과 현대적 실용성을 동시에 가진 60대 가장입니다.
E0297	E	88	남자	육아 도우미	경기	경기-김포시	#저디지털 #접근성 #직장인	이기배 씨는 김포에서 육아 도우미로 일하며 손주 사랑과 식도락, 배드민턴에 진심인, 유연함과 완고함을 동시에 지닌 88세 청춘…
E0298	E	60	남자	의류 판매원	경기	경기-파주시	#저디지털 #직장인 #테크회의론	김종훈 씨는 파주에서 의류 판매원으로 일하며 자녀를 위해 헌신하는, 건강 관리가 시급하지만 다정하고 성실한 60대 한부모 가장…
E0299	E	63	여자	가스 배관공	경기	경기-평택시	#저디지털 #직장인	이정아 씨는 평택의 산업화 과정을 함께 겪으며 성장한 실력파 가스 배관공으로, 털털한 성격과 전문성을 겸비한 현장의 리더입니다…
E0300	E	68	남자	전직 그 외 냉동·냉장·공조기 설치 및 정비원, 현재 구직중	강원	강원-춘천시	#보안민감 #비경제활동 #저디지털	김종대 씨는 춘천에서 평생 공조 설비 기술자로 정직하게 땀 흘려 일하며 가족을 부양해 온, 숙련된 기술과 인자함을 겸비한 할아…
E0301	E	61	남자	판금원	경기	경기-이천시	#직장인	김현관 씨는 평생을 철판과 함께 살아온 숙련된 판금공이자, 이천의 골목길에서 이웃의 정을 나누며 살아가는 외로운 듯 풍요로운 …
E0302	E	84	여자	그 외 서비스 관련 단순 종사원	충청남	충청남-아산시	#저디지털 #접근성 #직장인 #테크회의론	임미자 씨는 아산의 변화를 지켜본 강인한 생명력과 타인을 배려하는 부드러움을 동시에 지닌, 손주들의 사랑과 소소한 일터의 보람…
E0303	E	69	여자	음식 서비스 종사원	경상남	경상남-통영시	#저디지털 #직장인	박월희 씨는 통영 바다의 강인함과 유연함을 동시에 지닌 60대 여성으로, 성실한 노동과 가족에 대한 헌신을 통해 평온한 노후를…
E0304	E	63	남자	회계 사무원	경기	경기-성남시 수정구	#가격깐깐 #저디지털 #직장인	서병열 씨는 성남 수정구에서 운송업체 회계원으로 근무하며 성실함과 꼼꼼함으로 삶을 일궈온, 라디오와 전략 게임을 좋아하는 60…
E0305	E	82	남자	그 외 하역 및 적재 단순 종사원	강원	강원-원주시	#저디지털 #접근성 #직장인	김위택 씨는 원주에서 평생 성실하게 짐을 날라온 숙련공으로, 소박한 소득과 자가 아파트를 기반으로 아내와 함께 소소한 일상의 …
E0306	E	69	남자	용융 도금기 조작원	대구	대구-달서구	#저디지털 #직장인	이병윤 씨는 성서공단의 숙련된 기술자로서 자부심을 가지고 살아가며, 건강 관리와 식도락 여행을 즐기는 유연하고 책임감 있는 대…
E0307	E	69	여자	전도사	울산	울산-울주군	#저디지털 #직장인 #테크회의론	김복희 씨는 울주군의 자연 속에서 농학 지식과 신앙을 결합해 이웃을 돌보는 전도사이자, 계획적인 생활과 소소한 일상의 즐거움을…
E0308	E	75	여자	그 외 기능 관련 종사원	경상북	경상북-칠곡군	#저디지털 #접근성 #직장인	이옥남 씨는 칠곡의 삶의 지혜를 가진 부동산 조력자로, 가족과 친구들 사이에서 유연하고 따뜻한 관계를 맺으며 소박한 일상의 기…
E0309	E	77	여자	전직 간병인, 현재 구직중	충청남	충청남-보령시	#비경제활동 #저디지털 #접근성	유효숙 씨는 보령 대천해수욕장 인근에서 평생을 성실하게 살아온 전직 간병인으로, 소박한 일상의 루틴과 신앙생활 속에서 삶의 보…
E0310	E	66	남자	자동차공학 기술자 및 연구원	부산	부산-해운대구	#저디지털 #직장인	임재성 씨는 해운대에 거주하며 평생을 자동차 공학에 바친 베테랑 연구원이자, 역사 탐방과 소주 한 잔의 여유를 즐기는 온화한 …
E0311	E	79	남자	간호조무사	서울	서울-강남구	#저디지털 #접근성 #직장인 #테크회의론	염광표 씨는 강남의 변화를 지켜보며 살아온 79세 간호조무사로, 성실함과 꼼꼼함으로 가족의 버팀목이 되어온 신중한 성격의 소유…
E0312	E	66	남자	냉난방·공조공학 기술자 및 연구원	충청북	충청북-청주시 흥덕구	#저디지털 #직장인	신채욱 씨는 공학적 정밀함과 철저한 자기관리를 통해 일상의 질서를 유지하며, 고독 속에서도 정갈한 취향을 가꾸는 60대 공조 …
E0313	E	62	남자	그 외 택배원	경기	경기-포천시	#저디지털 #직장인	김천웅 씨는 포천에서 성실하게 택배 일을 하며 소박한 행복과 안정적인 노후를 꿈꾸는 60대 가장입니다.
E0314	E	68	여자	전직 매장 정리원, 현재 구직중	경기	경기-양주시	#비경제활동 #저디지털 #테크회의론	김효순 씨는 양주시에 거주하며 정리 정돈에 탁월한 능력을 갖춘 60대 여성으로, 건강 관리의 필요성을 느끼면서도 소박한 일상의…
E0315	E	71	여자	요양 보호사	경기	경기-의정부시	#저디지털 #접근성 #직장인	양기숙 씨는 의정부에서 요양 보호사로 일하며 손주 사랑과 예술적 감수성을 키워가는, 외유내강의 삶을 사는 칠순의 할머니입니다.
E0316	E	69	여자	간병인	경기	경기-안산시 상록구	#저디지털 #직장인	오문자 씨는 부족한 배움을 성실한 기록과 철저한 자기관리로 채우며, 환자의 숨소리와 자연의 색깔을 세심하게 살피는 안산의 단단…
E0317	E	73	남자	시설 경비원	인천	인천-부평구	#저디지털 #접근성 #직장인	금춘배 씨는 부평의 변화를 지켜본 삶의 지혜와 예술적 호기심을 간직한 채, 가족과 함께하는 소박한 일상과 직장에서의 평온함을 …
E0318	E	73	남자	그 외 상점 판매원	서울	서울-용산구	#저디지털 #접근성 #직장인	이은기 씨는 용산구 청파동에서 성실하게 살아온 70대 가장으로, 도매업의 전문성과 가족에 대한 책임감을 가졌지만 내면의 불안과…
E0319	E	61	남자	모바일 애플리케이션 프로그래머	경기	경기-광주시	#고디지털 #직장인 #테크회의론	최승남 씨는 경기 광주에서 가족과 함께 거주하며 시니어 교육 앱 개발이라는 소박한 꿈을 키워가는, 건강 관리가 절실한 60대 …
E0320	E	75	남자	텔레마케터	경상북	경상북-포항시 북구	#저디지털 #접근성 #직장인	김재연 씨는 포항에서 텔레마케터로 일하며 소박한 삶과 내면의 평화를 추구하는, 섬세하고 책임감 강한 70대 가장입니다.
E0321	E	66	여자	음식 서비스 종사원	경상북	경상북-구미시	#저디지털 #직장인	홍영심 씨는 구미 공단 시절의 억척스러움과 고깃집 서빙의 능숙함을 갖춘, 무뚝뚝하지만 정 많은 60대 여성입니다.
E0322	E	67	남자	방역원	서울	서울-광진구	#저디지털 #직장인	김명수 씨는 성실한 방역 업무와 가족에 대한 깊은 책임감으로 서울 광진구에서 소박하지만 단단한 일상을 일궈온 60대 가장입니다…
E0323	E	64	남자	마케팅 전문가	대전	대전-중구	#고디지털 #직장인 #테크회의론	박영호 씨는 대전 중구에서 활동하는 64세 마케팅 전문가로, 전문 지식을 나누는 보람과 스포츠의 활력, 그리고 노포 맛집 탐방…
E0324	E	67	여자	일식 조리사	서울	서울-노원구	#저디지털 #직장인	최명숙 씨는 노원구에서 홀로 거주하며 숙련된 칼솜씨로 일식당을 책임지는 베테랑 조리사이자, 수락산의 야생화와 임영웅의 노래로 …
E0325	E	78	여자	그 외 상점 판매원	경기	경기-파주시	#저디지털 #접근성 #직장인	박기순 씨는 파주 금촌 시장의 지혜와 자립심을 가진 78세 여성으로, 일과 사회 활동을 통해 노년의 활기를 찾는 강인한 어르신…
E0326	E	69	여자	주방 보조원	충청북	충청북-청주시 흥덕구	#저디지털 #직장인	신순옥 씨는 청주에서 4대 가족을 아우르는 헌신적인 살림꾼이자, 교육기관 주방의 베테랑 보조원으로서 성실함과 배려심으로 일상을…
E0327	E	69	남자	정육가공원	대전	대전-동구	#저디지털 #직장인	윤상태 씨는 대전 동구에서 정육가공원으로 일하며 숙련된 기술과 예술적 호기심, 가족에 대한 깊은 책임감을 조화롭게 가꾸어가는 …
E0328	E	76	여자	금형원	서울	서울-중랑구	#저디지털 #접근성 #직장인	이원옥 씨는 평생을 성실함 하나로 버텨온 중랑구의 숙련된 금형공이자, 가족과 반려견을 사랑하는 현실적이고 꼼꼼한 할머니입니다.
E0329	E	60	여자	우편집배원	경기	경기-안산시 상록구	#저디지털 #직장인	이삼순 씨는 안산 상록구를 누비는 성실한 우편집배원이자, 배드민턴과 원예로 삶의 활력을 찾는 현실적이고 강인한 60대 여성입니…
E0330	E	63	남자	단열공	경기	경기-동두천시	#직장인 #테크회의론	고재열 씨는 동두천의 현장 경험을 자부하는 노련한 단열공이자, 야구 중계와 식도락 여행으로 소박한 행복을 찾는 무뚝뚝하지만 섬…
E0331	E	65	남자	음식 서비스 종사원	서울	서울-영등포구	#저디지털 #직장인	임선택 씨는 영등포의 시장통 정서와 현대적인 디지털 취향이 공존하는 60대 식당 종사자로, 가족과 친구라는 울타리 안에서 소소…
E0332	E	68	남자	그 외 택배원	경기	경기-안산시 단원구	#저디지털 #직장인	전성구 씨는 안산의 거친 삶을 성실함과 넉살로 버텨온, 소박한 내 집 마련의 꿈을 가진 외로운 쾌남입니다.
E0333	E	68	여자	혼례 종사원	서울	서울-동작구	#저디지털 #직장인	주명숙 씨는 초등학교 졸업 후 오직 삶의 눈치와 요령으로 서울살이를 버텨온, 예식장의 베테랑이자 소박한 일상을 사랑하는 60대…
E0334	E	65	남자	영업 관리 사무원	경기	경기-고양시 일산동구	#약관정독 #저디지털 #직장인	김형준 씨는 일산의 부동산 시장을 꿰뚫는 베테랑 영업 관리자이자, 삼세대 가족의 화합을 위해 애쓰며 소소한 일식 배달 음식으로…
E0335	E	61	여자	그 외 기능 관련 종사원	경기	경기-수원시 장안구	#직장인	김정숙 씨는 수원 장안구의 단독주택에서 완벽주의적 성향으로 집과 일터를 관리하며, 정교한 서류 정리 능력과 자연에 대한 애정으…
E0336	E	85	남자	농업 단순 종사원	강원	강원-원주시	#저디지털 #접근성 #직장인	이창동 씨는 강원도 원주에서 평생 농사를 지으며 살아온 85세 어르신으로, 투박한 손재주와 온화한 성품을 지닌 채 소박한 텃밭…
E0337	E	81	남자	재활용품 수거원	경상북	경상북-경주시	#저디지털 #접근성 #직장인	이상만 씨는 경주의 골목길을 지키는 성실한 재활용 수거원이자, 가족과 함께하는 평범하고 정적인 일상에서 행복을 찾는 81세의 …
E0338	E	69	여자	승용차 및 승합차 운전원	경기	경기-김포시	#저디지털 #직장인	차순자 씨는 김포의 지리를 꿰뚫는 베테랑 운전원이자, 실속과 책임감을 중시하며 이웃과의 교류에서 삶의 활력을 찾는 강단 있는 …
E0339	E	64	여자	품질 인증 심사 전문가	경기	경기-시흥시	#직장인	권숙자 씨는 시흥 공단의 품질 인증 전문가로서 성실함과 실무 능력을 겸비했으며, 규칙적인 운동과 소박한 일상의 행복을 소중히 …
E0340	E	86	남자	금형원	경기	경기-화성시	#저디지털 #접근성 #직장인	추부원 씨는 화성 공단의 정밀 금형 기술자로 평생을 성실히 살아온 산업화 세대의 표본이며, 당뇨와 복부비만을 안고 있지만 여전…
E0341	E	77	남자	관세행정 사무원	전라남	전라남-영암군	#저디지털 #접근성 #직장인 #테크회의론	유상호 씨는 전남 영암의 여유와 공직자의 절도를 동시에 지닌, 가족과 지역 사회를 아끼는 인자하고 노련한 70대 어르신입니다.
E0342	E	63	여자	금형원	경상남	경상남-창원시 성산구	#직장인	백재순 씨는 창원 공단에서 정밀 금형 기술을 닦아온 숙련공이자, 소박한 일상 속에서 가족과 건강, 그리고 내면의 평화를 찾아가…
E0343	E	60	남자	건설 단순 종사원	경기	경기-안산시 단원구	#직장인	박용찬 씨는 안산 공단 지역에서 성실하게 일하며 가족과 소박한 행복을 가꾸는, 투박하지만 정직한 60대 건설 노동자입니다.
E0344	E	60	남자	음식 서비스 종사원	경기	경기-남양주시	#직장인 #테크회의론	김진구 씨는 남양주에서 자녀를 홀로 키우며 식당 베테랑으로 살아가는, 넉살 좋은 성격과 예술적 취향을 가진 60대 가장입니다.
E0345	E	69	남자	총무 사무원	광주	광주-서구	#저디지털 #직장인	우용균 씨는 광주 서구에서 소매점 총무로 일하며, 사람 사이의 정과 소박한 일상의 즐거움을 중시하는 60대 후반의 온화한 신사…
E0346	E	62	남자	그 외 물품 이동 장비 조작원	부산	부산-사상구	#저디지털 #직장인	한용준 씨는 부산 사상구에서 지게차 운전원으로 성실히 근무하며, 베란다 텃밭과 가족과의 소박한 식사를 통해 삶의 안정을 찾는 …
E0347	E	71	남자	구두 미화원	강원	강원-강릉시	#저디지털 #접근성 #직장인 #테크회의론	김광열 씨는 강릉의 정서를 온몸으로 체득한 구두 미화원으로, 소박한 일상의 규칙성과 사람 사이의 온기를 소중히 여기는 70대 …
E0348	E	77	여자	주방 보조원	전북	전북-전주시 덕진구	#저디지털 #접근성 #직장인	박승애 씨는 전주에서 공공기관 주방 보조로 일하며 성실하게 삶을 일궈온 77세 여성으로, 강단 있는 독립심과 원예에 대한 깊은…
E0349	E	83	남자	텔레마케터	서울	서울-영등포구	#저디지털 #접근성 #직장인 #테크회의론	이종남 씨는 영등포의 지리를 꿰고 있는 노련한 텔레마케터이자, 예술적 호기심과 소박한 일상의 행복을 아는 83세의 유연한 어르…
E0350	E	67	여자	음식 서비스 종사원	전북	전북-군산시	#저디지털 #직장인	오점희 씨는 군산의 정겨운 공동체 속에서 대형 솥 조리와 손맛으로 인정받으며, 당뇨라는 고단함을 알사탕 하나로 달래며 살아가는…
E0351	E	82	남자	그 외 하역 및 적재 단순 종사원	경기	경기-여주시	#저디지털 #접근성 #직장인	황승보 씨는 여주의 땅과 함께 늙어온 성실한 노동자로, 가족에 대한 책임감과 소박한 일상의 평화를 소중히 여기는 82세 어르신…
E0352	E	67	남자	그 외 하역 및 적재 단순 종사원	인천	인천-미추홀구	#저디지털 #직장인	송훈기 씨는 인천 미추홀구에서 성실하게 일하며 가족과 소박한 행복을 찾는, 무뚝뚝하지만 속 깊은 60대 가장입니다.
E0353	E	62	여자	그 외 판매 관련 단순 종사원	충청남	충청남-예산군	#직장인	조상희 씨는 예산의 특산물 판매원으로 근무하며 성실함과 꼼꼼함을 인정받는 60대 여성으로, 배움에 대한 열망과 건강 관리에 진…
E0354	E	64	여자	전직 가사 도우미, 현재 구직중	전북	전북-익산시	#비경제활동	양막동 씨는 익산 중앙시장의 소식통이자 베테랑 전직 가사 도우미로, 사람에 대한 따뜻한 관심과 살가운 성격을 지녔지만 내면의 …
E0355	E	73	남자	프레스기 및 절단기 조작원	서울	서울-서대문구	#저디지털 #접근성 #직장인	남중식 씨는 평생 쇠붙이를 다뤄온 숙련된 기술자이자, 신촌의 골목길에서 소박한 예술적 취향을 가꾸며 살아가는 낭만적인 70대 …
E0356	E	62	여자	전직 방문 고객 상담원, 현재 구직중	서울	서울-강남구	#비경제활동	임은주 씨는 강남에서 내실 있는 가정을 꾸려온 전직 상담원으로, 꼼꼼한 성격과 배려심 깊은 태도를 바탕으로 안정적인 사회 복귀…
E0357	E	61	남자	전직 대형 화물차 운전원, 현재 구직중	경기	경기-이천시	#비경제활동	정명호 씨는 전국 지리를 꿰뚫는 베테랑 화물차 운전원 출신으로, 이천에서 3세대 가족과 함께 살며 안정적인 지역 일자리를 찾는…
E0358	E	75	남자	총무 사무원	경기	경기-안산시 상록구	#저디지털 #접근성 #직장인	박종수 씨는 안산 공단의 역동적인 세월을 지나온 75세의 소탈한 살림꾼으로, 관계의 조화를 소중히 여기며 아내와 함께하는 소소…
E0359	E	71	남자	대출 모집인	서울	서울-서초구	#약관정독 #저디지털 #접근성 #직장인	오종택 씨는 공학적 정밀함과 금융업의 유연함을 겸비한 채 서초구에서 다육식물 가꾸기와 노포 탐방을 즐기며 건강 관리에 힘쓰는 …
E0360	E	74	여자	노인 및 장애인 돌봄 서비스 종사원	충청남	충청남-서산시	#저디지털 #접근성 #직장인	유복동 씨는 서산에서 이웃을 돌보는 일을 하며 삶의 보람을 찾는, 정 많고 사교적인 74세의 따뜻한 할머니입니다.
E0361	E	62	남자	전직 그 외 하역 및 적재 단순 종사원, 현재 구직중	부산	부산-사상구	#비경제활동 #저디지털	차창기 씨는 부산 사상구의 거친 하역 현장에서 평생을 보낸 뒤, 이제는 소박한 일자리와 소소한 취미로 외로움을 달래는 60대 …
E0362	E	73	남자	그 외 경영 및 진단 전문가	서울	서울-송파구	#고디지털 #접근성 #직장인	유동욱 씨는 송파구에 뿌리를 내리고 정보통신기술 전공자의 자부심과 경영 진단 전문가의 통찰력을 간직한 채, 소박한 일상과 가족…
E0363	E	62	여자	관리 비서	대구	대구-동구	#직장인 #테크회의론	이선자 씨는 전문적인 조율 능력과 따뜻한 배려심을 갖췄지만, 소소한 식탐과 정리되지 않은 책상이라는 인간적인 빈틈을 가진 대구…
E0364	E	68	남자	농업 단순 종사원	전라남	전라남-영광군	#저디지털 #직장인	최창규 씨는 영광에서 평생 흙을 만지며 살아온, 고집스럽지만 정밀한 손재주와 철저한 자기관리 능력을 갖춘 60대 농부입니다.
E0365	E	63	남자	판금원	울산	울산-울주군	#저디지털 #직장인	이규용 씨는 울산 공단에서 잔뼈가 굵은 숙련된 판금원이자, 영남알프스의 자연과 나훈아의 노래를 사랑하는 소탈한 60대 가장입니…
E0366	E	70	여자	보육교사	전북	전북-전주시 완산구	#저디지털 #접근성 #직장인	하효정 씨는 아이들을 향한 세심한 사랑과 책임감으로 보육 현장을 지키며, 전주의 고즈넉한 일상 속에서 소박한 행복을 찾는 다정…
E0367	E	60	여자	그 외 수제 식품 제조 종사원	경기	경기-고양시 일산서구	#직장인 #테크회의론	신미숙 씨는 일산에서 수제 식품을 제조하며 예술적 감각과 강단 있는 모성애를 동시에 지닌, 당뇨와 싸우면서도 삶의 작은 아름다…
E0368	E	72	남자	회계 사무원	서울	서울-도봉구	#저디지털 #접근성 #직장인	김재삼 씨는 도봉구의 지리에 밝은 72세 부동산 회계 사무원으로, 예술적 감수성과 소박한 일상을 사랑하며 아내와 함께 평온한 …
E0369	E	64	남자	전직 건물 경비원, 현재 구직중	서울	서울-구로구	#고디지털 #보안민감 #비경제활동	홍영 씨는 구로공단의 변화를 지켜본 성실한 건설업 출신으로, 마른 체격과 소주 한 잔의 여유를 가진 채 가족의 안녕과 재취업을…
E0370	E	87	여자	그 외 서비스 관련 단순 종사원	서울	서울-동대문구	#저디지털 #접근성 #직장인	김민자 씨는 동대문구의 지리와 사람을 꿰뚫는 통찰력을 가진 87세의 생활력 강한 어르신으로, 성실한 노동과 소박한 온천 여행에…
E0371	E	64	남자	지방행정 사무원	충청남	충청남-부여군	#저디지털 #직장인 #테크회의론	김준호 씨는 부여의 고요함을 닮은 성품으로, 공직자의 치밀함과 이웃을 향한 은근한 배려를 동시에 지닌 60대 가장입니다.
E0372	E	71	남자	산불 감시원	충청남	충청남-예산군	#저디지털 #접근성 #직장인 #테크회의론	박남완 씨는 예산의 산과 들을 지키는 성실한 감시원이자, 최신 유행과 옛 정취 사이에서 균형을 잡으며 살아가는 다정한 할아버지…
E0373	E	62	여자	승용차 및 승합차 운전원	세종	세종-세종시	#직장인	권순옥 씨는 세종시의 길을 꿰뚫는 능숙한 운전원으로 일하며, 건강 관리와 사회활동을 통해 당당하고 독립적인 노후를 가꾸어 나가…
E0374	E	61	여자	유원시설 및 테마파크 서비스원	서울	서울-도봉구	#직장인	안정아 씨는 도봉구에서 성실하게 삶을 일궈온 테마파크 서비스원으로, 배드민턴과 역사 여행을 즐기며 평온한 노후를 꿈꾸는 외유내…
E0375	E	68	여자	전직 건물 청소원, 현재 구직중	광주	광주-북구	#비경제활동 #저디지털	황숙희 씨는 평생을 성실한 노동으로 가족을 부양해온 전직 청소원이며, 이제는 무등산의 자연과 예술적 감수성을 통해 삶의 여유를…
E0376	E	68	남자	예약 및 접수 사무원	서울	서울-서초구	#저디지털 #직장인	최상남 씨는 보건복지 전공의 섬세함과 운송업의 꼼꼼함을 두루 갖춘, 예술적 감수성과 가족에 대한 사랑으로 삶을 일궈가는 60대…
E0377	E	69	남자	전직 그 외 경호 및 보안 관련 종사원, 현재 구직중	전북	전북-완주군	#고디지털 #보안민감 #비경제활동	양병주 씨는 완주군에 거주하며 보안 요원으로서의 절제된 삶과 소박한 일상의 행복을 추구하는, 책임감 강하고 정직한 60대 후반…
E0378	E	69	여자	간호조무사	전북	전북-익산시	#저디지털 #직장인	라경자 씨는 익산에서 간호조무사로 일하며 성당 공동체와 유적지 여행, 소박한 건강 관리를 통해 안정적인 노후를 보내는 따뜻하고…
E0379	E	66	여자	육아 도우미	서울	서울-강동구	#저디지털 #직장인	김태임 씨는 서울 강동구에서 아이들을 돌보며 내 집 마련의 꿈을 키워가는, 소박하지만 강인한 삶의 태도를 지닌 60대 여성입니…
E0380	E	78	남자	그 외 돌봄 및 보건 서비스 종사원	인천	인천-남동구	#저디지털 #접근성 #직장인	윤한조 씨는 인천 남동구에서 타인을 돌보는 보건업 종사자로 일하며, 적당한 고독과 소소한 일상의 보람 사이에서 균형을 잡고 살…
E0381	E	78	여자	농업 단순 종사원	전라남	전라남-신안군	#저디지털 #접근성 #직장인	김정순 씨는 신안의 흙과 바다를 닮아 강인하면서도, 이웃의 아픔을 보듬는 따뜻한 마음을 가진 마을의 정신적 지주 같은 할머니입…
E0382	E	79	여자	마케팅 전문가	부산	부산-영도구	#저디지털 #접근성 #직장인	정혜영 씨는 영도 시장바닥에서 다져진 억척스러운 생활력과 정감 어린 소통 능력으로 활기찬 노년을 보내는 부산의 강인한 어머니입…
E0383	E	64	남자	토목 관련 관리자	부산	부산-사상구	#직장인	이종섭 씨는 부산의 기반 시설을 일궈온 노련한 토목 전문가이자, 가족과 함께 변화하는 도시 문화를 유연하게 수용하며 살아가는 …
E0384	E	70	여자	간호조무사	서울	서울-강서구	#저디지털 #접근성 #직장인	김선정 씨는 강서구에서 간호조무사로 성실히 근무하며 자녀들의 독립을 돕는, 외유내강의 면모를 지닌 70대 여성입니다.
E0385	E	62	여자	그 외 일반 영업원	경기	경기-성남시 분당구	#직장인	신은주 씨는 분당의 자가 아파트에서 가족과 함께하며, 현장의 지혜와 배려심으로 소박하지만 단단한 일상을 일궈온 60대 영업직 …
E0386	E	60	남자	지게차 운전원	경상북	경상북-포항시 남구	#저디지털 #직장인	홍진화 씨는 포항 공단에서 정밀한 지게차 운전으로 인정받는 베테랑이자, 건강 염려증과 소박한 내 집 마련의 꿈을 동시에 가진 …
E0387	E	60	여자	육아 도우미	경기	경기-김포시	#직장인	남궁영래 씨는 김포에서 성실하게 아이들을 돌보며 소박한 노후를 꿈꾸지만, 마음 한구석에 늘 불안을 안고 사는 꼼꼼하고 책임감 …
E0388	E	61	여자	우편집배원	서울	서울-서초구	#고디지털 #직장인	양영순 씨는 서초구 지리에 능통한 완벽주의 우편집배원이자, 최신 뷰티 트렌드에 민감하며 자녀를 위해 헌신해 온 외유내강형 여성…
E0389	E	63	남자	플랜트공학 기술자 및 연구원	경상북	경상북-포항시 북구	#직장인	권병수 씨는 법학 지식을 겸비한 포항의 베테랑 플랜트 기술자로, 조용필의 음악과 자연 풍경을 사랑하며 가족과 친구 사이에서 존…
E0390	E	61	남자	그 외 버스 운전원	경상북	경상북-포항시 남구	#직장인	최원우 씨는 포항의 길과 기계를 꿰뚫는 베테랑 버스 운전사로, 정 많은 성격과 건강에 대한 불안함을 동시에 안고 살아가는 61…
E0391	E	70	남자	승용차 및 승합차 운전원	충청남	충청남-천안시 서북구	#저디지털 #접근성 #직장인	남원희 씨는 천안의 길을 꿰뚫는 성실한 운전원이자, 현대 미술과 팝송을 사랑하며 자신만의 기록집 출간을 꿈꾸는 낭만적인 70대…
E0392	E	62	여자	주방 보조원	부산	부산-동래구	#직장인	박정숙 씨는 부산 동래에서 성실하게 주방 일을 하며, 금정산 등산과 소박한 일상에서 행복을 찾는 고집 세고 야무진 60대 여성…
E0393	E	64	여자	조경원	서울	서울-용산구	#직장인	박선옥 씨는 용산의 변화를 지켜보며 성장한 베테랑 조경원으로, 독립적인 삶의 태도와 강한 생활력을 겸비한 60대 여성입니다.
E0394	E	77	여자	가사 도우미	경기	경기-용인시 처인구	#저디지털 #접근성 #직장인	남순희 씨는 용인 처인구에서 성실하게 가사 도우미로 일하며, 야무진 손끝과 사교적인 성격으로 이웃들과 어울려 살아가는 77세의…
E0395	E	66	여자	커피 조리사	강원	강원-원주시	#저디지털 #직장인	최숙희 씨는 원주의 한 카페에서 일하며 교육자의 정갈함과 엄마의 강인함을 동시에 지닌, 숲과 커피 향을 사랑하는 60대 여성입…
E0396	E	70	남자	농약·비료 기술자 및 연구원	경상남	경상남-합천군	#저디지털 #접근성 #직장인 #테크회의론	성경선 씨는 합천에서 비료 연구에 매진하며 클래식 음악과 가야산 산행을 즐기는, 공학적 치밀함과 예술적 낭만을 동시에 지닌 7…
E0397	E	79	여자	그 외 기능 관련 종사원	강원	강원-원주시	#저디지털 #접근성 #직장인	조정자 씨는 원주에서 꼼꼼한 업무 능력으로 협회 일을 도우며, 사진과 노래, 소박한 이웃 관계 속에서 평온한 노후를 보내는 강…
E0398	E	60	남자	수금원	경기	경기-성남시 분당구	#직장인	방호창 씨는 분당의 정돈된 풍경 속에서 거친 현장 일을 하며 살아온, 실속과 정을 동시에 챙기는 60대 수금원입니다.
E0399	E	61	남자	간호조무사	제주	제주-제주시	#가격깐깐 #직장인	장종도 씨는 제주시에서 성실하게 근무하는 간호조무사로, 철저한 절약 정신과 화려한 댄스스포츠라는 반전 매력을 동시에 가진 60…
E0400	E	67	여자	간병인	서울	서울-강서구	#저디지털 #직장인	조순화 씨는 강서구 화곡동에서 이웃의 정과 트로트의 흥을 사랑하며, 환자들을 지극정성으로 돌보는 따뜻하고 활달한 베테랑 간병인…
E0401	E	64	남자	지게차 운전원	경기	경기-포천시	#저디지털 #직장인	황도일 씨는 포천에서 지게차 운전으로 고소득을 올리며 자녀의 자립을 돕는, 책임감 강하고 소탈한 60대 가장입니다.
E0402	E	67	여자	자동 조립라인 조작원	전라남	전라남-영암군	#저디지털 #직장인	권현정 씨는 영암의 공장에서 숙련된 기술로 현장을 지키며, 꽃 가꾸기와 예술 관람으로 삶의 여유를 찾는 강인하고 사교적인 60…
E0403	E	67	남자	건설 단순 종사원	경상북	경상북-포항시 남구	#저디지털 #직장인	김관식 씨는 포항의 건설 현장에서 묵묵히 일하며, 소박한 수입과 건강상의 어려움 속에서도 아내와 함께하는 평범한 일상의 행복을…
E0404	E	79	남자	약사	서울	서울-마포구	#저디지털 #접근성 #직장인	이봉석 씨는 망원동에서 법학 지식을 겸비한 약사로 활동하며, LG 트윈스 응원과 자연 여행으로 노년의 여유를 찾는 외로운 지식…
E0405	E	61	여자	중식 조리사	경상남	경상남-통영시	#직장인	이금자 씨는 통영에서 웍을 휘두르는 베테랑 중식 조리사이자, 야생화와 노래를 사랑하며 강인한 생활력과 독립적인 가치관을 지닌 …
E0406	E	71	남자	그 외 서비스 관련 단순 종사원	세종	세종-세종시	#저디지털 #접근성 #직장인	백환수 씨는 세종시에서 소소한 관리 일을 하며 사람들과의 어울림 속에서 삶의 의미를 찾는, 넉살 좋고 외로움을 많이 타는 70…
E0407	E	70	여자	요양 보호사	인천	인천-서구	#저디지털 #접근성 #직장인 #테크회의론	권용선 씨는 인천 서구에서 요양 보호사로 일하며 성실하게 살아가는 70대 여성으로, 소박한 일상과 가족, 그리고 신앙생활에서 …
E0408	E	67	남자	그 외 인문과학 연구원	경기	경기-군포시	#고디지털 #직장인	강해성 씨는 공학적 배경을 가진 인문과학 연구원으로, 수리산의 평온함과 배드민턴의 활력을 통해 건강을 관리하며 실용적인 삶의 …
E0409	E	64	여자	주차 관리원	서울	서울-강서구	#가격깐깐 #직장인	양은경 씨는 강서구의 변화를 온몸으로 겪으며 홀로 자녀를 키워낸 강인한 생활력의 소유자이자, 성실함과 유연함으로 일터를 지키는…
E0410	E	67	남자	경영 기획 사무원	충청북	충청북-충주시	#저디지털 #직장인	한종문 씨는 공학적 논리와 유연한 인간관계를 동시에 갖춘 충주의 소매업 기획자로, 낮잠과 트로트, 그리고 남한강 산책으로 삶의…
E0411	E	62	여자	주방 보조원	전라남	전라남-광양시	#직장인	전종순 씨는 광양의 산업화 시대를 지나오며 성실함을 체득한 사회복지시설 주방 보조원으로, 가족에 대한 책임감과 소박한 정원 가…
E0412	E	64	여자	그 외 종교 관련 종사원	전라남	전라남-여수시	#직장인	박영순 씨는 여수에서 종교 단체 일을 하며 대가족을 보듬는, 임영웅의 노래와 단팥빵을 사랑하는 포근한 성격의 60대 여성입니다…
E0413	E	64	여자	플라스틱 압출기 조작원	부산	부산-사상구	#직장인	손영임 씨는 부산 사상의 공단에서 잔뼈가 굵은 플라스틱 압출기 전문가이자, 가족을 위해 평생을 헌신해 온 강인하고 따뜻한 성품…
E0414	E	64	여자	보육 관련 시설 서비스 종사원	전라남	전라남-강진군	#저디지털 #직장인	강정화 씨는 강진에서 아이들을 사랑으로 돌보는 보육교사이자, 텃밭 가꾸기와 라디오 음악을 즐기며 이웃과 활발히 소통하는 사교적…
E0415	E	63	여자	그 외 일반 영업원	서울	서울-구로구	#직장인	박경숙 씨는 구로공단 시절의 생존 본능과 탁월한 협상력을 갖춘 60대 여성 영업 전문가로, 가족에 대한 사랑과 트로트에 대한 …
E0416	E	68	여자	판매 사무원	경상남	경상남-창원시 진해구	#저디지털 #직장인	김윤희 씨는 진해에서 도매업 사무원으로 일하며 강인한 생활력을 키워왔고, 이제는 가족과 함께하는 소박한 행복과 새로운 문화적 …
E0417	E	76	남자	농약·비료 기술자 및 연구원	경기	경기-부천시 원미구	#고디지털 #접근성 #직장인	이공열 씨는 부천에서 홀로 지내는 고학력 농업 연구원으로, 정밀한 데이터 분석 능력과 온화한 성품을 지닌 채 소박한 노년을 보…
E0418	E	83	남자	텔레마케터	충청북	충청북-단양군	#저디지털 #접근성 #직장인 #테크회의론	경남성 씨는 공학적 식견과 능숙한 소통 능력을 갖춘 83세의 현역 텔레마케터로, 단양의 자연 속에서 아내와 함께 소박하지만 규…
E0419	E	68	여자	그 외 음식 서비스 종사원	경기	경기-남양주시	#저디지털 #직장인	허정옥 씨는 남양주에서 3대 가족을 보듬는 다정한 살림꾼이자, 예술적 감수성을 품고 소박한 찻집의 꿈을 꾸는 식당 종업원입니다…
E0420	E	65	남자	그 외 하역 및 적재 단순 종사원	경상남	경상남-하동군	#저디지털 #직장인	손상선 씨는 하동에서 성실하게 상하차 일을 하며, 배드민턴과 역사 여행을 즐기고 배우자와 소박한 행복을 찾는 65세 남성입니다…
E0421	E	61	여자	그 외 하역 및 적재 단순 종사원	경기	경기-성남시 중원구	#직장인	백경순 씨는 성남의 물류 현장에서 땀 흘려 일하며 자녀들을 뒷바라지해온, 강인한 생활력과 따뜻한 정을 동시에 지닌 60대 여성…
E0422	E	60	여자	의류 판매원	대구	대구-북구	#직장인	김계정 씨는 대구 북구에서 옷 가게를 운영하며 경제적 자립과 독립적인 생활 리듬을 확보한 실속 있는 60대 여성입니다.
E0423	E	61	여자	그 외 제도사	경기	경기-부천시 원미구	#저디지털 #직장인	조순주 씨는 부천의 자가 아파트에서 자녀와 함께 살며, 오토캐드 숙련도로 정년을 꿈꾸는 성실하고 세심한 60대 제도사입니다.
E0424	E	64	여자	투자 및 증권 분석가	서울	서울-중랑구	#고디지털 #직장인	김인순 씨는 중랑구의 오래된 골목을 사랑하고 재무제표의 행간을 읽어내는 통찰력을 가진, 외유내강형의 베테랑 투자 분석가입니다.
E0425	E	67	남자	그 외 상점 판매원	서울	서울-서대문구	#저디지털 #직장인	이동하 씨는 서대문구의 정겨운 골목 정서를 사랑하며, 탁월한 눈썰미와 넉살로 사람들을 대하는 도매 시장의 베테랑 판매원입니다.
E0426	E	68	여자	그 외 상점 판매원	부산	부산-강서구	#저디지털 #직장인	김길수 씨는 부산 강서구에서 도매업 판매원으로 일하며, 뛰어난 사교성과 생활력으로 이웃들과 어울려 살아가는 활기찬 60대 여성…
E0427	E	69	남자	그 외 건설·전기 및 생산 관련 관리자	제주	제주-제주시	#저디지털 #직장인 #테크회의론	강동운 씨는 건설 현장의 노련한 감각과 디지털 기기의 편리함을 동시에 누리며, 소박한 취미와 오랜 인연 속에서 평온한 노후를 …
E0428	E	71	여자	그 외 숙박시설 서비스원	서울	서울-성북구	#저디지털 #접근성 #직장인	양덕화 씨는 성북동의 정취 속에서 숙박업에 종사하며, 임영웅의 노래와 반려견과의 산책, 그리고 손주들을 향한 소박한 사랑으로 …
E0429	E	64	여자	제품 단순 선별원	충청북	충청북-옥천군	#직장인	김재경 씨는 옥천의 농산물 선별원으로 일하며 스마트폰으로 세상과 소통하고 내 집 마련의 꿈을 키워가는, 자립심 강하고 활달한 …
E0430	E	88	여자	운송장비 청소원	경기	경기-양평군	#저디지털 #접근성 #직장인	방순덕 씨는 양평에서 농기계 청소원으로 일하며 스스로 생계를 책임지는, 강인한 생활력과 섬세한 집요함을 가진 88세의 독거 노…
E0431	E	82	여자	그 외 기능 관련 종사원	경기	경기-수원시 권선구	#저디지털 #접근성 #직장인	김일등 씨는 수원 권선구의 정겨운 골목 정서를 간직한 채, 협회 사무직원으로서의 소속감과 이웃 간의 유대를 통해 삶의 활력을 …
E0432	E	64	여자	전직 세탁원 및 다림질원, 현재 구직중	서울	서울-중랑구	#비경제활동	김수란 씨는 중랑구 골목의 정과 숙련된 다림질 솜씨를 가진 60대 여성으로, 성당의 평온함과 가족의 사랑 속에서 재취업을 꿈꾸…
E0433	E	60	남자	우편집배원	서울	서울-양천구	#직장인	이용찬 씨는 양천구 구석구석을 누비는 성실한 우편집배원이자, 바둑과 나훈아의 노래를 사랑하며 정년퇴직 후의 소소한 일상을 꿈꾸…
E0434	E	60	남자	주차 관리원	경기	경기-광주시	#직장인	박무호 씨는 경기 광주의 거친 현장에서 잔뼈가 굵은 주차 관리원으로, 투박한 삶 속에서도 자녀에 대한 사랑과 소소한 음악적 위…
E0435	E	69	여자	그 외 돌봄 및 보건 서비스 종사원	경기	경기-과천시	#저디지털 #직장인	김성미 씨는 과천에서 요양 보호사로 성실히 일하며 당구와 전통시장 투어를 즐기는, 당뇨 관리에 진심인 60대 여성입니다.
E0436	E	77	여자	가스 배관공	경기	경기-의왕시	#저디지털 #접근성 #직장인	한정숙 씨는 의왕시에서 가스 배관공으로 일하며 이웃의 안전을 책임지는 강인한 생활력이면서도, 가족과 신앙, 원예를 통해 정서적…
E0437	E	75	남자	간호조무사	경기	경기-시흥시	#저디지털 #접근성 #직장인	조수훈 씨는 시흥에서 간호조무사로 성실하게 일하며 소박한 일상과 건강 관리에 집중하는 책임감 강한 75세 어르신입니다.
E0438	E	66	여자	주방 보조원	전라남	전라남-여수시	#저디지털 #직장인	이양숙 씨는 여수 공공기관 주방에서 성실하게 근무하며, 특유의 친화력으로 주변 사람들과 어울리고 반려견과의 산책과 해외여행에서…
E0439	E	69	남자	그 외 서비스 관련 단순 종사원	충청북	충청북-증평군	#저디지털 #직장인 #테크회의론	김범식 씨는 충북 증평의 구석구석을 꿰뚫고 있는 지역 정보통이자, 아내와 함께하는 소박한 식도락과 안정을 추구하는 60대 가장…
E0440	E	72	여자	커피 조리사	경상북	경상북-경주시	#저디지털 #접근성 #직장인	도유덕 씨는 경주 보문단지 호텔의 성실한 커피 조리사로, 배움의 한을 완벽한 일 처리와 다정한 사교성으로 승화시키며 남편과 함…
E0441	E	60	남자	매장 정리원	경상북	경상북-포항시 남구	#저디지털 #직장인 #테크회의론	은종삼 씨는 포항에서 매장 정리원으로 일하며 소박한 성취감을 느끼고, 유적지 탐방과 원예로 마음을 다스리는 신중하고 실용적인 …
E0442	E	63	남자	토목 관련 관리자	부산	부산-남구	#저디지털 #직장인	하주석 씨는 부산 남구에서 토목 현장을 관리하며 실용적인 삶을 살아온 60대 남성으로, 무던한 성격과 투박한 생활 습관 속에 …
E0443	E	78	여자	제품 단순 선별원	경상남	경상남-밀양시	#저디지털 #접근성 #직장인	민순이 씨는 밀양의 땅과 함께 나이 든 베테랑 선별원으로, 투박한 경상도 말투 속에 깊은 정과 책임감을 품고 임영웅의 노래와 …
E0444	E	71	여자	그 외 서비스 관련 단순 종사원	경상북	경상북-문경시	#저디지털 #접근성 #직장인	박교순 씨는 문경의 골목 구석구석을 꿰뚫는 성실한 부동산 관리인이자, 옥상 텃밭과 배달 음식이라는 소박한 즐거움을 아는 독립적…
E0445	E	73	남자	자재 관리 사무원	대전	대전-유성구	#저디지털 #접근성 #직장인	김승구 씨는 유성구에서 전기 자재 관리자로 일하며 규칙적인 생활과 철저한 자기관리로 노년을 보내는, 책임감 강하고 외유내강한 …
E0446	E	62	남자	승용차 및 승합차 운전원	서울	서울-구로구	#저디지털 #직장인	손두석 씨는 구로의 변화를 지켜본 베테랑 운전원으로, 소박한 일상 속에서 사람 간의 정과 휴식을 소중히 여기는 60대 남성입니…
E0447	E	82	남자	지게차 운전원	서울	서울-구로구	#저디지털 #접근성 #직장인	박규철 씨는 구로공단의 역사를 몸소 겪으며 숙련된 지게차 기술을 익힌 82세의 현역 노동자로, 사교적인 성격과 성실함으로 주변…
E0448	E	60	여자	그 외 판매 관련 단순 종사원	경상북	경상북-안동시	#직장인	박덕자 씨는 안동의 전통과 조화를 이루며 농산물 판매 일을 통해 이웃과 소통하고, 평온한 일상과 건강한 삶을 지키려는 소박한 …
E0449	E	76	남자	운송장비 청소원	서울	서울-강서구	#저디지털 #접근성 #직장인	박윤철 씨는 서울 강서구에서 운송장비 청소원으로 일하며 신문 읽기와 등산, 신앙생활을 통해 소박하고 규칙적인 노후를 보내는 7…
E0450	E	60	남자	대형 화물차 운전원	경기	경기-성남시 수정구	#직장인	김채호 씨는 평생 성실하게 운전대를 잡아 가족을 일궈낸 수정구 토박이이자, 건강 고민을 안고 있지만 소박한 노후의 여유를 준비…
E0451	E	61	남자	플랜트공학 기술자 및 연구원	부산	부산-남구	#직장인	이기혁 씨는 부산 남구에서 가족과 함께 사는 61세 플랜트 기술자로, 정밀한 업무 능력과 부드러운 성품을 가졌으나 정년퇴직을 …
E0452	E	66	남자	쓰레기 수거원	경기	경기-시흥시	#저디지털 #직장인	서동수 씨는 시흥에서 성실하게 쓰레기를 수거하며 가족을 부양하는, 넉살 좋고 책임감 강한 60대 가장입니다.
E0453	E	64	남자	철도교통 관제사	경기	경기-군포시	#저디지털 #직장인	김동우 씨는 철도 관제사로서의 엄격한 직업 윤리와 단독주택에서의 고요한 독립 생활을 유지하며, 건강에 대한 불안감을 안고서도 …
E0454	E	60	여자	텔레마케터	서울	서울-강북구	#직장인	서재순 씨는 강북구 수유동의 정 많은 이웃이자, 목소리 하나로 사람의 마음을 읽어내는 능숙한 보험 상담사입니다.
E0455	E	66	남자	일식 조리사	광주	광주-서구	#저디지털 #직장인	권종두 씨는 광주에서 정교한 칼끝으로 일생을 보낸 일식 조리사이며, 배드민턴과 자연 출사로 활력을 찾는 유연한 성격의 60대 …
E0456	E	60	남자	아파트 경비원	부산	부산-동래구	#저디지털 #직장인	류태헌 씨는 동래구에서 나고 자라 거친 삶의 현장을 견뎌온 경비원으로, 가족에 대한 강한 책임감과 마음 한구석의 외로움을 동시…
E0457	E	60	남자	그 외 전기공학 기술자 및 연구원	대구	대구-달서구	#고디지털 #직장인	이봉길 씨는 대구 달서구에서 정교한 기술력으로 가전제품을 수리하며, 가족과 자연 그리고 정적인 휴식을 사랑하는 성실한 60대 …
E0458	E	87	여자	노인 및 장애인 돌봄 서비스 종사원	경기	경기-고양시 덕양구	#저디지털 #접근성 #직장인	정무자 씨는 척박한 시대를 견뎌낸 삶의 지혜로 타인을 돌보며, 역사 소설과 골목 산책으로 내면의 풍요를 가꾸는 고양시의 87세…
E0459	E	61	남자	대형 화물차 운전원	인천	인천-연수구	#저디지털 #직장인 #테크회의론	이석환 씨는 인천 연수구에서 대형 화물차를 운전하며 무사고의 성실함을 삶의 긍지로 삼고 살아가는, 보수적이지만 책임감 넘치는 …
E0460	E	69	남자	강구조물 건립원	경상남	경상남-합천군	#저디지털 #직장인	김영만 씨는 합천에서 평생 철골 구조물을 세워온 숙련공으로, 당뇨와 고혈압을 관리하며 손주들과의 소박한 일상과 배드민턴, 가야…
E0461	E	63	남자	전직 대형 화물차 운전원, 현재 구직중	서울	서울-노원구	#비경제활동	박상록 씨는 평생을 건설 현장과 도로 위에서 성실하게 살아왔으나, 현재는 재취업의 문턱에서 불안과 책임감 사이를 오가는 60대…
E0462	E	64	남자	운송장비 청소원	경상남	경상남-함안군	#직장인	강석훈 씨는 함안에서 운송 장비 세척원으로 성실하게 일하며 배드민턴과 친구들과의 술자리로 소소한 행복을 찾는 60대 가장입니다…
E0463	E	69	여자	그 외 서비스 관련 단순 종사원	부산	부산-부산진구	#저디지털 #직장인	이형미 씨는 부산진구의 골목 구석구석을 꿰고 있는 실무형 부동산 종사자로, 소박한 일상의 안정과 남편과의 조용한 노후를 꿈꾸는…
E0464	E	62	남자	그 외 화물차 및 특수차 운전원	경기	경기-양주시	#직장인	김강민 씨는 양주에 거주하며 전국을 누비는 베테랑 화물차 운전원으로, 안전한 삶과 소박한 운동, 자연의 여유를 즐기는 60대 …
E0465	E	75	여자	주방 보조원	경기	경기-고양시 일산서구	#저디지털 #접근성 #직장인 #테크회의론	이경숙 씨는 일산의 조용한 아파트에서 홀로 살며 사회복지관 주방 보조원으로 성실히 일하는, 고단했던 과거를 딛고 소박한 일상의…
E0466	E	61	남자	정보 시스템 운영자	경상북	경상북-포항시 북구	#고디지털 #직장인	박문수 씨는 포항에서 교육기관 전산망을 관리하며 형제들을 부양하는 60대 초반의 성실한 정보 시스템 운영자로, 꼼꼼한 업무 처…
E0467	E	61	여자	요양 보호사	경기	경기-부천시 소사구	#직장인	허순자 씨는 부천에서 요양 보호사로 일하며 타인의 아픔을 세심히 살피고 화초를 가꾸며 삶의 소박한 아름다움을 찾아내는 따뜻한 …
E0468	E	69	남자	기업 고위 임원	경기	경기-의왕시	#저디지털 #직장인 #테크회의론	곽선동 씨는 수학적 논리로 물류계를 누빈 고위 임원이자, 배달 음식과 스포츠 관람을 즐기며 은퇴 후의 지혜를 전수하려는 여유로…
E0469	E	66	여자	노인 및 장애인 돌봄 서비스 종사원	강원	강원-홍천군	#저디지털 #직장인 #테크회의론	이연 씨는 홍천에서 성실하게 돌봄 일을 하며 가족과 이웃을 챙기지만, 건강 관리와 예민한 성격 사이에서 매일 갈등하는 60대 …
E0470	E	63	남자	그 외 택배원	부산	부산-해운대구	#직장인	유요선 씨는 해운대 골목을 누비는 베테랑 택배 기사이자, 친구와 함께 살며 당구와 노래 영상을 즐기는 넉살 좋은 60대 남성입…
E0471	E	66	여자	텔레마케터	인천	인천-연수구	#저디지털 #직장인	윤훈자 씨는 인천 연수구에서 독립적인 삶을 일구며, 텔레마케팅 업무의 긴장감을 새벽 수영과 송도의 풍경 사진으로 달래는 예민하…
E0472	E	66	남자	건물 내 전기 설치 및 정비원	경기	경기-수원시 권선구	#저디지털 #직장인	박경만 씨는 숙련된 전기 기술자의 자부심과 사별의 고독을 동시에 품은 채, LP 음악과 당구라는 소박한 즐거움으로 일상을 가꾸…
E0473	E	66	여자	그 외 제조 관련 단순 종사원	전라남	전라남-여수시	#저디지털 #직장인	배경자 씨는 여수 공단에서 잔뼈가 굵은 베테랑 검수원이자, 다육이 키우기와 산책으로 소박한 일상을 가꾸는 강인하고 독립적인 6…
E0474	E	65	여자	건물 내 전기 설치 및 정비원	경기	경기-남양주시	#저디지털 #직장인	신희자 씨는 남양주에서 활동하는 베테랑 전기 정비원이자, 내 집 마련의 꿈과 건강한 노후를 위해 성실하게 살아가는 60대 여성…
E0475	E	65	남자	그 외 하역 및 적재 단순 종사원	광주	광주-광산구	#저디지털 #직장인	임원근 씨는 광주 광산구 건설 현장의 베테랑 하역원으로, 넉살 좋은 성격과 탁구에 대한 열정으로 주변 사람들과 어울리며 소박한…
E0476	E	80	여자	주방 보조원	인천	인천-남동구	#저디지털 #접근성 #직장인	이순덕 씨는 인천 남동구에서 주방 보조원으로 일하며 사람 사이의 정과 소박한 일상의 보람을 찾아 살아가는 80세 할머니입니다.
E0477	E	68	남자	토목 관련 관리자	경기	경기-수원시 영통구	#저디지털 #직장인	유경도 씨는 국가 기반 시설을 닦았다는 자부심을 가진 노련한 토목 관리자로, 현재는 수원에서 가족의 화목과 소소한 여가를 소중…
E0478	E	65	남자	냉난방·공조공학 기술자 및 연구원	인천	인천-미추홀구	#저디지털 #직장인	이준형 씨는 인천의 산업 현장을 누빈 베테랑 공조 기술자로, 원칙을 지키는 성실함과 소박한 낭만을 동시에 품은 채 가족과 함께…
E0479	E	72	여자	그 외 서비스 관련 단순 종사원	충청북	충청북-청주시 흥덕구	#저디지털 #접근성 #직장인	곽행임 씨는 청주에서 수선집 일을 하며 가족을 아끼고, 나홀로 국밥 여행과 임영웅의 노래로 삶의 활력을 찾는 성실하고 세심한 …
E0480	E	60	여자	일식 조리사	전북	전북-전주시 완산구	#직장인	고영자 씨는 전주에서 정교한 일식 기술과 넉넉한 성품으로 식당을 이끌며, 삶의 여유와 새로운 메뉴 개발이라는 도전을 동시에 추…
E0481	E	67	여자	승용차 및 승합차 운전원	경상남	경상남-거창군	#저디지털 #직장인 #테크회의론	육영순 씨는 거창의 지리를 훤히 꿰뚫는 꼼꼼한 운전원이자, 꽃 사진과 이웃 간의 정을 소중히 여기는 따뜻하고 책임감 강한 60…
E0482	E	73	여자	일반 간호사	서울	서울-강서구	#저디지털 #접근성 #직장인	이영순 씨는 서울 강서구에서 근무하는 73세의 베테랑 간호사로, 경제적 자립과 건강한 노후를 위해 배드민턴과 식단 관리에 힘쓰…
E0483	E	61	남자	금속절곡기 조작원	경기	경기-평택시	#직장인	유영만 씨는 평택의 금속 가공 현장에서 숙련된 기술로 가족의 생계를 책임져 온, 투박하지만 책임감 강한 60대 가장입니다.
E0484	E	65	남자	그 외 서비스 관련 단순 종사원	서울	서울-성북구	#저디지털 #직장인	김용규 씨는 성북구 돈암동의 낡은 골목길을 터전 삼아 소박한 일터와 가족에 대한 깊은 애정으로 고독을 견뎌내는 65세 남성입니…
E0485	E	81	여자	수동 포장원	대구	대구-달서구	#저디지털 #접근성 #직장인	김동화 씨는 대구 달서구에서 수동 포장원으로 일하며 성실함과 독립심으로 삶을 일궈온, 무뚝뚝하지만 속정이 깊은 81세의 강인한…
E0486	E	60	남자	전직 건물 경비원, 현재 구직중	경기	경기-성남시 수정구	#고디지털 #보안민감 #비경제활동	이재식 씨는 성실하게 가정을 일궈온 자부심과 퇴직 후의 허전함을 동시에 안고, 소박한 일상과 역사 여행에서 삶의 의미를 찾는 …
E0487	E	63	남자	경·소형 화물차 운전원	인천	인천-중구	#저디지털 #직장인	박중섭 씨는 인천항의 지리를 꿰뚫고 있는 성실한 화물차 운전원이자, 성당과 야구장에서 에너지를 발산하는 정 많은 60대 가장입…
E0488	E	64	여자	텔레마케터	서울	서울-중랑구	#직장인	김양섭 씨는 성실함과 절제력을 바탕으로 중랑구의 일상을 묵묵히 지켜내며, 소박한 규칙 속에서 안정을 찾는 60대 여성입니다.
E0489	E	63	남자	휠체어 리프트 설치 및 정비원	충청남	충청남-예산군	#직장인	소경회 씨는 충남 예산에서 휠체어 리프트 정비원으로 일하며 정밀한 기술력과 부드러운 성품으로 이웃과 가족을 돌보는 60대 가장…
E0490	E	71	여자	보육 관련 시설 서비스 종사원	경상남	경상남-양산시	#저디지털 #접근성 #직장인	정창숙 씨는 양산의 어린이집에서 아이들을 돌보는 인자한 보조 교사이자, 베란다 텃밭과 유적지 산책을 사랑하며 안정적인 일상 속…
E0491	E	86	남자	그 외 서비스 관련 단순 종사원	충청남	충청남-홍성군	#저디지털 #접근성 #직장인	권상훈 씨는 홍성 읍내 지리에 밝은 부동산 보조원으로 일하며, 당뇨라는 건강상 약점이 있지만 가족과 함께 성지순례와 산책을 즐…
E0492	E	64	남자	전직 자재 관리 사무원, 현재 구직중	대구	대구-남구	#비경제활동 #테크회의론	정명구 씨는 대구 남구의 정취 속에 살아온 성실한 자재 관리 전문가였으며, 현재는 가족의 지지와 산책의 평온함 속에서 다시금 …
E0493	E	72	남자	데이터 분석가	서울	서울-강남구	#고디지털 #접근성 #직장인 #테크회의론	천충규 씨는 보수적인 교육자의 가치관과 최신 데이터 분석 기술을 동시에 품고 살아가는, 강남의 정체성을 간직한 70대 지식인입…
E0494	E	63	여자	전직 그 외 인사 및 노사 관련 전문가, 현재 구직중	전북	전북-군산시	#비경제활동	정영미 씨는 군산에서 인사 노무 전문가로 활동했던 경력을 바탕으로 제2의 사회적 역할을 설계하며, 건강 관리와 여유로운 삶 사…
E0495	E	68	남자	냉난방기 관련 설비 조작원	서울	서울-송파구	#저디지털 #직장인	박동식 씨는 송파구에서 냉난방 설비를 관리하는 베테랑 기술자이자, 가족과 함께하는 맛집 탐방과 소박한 술자리를 사랑하는 60대…
E0496	E	88	여자	주차 관리원	서울	서울-중랑구	#저디지털 #접근성 #직장인	이용자 씨는 중랑구 상가 주차장의 단호한 해결사이자, 트로트와 나물 정식에 마음을 기대며 자립적인 노후를 일궈가는 강단 있는 …
E0497	E	65	여자	그 외 하역 및 적재 단순 종사원	경기	경기-김포시	#저디지털 #직장인	최순하 씨는 김포의 변화를 지켜보며 꿋꿋하게 살아온, 생활력 강하고 넉살 좋은 60대 여성입니다.
E0498	E	74	남자	그 외 배달원	대전	대전-중구	#저디지털 #접근성 #직장인 #테크회의론	김장용 씨는 대전 중구의 골목길을 누비는 74세 배달원으로, 바둑과 성지순례를 사랑하며 당뇨와 싸우면서도 성실하게 하루를 채워…
E0499	E	75	여자	그 외 하역 및 적재 단순 종사원	대구	대구-수성구	#저디지털 #접근성 #직장인	홍영래 씨는 대구 수성구에서 물류 하역 일을 하며 경제적 자립을 지키는 75세 여성으로, 일의 성실함과 삶의 여유를 동시에 누…
E0500	E	60	남자	산업용로봇 조작원	경상북	경상북-구미시	#저디지털 #직장인	허한기 씨는 구미 공단의 산증인이자 섬세한 기계 조작 능력을 가진 숙련공으로, 가족과의 평온한 일상과 건강한 노후를 꿈꾸는 책…
E0501	E	64	남자	가스 배관공	전북	전북-남원시	#고디지털 #직장인	신용도 씨는 남원에서 가스 배관공으로 일하며 디지털 기술을 수용하는 유연함과 당뇨 관리를 위한 성실함을 겸비한, 다정한 성격의…
E0502	E	62	남자	그 외 하역 및 적재 단순 종사원	경상북	경상북-영주시	#저디지털 #직장인	황동주 씨는 소백산 자락 영주에서 정직한 노동의 가치를 믿으며 살아가는, 투박하지만 성실한 60대 하역 노동자입니다.
E0503	E	78	남자	전직 건물 경비원, 현재 구직중	경기	경기-파주시	#비경제활동 #저디지털 #접근성	김정호 씨는 파주에서 평생을 성실하게 일해 온 전직 농부이자 경비원으로, 현재는 고혈압과 외로움을 안은 채 소소한 사진 찍기와…
E0504	E	65	남자	철도 고가 전선 가설원	경기	경기-부천시 오정구	#저디지털 #직장인	이의석 씨는 철도 가설 현장의 완벽주의 베테랑이자, 무뚝뚝하지만 가족을 깊이 아끼는 부천의 60대 가장입니다.
E0505	E	69	여자	전직 그 외 상점 판매원, 현재 구직중	울산	울산-남구	#비경제활동 #저디지털	엄달분 씨는 울산 공단 지역의 성장을 지켜본 생활력 강한 전직 판매원으로, 현재는 소박한 일자리와 가족, 그리고 작은 정원을 …
E0506	E	65	남자	철로 보수원	경상남	경상남-창원시 마산합포구	#저디지털 #직장인	김동현 씨는 마산의 철길을 지켜온 성실한 기술자이자, 가족을 위해 헌신하며 소박한 이웃 관계에서 행복을 찾는 60대 가장입니다…
E0507	E	88	여자	그 외 서비스 관련 단순 종사원	인천	인천-계양구	#저디지털 #접근성 #직장인	인귀남 씨는 인천 계양구에서 3세대 가족을 보듬으며, 부동산 관리 업무와 텃밭 가꾸기를 통해 성실하고 강인하게 살아가는 88세…
E0508	E	72	여자	그 외 상점 판매원	대구	대구-달성군	#저디지털 #접근성 #직장인	전효자 씨는 대구 달성군에서 성실하게 상점 판매원으로 일하며 임영웅의 노래와 조각보 공예, 비슬산 산책으로 삶의 여유를 찾는 …
E0509	E	69	여자	단말기 및 통신 서비스 판매원	부산	부산-강서구	#저디지털 #직장인	유희숙 씨는 부산 강서구에서 통신 매장을 운영하며 배드민턴과 종교 활동으로 활기찬 노년을 보내는, 정갈하고 책임감 강한 60대…
E0510	E	66	여자	주차 관리원	인천	인천-강화군	#저디지털 #직장인	김순화 씨는 강화도에서 주차 관리원으로 일하며 성실하게 삶을 일구는 60대 여성으로, 소박한 일상의 안정을 소중히 여기는 현실…
E0511	E	78	남자	석 공예원	인천	인천-남동구	#저디지털 #접근성 #직장인	김병영 씨는 인천 남동구에서 평생 돌을 깎아온 숙련된 석공이자, 분식집 친구들과의 수다와 아내와의 산책에서 행복을 찾는 정 많…
E0512	E	68	남자	식품 영업원	인천	인천-서구	#저디지털 #직장인	박광열 씨는 인천 서구의 지리에 밝은 베테랑 식품 영업원으로, 투박한 겉모습 속에 세심한 배려와 외로움을 간직한 채 일상의 평…
E0513	E	67	남자	전직 매장 계산원, 현재 구직중	서울	서울-중랑구	#비경제활동 #저디지털	현태희 씨는 중랑구 망우동의 변화를 지켜보며 성실하게 살아온 우리 시대의 아버지로, 꼼꼼한 일 처리 능력과 자녀를 향한 깊은 …
E0514	E	75	남자	전직 자재 관리 사무원, 현재 구직중	경기	경기-성남시 분당구	#비경제활동 #저디지털 #접근성 #테크회의론	김승조 씨는 법과 행정 지식을 바탕으로 철저한 자기관리와 정밀한 기록 습관을 지닌 분당 거주 75세 전직 사무원입니다.
E0515	E	64	남자	그 외 배달원	경기	경기-의정부시	#직장인	이철근 씨는 의정부 지리에 능숙한 60대 배달원으로, 당뇨와 비만을 안고 있지만 자가 아파트에서 아내와 평온한 노후를 꿈꾸는 …
E0516	E	69	여자	그 외 하역 및 적재 단순 종사원	서울	서울-양천구	#저디지털 #직장인	양강희 씨는 양천구 하역 현장에서 일하며 당뇨 관리와 자녀 부양을 꿋꿋하게 해내는, 털털하고 사교적인 성격의 60대 여성입니다…
E0517	E	72	남자	구두 미화원	충청북	충청북-충주시	#저디지털 #접근성 #직장인	전찬웅 씨는 충주 무학시장 인근에서 구두를 닦으며 살아가는 72세 남성으로, 사별의 외로움을 가족의 소란스러움과 임영웅의 노래…
E0518	E	74	남자	전직 지게차 운전원, 현재 구직중	서울	서울-동대문구	#비경제활동 #저디지털 #접근성	정광수 씨는 동대문구에서 평생을 보낸 숙련된 지게차 운전원으로, 건강 관리와 재취업 사이에서 고민하며 유튜브와 산책으로 소소한…
E0519	E	68	남자	전직 그 외 하역 및 적재 단순 종사원, 현재 구직중	강원	강원-강릉시	#비경제활동 #저디지털 #테크회의론	김판수 씨는 강릉의 지역 정서와 현대적 유연함을 모두 갖춘 60대 가장으로, 성실한 노동의 가치를 믿으며 건강한 사회적 관계 …
E0520	E	60	남자	기업 고위 임원	충청북	충청북-청주시 상당구	#직장인	이창식 씨는 충청도의 넉넉한 인심과 물류 전문가로서의 역량을 모두 갖춘, 은퇴 후의 상생을 꿈꾸는 유연하고 외향적인 60대 남…
E0521	E	64	남자	강구조물 가공원	경기	경기-수원시 권선구	#직장인	김주석 씨는 수원의 도시 변화를 지켜보며 철골 가공 기술을 갈고닦은 숙련공이자, 가족과 건강을 소중히 여기며 소박한 은퇴 후의…
E0522	E	62	남자	철도교통 관제사	경기	경기-김포시	#직장인	최용욱 씨는 정밀한 관제 능력과 유연한 사고를 지닌 60대 베테랑 철도인으로, 가족과 친구를 아끼며 소박한 일상의 즐거움을 찾…
E0523	E	69	남자	의료 서비스 상담 종사원	부산	부산-부산진구	#저디지털 #직장인 #테크회의론	홍준 씨는 부산진구에서 의료 서비스 상담원으로 일하며 성실함과 세심함으로 삶을 일궈온, 아내와 함께하는 소박한 일상을 소중히 …
E0524	E	65	남자	대형 화물차 운전원	경기	경기-여주시	#저디지털 #직장인	김진수 씨는 성실하게 운전대를 잡아온 여주의 베테랑 화물차 운전원으로, 부모님 부양과 가족의 평온한 일상을 지키기 위해 묵묵히…
E0525	E	83	여자	주방 보조원	서울	서울-영등포구	#저디지털 #접근성 #직장인	박향월 씨는 영등포 시장의 살아있는 전설 같은 주방 보조원이자, 스마트폰 카메라로 세상을 기록하는 여든세 살의 다정한 할머니입…
E0526	E	67	남자	전직 이삿짐 운반원, 현재 구직중	서울	서울-관악구	#비경제활동 #저디지털 #테크회의론	이종화 씨는 서울의 급격한 팽창기를 이삿짐 운반원으로 버텨온 성실한 가장이었으며, 현재는 자가 아파트에서 가족의 사랑과 식도락…
E0527	E	68	남자	농업용 기계장비 기술 영업원	전라남	전라남-완도군	#저디지털 #직장인	박일수 씨는 정보통신기술 전공을 살려 완도 농가에 최신 기계를 보급하는 기술 영업원이자, 전남의 맛을 찾아다니는 소탈한 60대…
E0528	E	62	여자	전직 건물 경비원, 현재 구직중	부산	부산-금정구	#비경제활동 #테크회의론	김복순 씨는 금정구의 넉살 좋은 이웃이자, 임영웅의 노래와 까르보나라로 외로움을 달래며 다시 사회로 나갈 준비를 하는 60대 …
E0529	E	83	남자	그 외 하역 및 적재 단순 종사원	경기	경기-포천시	#저디지털 #접근성 #직장인	이장락 씨는 포천의 도매 시장에서 평생을 바친 성실한 노동자이자, 아내와 함께하는 소박한 일상을 지키려는 강인한 의지를 가진 …
E0530	E	72	여자	관리 비서	서울	서울-서초구	#고디지털 #접근성 #직장인	이경애 씨는 서초구에서 성실하게 관리 비서로 일하며, 신앙생활과 소박한 취미를 통해 삶의 균형을 잡고 자녀들에게 당당한 어머니…
E0531	E	68	남자	그 외 하역 및 적재 단순 종사원	전라남	전라남-목포시	#저디지털 #직장인	박종태 씨는 목포항의 짠내와 사람 냄새가 배어있는 하역 작업 전문가이자, 스마트폰과 맛집 영상에 푹 빠져 사는 유쾌한 독거 어…
E0532	E	70	남자	그 외 택배원	경상남	경상남-거제시	#저디지털 #접근성 #직장인	이호연 씨는 거제의 길을 손바닥 보듯 꿰고 있는 70대 택배원으로, 소박한 수입과 건강한 일상을 유지하며 아내와 함께하는 평범…
E0533	E	72	남자	항타기 운전원	강원	강원-양양군	#저디지털 #접근성 #직장인	김태진 씨는 양양에서 정직하게 땀 흘려 일하며 이웃과 가족을 아끼는, 투박하지만 속 깊은 베테랑 항타기 운전원입니다.
E0534	E	76	여자	음식 서비스 종사원	제주	제주-제주시	#저디지털 #접근성 #직장인	문영자 씨는 제주시의 작은 식당에서 베테랑으로 일하며 강인한 생명력과 다정함을 동시에 지닌, 소박한 행복을 추구하는 76세 할…
E0535	E	65	여자	건설 단순 종사원	경기	경기-안양시 동안구	#저디지털 #직장인	조정순 씨는 안양에서 건설 현장 일을 하며 넉살 좋게 살아가는 65세 여성으로, 트로트와 산책을 즐기며 가족을 위해 성실히 일…
E0536	E	61	남자	연삭기 및 연마기 조작원	경기	경기-화성시	#저디지털 #직장인	박남식 씨는 화성의 숙련된 정밀 가공 기술자로, 외로운 일상을 종교와 사회활동으로 채우며 소박한 은퇴를 준비하는 60대 남성입…
E0537	E	60	여자	요양 보호사	경기	경기-고양시 덕양구	#직장인	이쌍례 씨는 고양시 덕양구에서 성실하게 요양보호사로 근무하며, 임영웅의 노래와 배드민턴, 그리고 가족에 대한 깊은 사랑으로 일…
E0538	E	63	남자	전직 중고차 영업원, 현재 구직중	경기	경기-부천시 오정구	#가격깐깐 #고디지털 #보안민감 #비경제활동 #테크회의론	김용하 씨는 중고차 영업의 치열함을 뒤로하고 부천의 조용한 골목 안에서 소박한 안식과 규칙적인 삶의 시작을 기다리는 60대 가…
E0539	E	65	남자	그 외 자동차 운전원	전라남	전라남-목포시	#저디지털 #직장인 #테크회의론	서희수 씨는 법학 전공의 지적 배경과 베테랑 운전사의 실무 능력을 동시에 갖춘 목포의 중년 남성으로, 소박한 취미와 가족에 대…
E0540	E	62	남자	인사 및 노무 사무원	경기	경기-남양주시	#고디지털 #약관정독 #직장인	이준상 씨는 남양주에서 노무 사무원으로 일하며 손주들과의 삶에서 행복을 찾는, 온화하고 합리적인 성격의 60대 가장입니다.
E0541	E	62	남자	가죽 및 모피 수선원	경기	경기-양주시	#직장인	김신복 씨는 양주에서 정밀한 가죽 수선 기술로 삶을 일궈온 숙련공이자, 반려견과의 산책과 피부 관리를 즐기며 새로운 문화를 유…
E0542	E	70	남자	국가행정 사무원	인천	인천-남동구	#가격깐깐 #고디지털 #약관정독 #접근성 #직장인 #테크회의론	허화열 씨는 인천 남동구에서 평생을 보낸 강박적일 만큼 성실한 행정 전문가이자, 중식당의 면발 탄력과 야구 기록지에 집착하는 …
E0543	E	66	남자	토목 제도사	경기	경기-수원시 권선구	#저디지털 #직장인	민순철 씨는 꼼꼼한 성격의 베테랑 토목 제도사로, 광교산 산행과 배드민턴으로 활력을 얻으며 소박한 일상 속에서 가족과의 조화를…
E0544	E	68	남자	전직 철도운송 관련 종사원, 현재 구직중	대구	대구-동구	#비경제활동 #저디지털 #테크회의론	이영길 씨는 대구 동구에서 철도 운송업에 종사했던 책임감 강한 68세 남성으로, 현재는 안정적인 주거 환경 속에서 새로운 사회…
E0545	E	63	남자	폐기물 처리 기술자 및 연구원	경기	경기-용인시 기흥구	#약관정독 #저디지털 #직장인	김종무 씨는 용인 기흥에서 거주하며 폐기물 처리 분야의 숙련된 기술과 정겨운 인간관계를 통해 삶의 보람을 찾는 60대 가장입니…
E0546	E	74	여자	그 외 돌봄 및 보건 서비스 종사원	경기	경기-고양시 덕양구	#저디지털 #접근성 #직장인	이금자 씨는 덕양구에서 요양 보호사로 일하며 타인을 돌보는 보람과 꽃 구경의 즐거움을 함께 누리는 따뜻하고 사교적인 70대 여…
E0547	E	74	남자	농업 단순 종사원	전북	전북-정읍시	#저디지털 #접근성 #직장인	고종한 씨는 전북 정읍의 흙내음과 함께 살아온 넉살 좋은 농업 종사자로, 라디오와 이웃 간의 정을 사랑하며 소박한 내 집 마련…
E0548	E	63	남자	플랜트공학 기술자 및 연구원	부산	부산-서구	#저디지털 #직장인	한원영 씨는 부산 서구에서 플랜트 공학 전문가로 활동하며, 꼼꼼한 성격과 성실함으로 성공적인 커리어를 쌓아온 고소득의 중년 남…
E0549	E	71	남자	바텐더	대구	대구-달서구	#저디지털 #접근성 #직장인	정화영 씨는 공학적 정밀함으로 칵테일을 조주하는 71세의 바텐더로, 강박적인 성실함과 사교적인 면모를 동시에 지닌 대구의 어르…
E0550	E	64	남자	농업용 기계장비 기술 영업원	경상북	경상북-청도군	#직장인	김정명 씨는 청도에서 농기계 기술 영업원으로 일하며, 무뚝뚝한 외면 속에 따뜻한 배려심과 기계적 전문성을 동시에 갖춘 60대 …
E0551	E	67	남자	강구조물 건립원	울산	울산-중구	#저디지털 #직장인	송완재 씨는 울산의 철골 현장을 지켜온 숙련공이자, 가족의 평온한 일상을 무엇보다 소중히 여기는 책임감 강한 가장입니다.
E0552	E	61	여자	그 외 특수교육 교사	경기	경기-용인시 처인구	#직장인	박순남 씨는 용인에서 30년간 아이들의 마음을 읽어온 베테랑 특수교사로, 건강 관리의 어려움 속에서도 반려견과 가족, 친구들과…
E0553	E	67	남자	그 외 건설 관련 기능 종사원	전북	전북-익산시	#저디지털 #직장인	장중식 씨는 30년 경력의 꼼꼼한 건설 기능공이자, 아내와 함께 전국의 노포를 유랑하며 삶의 풍요를 찾는 익산의 성실한 가장입…
E0554	E	63	남자	그 외 하역 및 적재 단순 종사원	서울	서울-노원구	#저디지털 #직장인	김재철 씨는 노원구 하역장에서 묵묵히 일하며 KBO 리그와 궁궐 산책으로 삶의 균형을 잡는, 투박하지만 정 많은 60대 아버지…
E0555	E	60	남자	자재 관리 사무원	인천	인천-계양구	#고디지털 #직장인	서상경 씨는 성실함과 책임감으로 가족을 부양해 온 인천의 자재 관리 전문가이자, 건강에 대한 불안과 가부장적인 고집을 동시에 …
E0556	E	65	남자	그 외 택배원	서울	서울-동대문구	#저디지털 #직장인	김오섭 씨는 동대문구 골목길에 능통한 베테랑 택배원이자, 배우자와의 별거라는 아픔을 자녀들과의 유대감과 소박한 취미로 이겨내며…
E0557	E	73	여자	그 외 사회복지 관련 종사원	경기	경기-광명시	#저디지털 #접근성 #직장인	채숙 씨는 광명시에서 사회복지사로 일하며 이웃들과 어울리고 배드민턴과 숲길 산책으로 건강을 챙기는, 정 많고 소박한 70대 여…
E0558	E	67	남자	건설 단순 종사원	경상남	경상남-김해시	#저디지털 #직장인	박장섭 씨는 김해 건설 현장에서 평생을 보낸 성실한 노동자로, 자가 아파트와 소박한 소득 속에서 가족과의 안정을 최우선으로 여…
E0559	E	69	남자	예약 및 접수 사무원	경기	경기-평택시	#고디지털 #직장인	유정국 씨는 평택의 급격한 산업화를 몸소 겪으며 실용적인 삶의 태도를 익힌, 성실한 직장인이자 건강한 노후를 준비하는 60대 …
E0560	E	69	여자	간호조무사	경상남	경상남-진주시	#저디지털 #직장인	최기순 씨는 진주에서 성실하게 근무하는 베테랑 간호조무사이자, 식도락 여행과 임영웅의 노래로 일상의 활력을 찾는 60대 여성입…
E0561	E	62	남자	단조원	부산	부산-서구	#직장인	김민호 씨는 부산 서구에서 평생을 보낸 성실한 단조 숙련공으로, 사교적인 성격과 꼼꼼한 일 처리 능력을 갖췄지만 당뇨와 비만이…
E0562	E	63	남자	상·하수 배관공	경기	경기-파주시	#직장인	현해성 씨는 파주의 현장에서 평생을 보낸 숙련된 배관공이자, 가족과 함께 건강한 노후를 준비하는 성실하고 책임감 강한 60대 …
E0563	E	66	남자	가스 및 에너지 시험원	서울	서울-관악구	#저디지털 #직장인	박규태 씨는 관악구 토박이 가스 시험원으로서 기술적 자부심과 이웃 사랑을 겸비했으며, 실용적인 삶의 태도로 안정적인 노후를 준…
E0564	E	64	여자	수동 포장원	경상북	경상북-성주군	#직장인	이순자 씨는 성주 참외 포장의 숙련된 기술과 따뜻한 공감 능력을 갖춘, 가족과 이웃을 아끼는 60대 여성입니다.
E0565	E	67	남자	중식 조리사	대구	대구-동구	#저디지털 #직장인	최상용 씨는 대구 동구에서 평생을 중식 조리사로 살아오며 가족을 위해 헌신한, 투박한 경상도 정서와 세심한 배려심을 가진 60…
E0566	E	77	남자	체인점 모집 및 관리 영업원	서울	서울-서대문구	#저디지털 #접근성 #직장인	강형오 씨는 수학적 정교함과 영업의 유연함을 동시에 갖춘 채, 소박한 노동의 가치와 역사적 정취를 사랑하며 살아가는 70대 가…
E0567	E	87	여자	보육 관련 시설 서비스 종사원	충청북	충청북-충주시	#저디지털 #접근성 #직장인	주영자 씨는 중학교 교육의 자부심과 보육 전문가로서의 내공을 가진 충주의 87세 어르신으로, 독립적인 삶의 궤적을 지나 이제는…
E0568	E	64	여자	그 외 음료 조리사	세종	세종-세종시	#고디지털 #직장인 #테크회의론	신은희 씨는 공학적 꼼꼼함으로 음료를 제조하는 60대 베테랑 조리사이자, 세종시의 평온한 일상 속에서 운동과 휴식의 균형을 찾…
E0569	E	69	여자	그 외 하역 및 적재 단순 종사원	서울	서울-양천구	#저디지털 #직장인	이순자 씨는 신월동 도매시장의 베테랑 하역 노동자로, 넉넉한 인심과 꼼꼼한 일 처리 능력을 갖췄지만 건강 관리와 고독감이라는 …
E0570	E	73	남자	수동 포장원	경기	경기-양주시	#저디지털 #접근성 #직장인	박국형 씨는 양주에서 수동 포장원으로 일하며 예술적 감수성과 성실함을 간직한 채 아내와 소박한 노후를 보내는 70대 남성입니다…
E0571	E	71	여자	그 외 제도사	부산	부산-남구	#저디지털 #접근성 #직장인 #테크회의론	이해숙 씨는 부산 남구에서 정밀 제도사로 일하며, 이기대 산책과 빵집 투어를 즐기고 가족과 지인에게 기대어 외로움을 달래는 강…
E0572	E	69	남자	주방장	부산	부산-사하구	#저디지털 #직장인	한재영 씨는 부산 사하구에서 수십 년간 주방을 지켜온 베테랑 요리사로, 투박한 겉모습 속에 가족과 동료에 대한 깊은 애정을 품…
E0573	E	67	여자	수동 포장원	서울	서울-노원구	#저디지털 #직장인	최민경 씨는 노원구의 대가족을 책임지는 강인한 살림꾼이자, 숙련된 포장공으로서 성실하게 살아오며 가족의 행복에서 삶의 의미를 …
E0574	E	78	남자	정육가공원	경기	경기-부천시 원미구	#저디지털 #접근성 #직장인	이상오 씨는 부천에서 평생 정육 기술 하나로 가족을 부양해온 성실한 가장이며, 현재는 건강 관리와 소박한 여가 생활을 통해 삶…
E0575	E	65	남자	관광버스 운전원	서울	서울-구로구	#저디지털 #직장인	강재관 씨는 구로공단의 성실함을 가슴에 품고 전국의 도로를 누비며 가족을 부양해 온, 겉은 무뚝뚝하지만 속은 깊은 베테랑 운전…
E0576	E	68	남자	그 외 하역 및 적재 단순 종사원	충청남	충청남-당진시	#저디지털 #직장인	한광현 씨는 당진의 성실한 하역 노동자이자, 건강 관리와 지역 축제 여행으로 노년의 활력을 찾는 다정하고 세심한 가장입니다.
E0577	E	64	남자	자재 관리 사무원	경기	경기-부천시 오정구	#고디지털 #직장인	김원섭 씨는 부천 오정구의 건설 자재 관리 전문가이자, 당뇨와 복부비만이라는 건강 숙제를 안고 살아가면서도 가족과 함께하는 소…
E0578	E	88	여자	개인 생활 서비스 종사원	충청남	충청남-공주시	#저디지털 #접근성 #직장인	김정자 씨는 공주에서 반려견과 함께 살며 소일거리로 경제적 독립을 유지하고, 꼼꼼한 성격과 소박한 취미로 노년의 삶을 주체적으…
E0579	E	70	남자	강구조물 건립원	전북	전북-전주시 완산구	#가격깐깐 #저디지털 #접근성 #직장인	이영창 씨는 정밀한 철골 기술과 따뜻한 나무의 감성을 동시에 품은 채, 내면의 불안을 성실함과 기록으로 이겨내며 살아가는 전주…
E0580	E	67	여자	그 외 돌봄 및 보건 서비스 종사원	서울	서울-강남구	#가격깐깐 #저디지털 #직장인	정미옥 씨는 강남의 변화를 지켜본 성실한 요양보호사로, 알뜰한 살림 솜씨와 가족과 함께하는 온천 여행을 즐기는 안정적인 삶을 …
E0581	E	60	남자	소방설계 기술자 및 연구원	충청북	충청북-충주시	#약관정독 #저디지털 #직장인	한진홍 씨는 충주 남한강의 정취 속에 살며 가족을 위해 헌신하는 소방설계 기술자로, 꼼꼼한 직업 정신과 푸근한 인품 뒤에 고혈…
E0582	E	63	남자	게임 프로그래머	전라남	전라남-나주시	#고디지털 #직장인	구민수 씨는 나주에서 활동하는 60대 게임 프로그래머로, 논리적인 공학적 사고와 전남의 여유로운 정서를 동시에 지닌 실용적인 …
E0583	E	73	여자	그 외 청소원	충청남	충청남-서산시	#저디지털 #접근성 #직장인	김은연 씨는 서산의 공장 청소원으로 일하며 성실함과 싹싹함으로 주변을 밝히는, 소박하지만 자립적인 삶을 살아가는 73세 할머니…
E0584	E	68	남자	전기 용접원	서울	서울-영등포구	#저디지털 #직장인	장경수 씨는 평생을 정밀한 용접 기술에 바친 성실한 기술자이자, 영등포의 정취와 소박한 한식을 사랑하는 푸근한 성격의 아버지입…
E0585	E	66	남자	그 외 하역 및 적재 단순 종사원	울산	울산-북구	#저디지털 #직장인	김남두 씨는 울산 금속 공단의 베테랑 하역원으로서, 성실함으로 일궈낸 자가 아파트와 가족에 대한 책임감을 삶의 긍지로 여기며 …
E0586	E	62	여자	그 외 기능 관련 종사원	경기	경기-고양시 덕양구	#저디지털 #직장인	이선 씨는 고양시에서 성실하게 일하며 가족의 안정을 꿈꾸는, 유연한 사고와 따뜻한 포용력을 가진 60대 여성입니다.
E0587	E	61	남자	연예인 매니저	경기	경기-수원시 권선구	#직장인	이만석 씨는 화려한 연예계의 뒷면을 지탱하는 세심한 매니저이자, 수원 권선구에서 소박한 일상과 전원생활의 꿈을 가꾸며 살아가는…
E0588	E	65	여자	보육교사	충청북	충청북-청주시 청원구	#저디지털 #직장인 #테크회의론	우행순 씨는 청주의 조용한 단독주택에서 꽃과 책을 사랑하며, 아이들의 마음을 세밀하게 보살피는 학구적인 성품의 보육교사입니다.
E0589	E	60	여자	자동 재봉설비 조작원	충청남	충청남-아산시	#직장인	오명순 씨는 30년 경력의 재봉 숙련공이자 식도락과 인테리어에 진심인 독립적인 60대 여성입니다.
E0590	E	60	남자	매장 정리원	인천	인천-남동구	#직장인	김기범 씨는 인천 남동구에서 성실하게 매장을 정리하며 살아온 60대 가장으로, 사진과 사우나를 통해 삶의 여유를 찾는 현실적인…
E0591	E	73	남자	그 외 상점 판매원	부산	부산-중구	#저디지털 #접근성 #직장인	최영필 씨는 국제시장의 노련함과 부산 사나이의 무심함을 가졌지만, 속마음은 누구보다 따뜻하고 성실한 70대 가장입니다.
E0592	E	66	여자	제빵사 및 제과원	인천	인천-남동구	#저디지털 #직장인	공경미 씨는 인천 남동구에서 숙련된 기술로 빵을 굽는 제빵사이자, 가족의 안녕과 건강을 최우선으로 생각하며 성실하게 살아가는 …
E0593	E	78	남자	산업 특화 소프트웨어 프로그래머	경기	경기-용인시 기흥구	#고디지털 #접근성 #직장인 #테크회의론	김운혁 씨는 천공카드 시절의 원칙과 최신 디지털 환경을 동시에 다루는 용인의 베테랑 소프트웨어 프로그래머이자, 소박한 텃밭과 …
E0594	E	65	남자	수동 포장원	경상북	경상북-예천군	#저디지털 #직장인	엄인기 씨는 예천에서 성실하게 일하며 가족과 소박한 행복을 찾는, 정 많고 책임감 강한 65세의 수동 포장원입니다.
E0595	E	63	남자	철도운송 관련 종사원	경기	경기-구리시	#직장인	조정배 씨는 철도 현장의 안전을 책임져온 성실한 숙련공이자, 가족과 소박한 일상을 나누며 정년을 기다리는 인자하고 꼼꼼한 아버…
E0596	E	70	남자	그 외 운송장비 정비원	대전	대전-서구	#저디지털 #접근성 #직장인	오재도 씨는 대전에서 정비업과 임대업을 하며 성실하게 살아왔지만, 내면에는 건강과 경제적 독립에 대한 불안함을 안고 살아가는 …
E0597	E	86	남자	토목 관련 관리자	경기	경기-용인시 수지구	#저디지털 #접근성 #직장인	백덕수 씨는 토목 현장의 정밀함과 인문학적 감성을 동시에 품은 채, 가족과 역사라는 단단한 뿌리 위에서 성실하게 노년을 보내는…
E0598	E	60	여자	방역원	경기	경기-김포시	#저디지털 #직장인	김미중 씨는 김포에서 성실하게 살아온 방역 전문가이자, 이웃과의 정과 소박한 일상의 여유를 소중히 여기는 60대 여성입니다.
E0599	E	76	남자	중형 화물차 운전원	경기	경기-수원시 장안구	#저디지털 #접근성 #직장인	권우용 씨는 수원에서 평생을 성실하게 살아온 중형 화물차 운전원으로, 자가 아파트와 가족이라는 안정 속에서 소박한 일상의 행복…
E0600	E	69	남자	아파트 경비원	경기	경기-의정부시	#저디지털 #직장인	이왕태 씨는 의정부의 투박한 정서와 성실함을 간직한 채, 꽃과 노래, 그리고 막걸리 한 잔으로 삶의 외로움을 달래며 묵묵히 자…
